city_id,metric,python_export_value,duckdb_source_value,absolute_difference,absolute_tolerance,relative_tolerance,effective_tolerance,tolerance,passed
CHN,bins,1000.0,1000.0,0.0,0.0,1e-07,9.999999999999999e-05,0.0,True
CHN,collected_kg,16150625.303025998,16150625.18760395,0.11542204767465591,0.01,1e-07,1.625062518760395,0.01,True
CHN,daily_collected_kg,16150625.673508286,16150625.673508286,0.0,0.01,1e-07,1.6250625673508285,0.01,True
CHN,fill_pct,51.24653161893743,51.24653161893742,1.4210854715202004e-14,1e-07,1e-07,5.224653161893742e-06,1e-07,True
CHN,overflow_slot_pct,11.459771689497718,11.459771689497718,0.0,1e-07,1e-07,1.2459771689497719e-06,1e-07,True
CHN,generated_l_per_bin_day,416.21742730265015,416.2174273026502,5.684341886080802e-14,1e-06,1e-07,4.262174273026502e-05,1e-06,True
CHN,overflow_days,144913.0,144913.0,0.0,0.0,1e-07,0.014491299999999999,0.0,True
CHN,completed_collections,210221.0,210221.0,0.0,0.0,1e-07,0.0210221,0.0,True
CHN,early_success_pct,0.06326675260796971,0.06326675260796971,0.0,1e-07,1e-07,1.0632667526079697e-07,1e-07,True
CHN,late_risk_attempt_pct,50.50169209760732,50.50169209760732,0.0,1e-07,1e-07,5.150169209760731e-06,1e-07,True
CHN,required_bins,586.0,586.0,0.0,0.0,1e-07,5.8599999999999995e-05,0.0,True
CHN,high_priority_bins,36.0,36.0,0.0,0.0,1e-07,3.6e-06,0.0,True
CHN,forecast_trigger_bins,586.0,586.0,0.0,0.0,1e-07,5.8599999999999995e-05,0.0,True
CHN,baseline_km,57.34388166890512,57.34388166890512,0.0,1e-06,1e-07,6.734388166890511e-06,1e-06,True
CHN,optimized_km,45.4983313184506,45.4983313184506,0.0,1e-06,1e-07,5.54983313184506e-06,1e-06,True
CHN,saved_km,11.845550350454523,11.845550350454523,0.0,1e-06,1e-07,2.1845550350454525e-06,1e-06,True
CHN,distance_reduction_pct,20.6570430980744,20.65704309807441,1.0658141036401503e-14,1e-06,1e-07,3.0657043098074405e-06,1e-06,True
CHN,pilot_bins_serviced,36.0,36.0,0.0,0.0,1e-07,3.6e-06,0.0,True
CHN,optimized_truck_km,45.498331318450596,45.4983313184506,7.105427357601002e-15,1e-06,1e-07,5.54983313184506e-06,1e-06,True
CHN,reserved_truck_capacity_pct,69.88888888888889,69.88888888888889,0.0,1e-07,1e-07,7.088888888888888e-06,1e-07,True
CHN,fuel_saved_l,2.632344522323228,2.632344522323228,0.0,1e-06,1e-07,1.2632344522323228e-06,1e-06,True
CHN,fuel_cost_saved_inr_proxy,243.202310417443,243.202310417443,0.0,1e-06,1e-07,2.5320231041744298e-05,1e-06,True
CHN,travel_minutes_saved,27.070631041637387,27.070631041637387,0.0,1e-06,1e-07,3.7070631041637387e-06,1e-06,True
CHN,modeled_spill_avoided_l,11.063418809686295,11.063418809686295,0.0,1e-06,1e-07,2.1063418809686295e-06,1e-06,True
CHN,forecast_known_test_mae_pp,8.16664987849616,8.16664987849616,0.0,1e-06,1e-07,1.816664987849616e-06,1e-06,True
CHN,forecast_near_full_recall_pct,56.17845814370431,56.17845814370431,0.0,1e-06,1e-07,6.61784581437043e-06,1e-06,True
CBE,bins,500.0,500.0,0.0,0.0,1e-07,4.9999999999999996e-05,0.0,True
CBE,collected_kg,7301803.860715301,7301803.814810276,0.045905024744570255,0.01,1e-07,0.7401803814810276,0.01,True
CBE,daily_collected_kg,7301804.02697845,7301804.026978447,2.7939677238464355e-09,0.01,1e-07,0.7401804026978447,0.01,True
CBE,fill_pct,48.60202821059194,48.602028210591975,3.552713678800501e-14,1e-07,1e-07,4.960202821059197e-06,1e-07,True
CBE,overflow_slot_pct,8.906027397260274,8.906027397260274,0.0,1e-07,1e-07,9.906027397260273e-07,1e-07,True
CBE,generated_l_per_bin_day,368.23837327916203,368.23837327916203,0.0,1e-06,1e-07,3.78238373279162e-05,1e-06,True
CBE,overflow_days,57151.0,57151.0,0.0,0.0,1e-07,0.0057151,0.0,True
CBE,completed_collections,99570.0,99570.0,0.0,0.0,1e-07,0.009956999999999999,0.0,True
CBE,early_success_pct,0.16370392688560811,0.16370392688560811,0.0,1e-07,1e-07,1.1637039268856081e-07,1e-07,True
CBE,late_risk_attempt_pct,42.68483165567511,42.68483165567511,0.0,1e-07,1e-07,4.368483165567511e-06,1e-07,True
CBE,required_bins,247.0,247.0,0.0,0.0,1e-07,2.4699999999999997e-05,0.0,True
CBE,high_priority_bins,11.0,11.0,0.0,0.0,1e-07,1.1e-06,0.0,True
CBE,forecast_trigger_bins,247.0,247.0,0.0,0.0,1e-07,2.4699999999999997e-05,0.0,True
CBE,baseline_km,38.45702484766738,38.45702484766738,0.0,1e-06,1e-07,4.845702484766737e-06,1e-06,True
CBE,optimized_km,27.974306340578504,27.974306340578504,0.0,1e-06,1e-07,3.79743063405785e-06,1e-06,True
CBE,saved_km,10.48271850708888,10.48271850708888,0.0,1e-06,1e-07,2.048271850708888e-06,1e-06,True
CBE,distance_reduction_pct,27.25826698402205,27.258266984022065,1.4210854715202004e-14,1e-06,1e-07,3.725826698402206e-06,1e-06,True
CBE,pilot_bins_serviced,34.0,34.0,0.0,0.0,1e-07,3.3999999999999996e-06,0.0,True
CBE,optimized_truck_km,27.9743063405785,27.974306340578504,3.552713678800501e-15,1e-06,1e-07,3.79743063405785e-06,1e-06,True
CBE,reserved_truck_capacity_pct,69.94444444444444,69.94444444444444,0.0,1e-07,1e-07,7.094444444444444e-06,1e-07,True
CBE,fuel_saved_l,2.3294930015753064,2.3294930015753064,0.0,1e-06,1e-07,1.2329493001575305e-06,1e-06,True
CBE,fuel_cost_saved_inr_proxy,215.22185841554256,215.22185841554256,0.0,1e-06,1e-07,2.2522185841554255e-05,1e-06,True
CBE,travel_minutes_saved,33.08315195939534,33.08315195939534,0.0,1e-06,1e-07,4.308315195939533e-06,1e-06,True
CBE,modeled_spill_avoided_l,6.099452950148589,6.099452950148589,0.0,1e-06,1e-07,1.6099452950148588e-06,1e-06,True
CBE,forecast_known_test_mae_pp,7.686791313000368,7.686791313000368,0.0,1e-06,1e-07,1.7686791313000368e-06,1e-06,True
CBE,forecast_near_full_recall_pct,57.97344984036297,57.97344984036297,0.0,1e-06,1e-07,6.797344984036296e-06,1e-06,True
