city_id,zone_key,observed_days,bin_days,generated_l_per_bin_day,overflow_l_per_bin_day,completed_per_bin_day,required_bins,access_review_bins,city_overflow_rank,boundary_version,source_id,boundary_origin
CBE,CBE:055,365,1825.0,619.2909955978557,94.31091673670771,0.6301369863013698,5,0,1,2024_per_opencity_metadata,S26,real
CBE,CBE:052,365,1825.0,539.7462670314924,89.93392294491807,0.6717808219178082,5,0,2,2024_per_opencity_metadata,S26,real
CBE,CBE:057,365,1825.0,599.5906176809865,87.84941414886958,0.5747945205479452,4,0,3,2024_per_opencity_metadata,S26,real
CBE,CBE:017,365,1825.0,597.837479091599,85.51568521856446,0.6816438356164384,4,0,4,2024_per_opencity_metadata,S26,real
CBE,CBE:032,365,1825.0,553.6600048777665,80.41047745075944,0.6553424657534247,3,0,5,2024_per_opencity_metadata,S26,real
CHN,CHN:108,365,1825.0,741.7172220358375,123.71674252937102,0.7320547945205479,3,0,1,unverified_2026_09_23_snapshot,S08,official
CHN,CHN:129,365,1825.0,650.8722719854361,108.84616693653881,0.7632876712328767,5,0,2,unverified_2026_09_23_snapshot,S08,official
CHN,CHN:167,365,1825.0,671.6052202258943,108.63553184819548,0.7068493150684931,5,0,3,unverified_2026_09_23_snapshot,S08,official
CHN,CHN:169,365,1825.0,664.1086251503107,106.7703256423996,0.6969863013698631,3,0,4,unverified_2026_09_23_snapshot,S08,official
CHN,CHN:050,365,1825.0,633.4047696100196,105.94574151256721,0.8153424657534246,5,0,5,unverified_2026_09_23_snapshot,S08,official
