asset_id,source_id,resource_url,retrieved_at_utc,publication_date,coverage_start,coverage_end,native_grain,geography_version,source_units,crs,license_decision,local_path,bytes,sha256,extractor_version,extraction_notes
S01-2026-09-23-gcc_swm.html,S01,https://chennaicorporation.gov.in/gcc/department/solid-waste-management/,2026-09-23T15:51:56.522157+00:00,unknown,unknown,unknown,HTML context,Unknown,NA,NA,Official webpage; redistribution to review,03_data/raw/S01/2026-09-23/gcc_swm.html,59907,e1738336e5f0ddb9495b8fa4bc15c0484a97da07d317b5f7843360910c3a1cd3,acquire_sources.py v1,Raw untouched.
S02-2026-09-23-tnpcb_index.html,S02,https://tnpcb.gov.in/municipalSolidWaste.php,2026-09-23T15:51:56.902806+00:00,unknown,unknown,unknown,HTML annual-report index,Tamil Nadu,NA,NA,Official webpage; redistribution to review,03_data/raw/S02/2026-09-23/tnpcb_index.html,64973,42da05a8198b01b9c8b7da6ca310d6f0915ec913bea1f2decffa21497413212f,acquire_sources.py v1,Raw untouched.
S02-2026-09-23-tnpcb_swm_2024_25.pdf,S02,https://tnpcb.gov.in/PDF/Waste_Mngt/Solid-wste/AnnualRptSWM24_25.pdf,2026-09-23T15:51:58.680716+00:00,unknown,unknown,unknown,FY annual report,Tamil Nadu,metric tonnes per report,NA,Official PDF; redistribution to review,03_data/raw/S02/2026-09-23/tnpcb_swm_2024_25.pdf,2121341,ae600ff1d7e94375497f9a74c79c1a1c7db2b6102a59ea399a840e2e048ce248,acquire_sources.py v1,Raw untouched.
S02-2026-09-23-tnpcb_swm_2023_24.pdf,S02,https://tnpcb.gov.in/PDF/Waste_Mngt/Solid-wste/AnnualRptSWM23_24.pdf,2026-09-23T15:52:02.699641+00:00,unknown,unknown,unknown,FY annual report,Tamil Nadu,metric tonnes per report,NA,Official PDF; redistribution to review,03_data/raw/S02/2026-09-23/tnpcb_swm_2023_24.pdf,9609690,1240356a5ccfe5045a853a4673a13588c67b43a8adf371786326f1d0ed09af04,acquire_sources.py v1,Raw untouched.
S03-2026-09-23-cpcb_swm_2021_22.pdf,S03,https://cpcb.nic.in/uploads/MSW/MSW_AnnualReport_2021-22.pdf,2026-09-23T15:52:04.906697+00:00,unknown,unknown,unknown,FY annual report,India states,metric tonnes per report,NA,Official PDF; redistribution to review,03_data/raw/S03/2026-09-23/cpcb_swm_2021_22.pdf,4721886,8b99cf751eb3edd29bcaa7b4b3a9f6cf28712b0400f762c1eb470def85eabbba,acquire_sources.py v1,Raw untouched.
S04-2026-09-23-smartcities_catalog.html,S04,https://tn.data.gov.in/catalog/solid-waste-management-chennai-7,2026-09-23T15:52:06.670895+00:00,unknown,unknown,unknown,Catalog only; no available resource,Chennai,NA,NA,GODL metadata; no data payload,03_data/raw/S04/2026-09-23/smartcities_catalog.html,1023027,ed532870154afdfc63d37b730dbcd1c7ec6522f1f8c4bb49219fd790efb0c700,acquire_sources.py v1,Raw untouched.
S05-2026-09-23-census_chennai_ward_2011.xlsx,S05,https://censusindia.gov.in/nada/index.php/catalog/6794/download/9871/DDW_PCA3302_2011_MDDS%20with%20UI.xlsx,2026-09-23T15:52:06.931472+00:00,unknown,unknown,unknown,Ward/town census row,2011 Chennai district,persons/households,NA,ORGI rights; local research use; verify redistribution,03_data/raw/S05/2026-09-23/census_chennai_ward_2011.xlsx,102837,1cc08bc5e4615b069fea2dd17a5cd6c1d1854052f25ed75285a055ced7aae3df,acquire_sources.py v1,Raw untouched. TLS certificate validation disabled for censusindia.gov.in only
S07-2026-09-23-gcc_boundary_service.json,S07,https://gisgcc.chennaicorporation.gov.in/server/rest/services/GCCPublic/GCC_AdminBoundary/MapServer?f=pjson,2026-09-23T15:52:07.903117+00:00,unknown,unknown,unknown,Service metadata,GCC,NA,EPSG:32644,Official GIS service; redistribution to review,03_data/raw/S07/2026-09-23/gcc_boundary_service.json,3267,a7c9a621ea5fa1b5ff4f29877155296baf28a65e03fd788c874bfdbd6e5fac24,acquire_sources.py v1,Raw untouched.
S08-2026-09-23-gcc_ward_boundaries.geojson,S08,https://gisgcc.chennaicorporation.gov.in/server/rest/services/GCCPublic/GCC_AdminBoundary/MapServer/4/query?where=1%3D1&outFields=*&returnGeometry=true&f=geojson&outSR=4326&resultRecordCount=2000,2026-09-23T15:52:12.124316+00:00,unknown,unknown,unknown,One ward polygon,GCC boundary version unconfirmed,degrees,EPSG:4326,Official GIS service; redistribution to review,03_data/raw/S08/2026-09-23/gcc_ward_boundaries.geojson,3091630,c68ee433faccfe173a537f6ee06ba66808d5ac20c161dead4298344fa5a28d08,acquire_sources.py v1,Raw untouched.
S11-2026-09-23-gcc_resolution_2024_06_24.pdf,S11,https://chennaicorporation.gov.in/council/resolution/Council%20Resolution%2024.06.2024.pdf,2026-09-23T15:52:13.467996+00:00,unknown,unknown,unknown,Council resolution context,Chennai,metric tonnes where noted,NA,Official PDF; redistribution to review,03_data/raw/S11/2026-09-23/gcc_resolution_2024_06_24.pdf,1527912,9a5567a5d316e8494ae5ca0dae8149efb761a730b953260f7e0bf694146f8180,acquire_sources.py v1,Raw untouched.
S13-2026-09-23-ppac_diesel_price_page.html,S13,https://ppac.gov.in/retail-selling-price-rsp-of-petrol-diesel-and-domestic-lpg/rsp-of-petrol-and-diesel-in-metro-cities-since-16-6-2017,2026-09-23T15:52:14.552132+00:00,unknown,unknown,unknown,Price page context,Chennai,INR/litre,NA,Official webpage; redistribution to review,03_data/raw/S13/2026-09-23/ppac_diesel_price_page.html,242490,36a02dd7f1c8a216d0e921cb0acfa62ab6ea201fc934be51547433e3b34bb591,acquire_sources.py v1,Raw untouched.
S14-2026-09-23-nasa_power_chennai_daily_2025.json,S14,"https://power.larc.nasa.gov/api/temporal/daily/point?parameters=T2M,PRECTOTCORR&community=RE&longitude=80.2707&latitude=13.0827&start=20250101&end=20251231&format=JSON",2026-09-23T15:52:15.899337+00:00,unknown,unknown,unknown,Grid point day,Chennai grid point,degC/mm,EPSG:4326,NASA POWER acknowledgement/terms to review,03_data/raw/S14/2026-09-23/nasa_power_chennai_daily_2025.json,12505,cd81035cba88012a799cbdc1765127798588d0d4ae4b943f02e81de88a67b7f0,acquire_sources.py v1,Raw untouched.
S18-2026-09-23-tn_dma_swm.html,S18,https://www.tnurbantree.tn.gov.in/sanitation-solid-waste/,2026-09-23T15:52:52.679066+00:00,unknown,unknown,unknown,State municipal overview,Tamil Nadu,NA,NA,Official webpage; redistribution to review,03_data/raw/S18/2026-09-23/tn_dma_swm.html,61052,bddb5c8d7ff9bb52d563bd3f22df30f05cffbfd305fcbe6b762bb4b910aeb1e3,acquire_sources.py v1,Raw untouched.
S19-2026-09-23-gcc_tender_2026_02_12.pdf,S19,https://www.chennaicorporation.gov.in/tender-bulletin/tenderBulletin/2026/20260212.pdf,2026-09-23T15:52:59.399776+00:00,unknown,unknown,unknown,Tender notice,Chennai,INR/asset quantity per notice,NA,Official PDF; redistribution to review,03_data/raw/S19/2026-09-23/gcc_tender_2026_02_12.pdf,14394031,d4d4c7bc397a7e20af5299d8f054c94ec461a11dec68c998fcbda599f5a1f00d,acquire_sources.py v1,Raw untouched.
S20-2026-09-23-gcc_swm_rules.html,S20,https://chennaicorporation.gov.in/gcc/rules-and-procedure/solid-waste-management/,2026-09-23T15:52:59.565133+00:00,unknown,unknown,unknown,Municipal procedure,Chennai,NA,NA,Official webpage; redistribution to review,03_data/raw/S20/2026-09-23/gcc_swm_rules.html,36292,2370c00cf0289c74fbe9eb5d5d5d031f4de7400b26ab312c37d193dd43f66ad2,acquire_sources.py v1,Raw untouched.
S09-2026-09-23-southern_zone_2026_09_22.osm.pbf,S09,https://download.geofabrik.de/asia/india/southern-zone-260922.osm.pbf,2026-09-23T15:59:07.275860+00:00,unknown,unknown,unknown,Regional OSM snapshot,Southern India,metres/tags,EPSG:4326,ODbL 1.0; credit OpenStreetMap contributors,03_data/raw/S09/2026-09-23/southern_zone_2026_09_22.osm.pbf,557611244,8031a91595824d09f2b3f42bf0565cc64e776ffc5f2606eca311a10cacb77d7d,acquire_sources.py v1,Raw untouched.
S06-2026-09-23-census_handbook_chennai_2011.pdf,S06,https://censusindia.gov.in/nada/index.php/catalog/45344/download/49474/DH_2011_3302_PART_B_DCHB_CHENNAI.pdf,2026-09-23T16:02:07.177911+00:00,unknown,unknown,unknown,2011 district handbook,2011 Chennai district,persons/households,NA,ORGI rights; local research use; verify redistribution,03_data/raw/S06/2026-09-23/census_handbook_chennai_2011.pdf,4530956,8a7c68922264aae13d3e5c6e1eed2c6c560d71e8d3a5556351c0170b02443391,acquire_sources.py v1,Raw untouched. TLS certificate validation disabled for censusindia.gov.in only
S12-2026-09-23-gcc_department_expenditure_2025_26.pdf,S12,https://chennaicorporation.gov.in/gcc/Budget_2025-2026/DEPARTMENT%20EXPENDITURE.pdf,2026-09-23T16:02:08.105427+00:00,unknown,unknown,unknown,Department budget row,Chennai,INR per stated scale,NA,Official PDF; redistribution to review,03_data/raw/S12/2026-09-23/gcc_department_expenditure_2025_26.pdf,1515796,4f88a466ec38968c06da82e9a8c97fb691474749d8cdc3b0bf04291f8c0d9a4b,acquire_sources.py v1,Raw untouched.
S23-2026-09-24-lok_sabha_3336_diesel.pdf,S23,https://sansad.in/getFile/loksabhaquestions/annex/187/AU3336_YCAaF0.pdf?source=pqals,2026-09-24T11:41:01.363493+00:00,2026-03-12,2026-03-01,2026-03-01,reference factor,India; Chennai reference,Chennai IOCL diesel retail INR92.39/L; effective 2026-03-01; Annexure I page2 and Annexure II page3,not applicable,Official public document; reuse terms not established; retain attribution,03_data/raw/S23/2026-09-24/lok_sabha_3336_diesel.pdf,711310,c2c7f59572372a826c007fa5f25e6837c6643f9a7a195e51e0c8e93b8498993a,phase4_sources.py v1,Raw untouched; factor manually verified against official text. Not September 2026 price or municipal procurement rate; historical scenario proxy
S24-2026-09-24-epa_diesel_equivalencies.html,S24,https://www.epa.gov/energy/greenhouse-gas-equivalencies-calculator-calculations-and-references,2026-09-24T11:41:01.363493+00:00,unknown,unknown,unknown,reference factor,United States factor used as explicit proxy,Diesel combustion 10180 grams CO2/US gallon; 3.785411784 L/US gallon; approx 2.689 kg CO2/L,not applicable,US federal government webpage; retain attribution and referenced source distinctions,03_data/raw/S24/2026-09-24/epa_diesel_equivalencies.html,128139,3c6a5598b6e7ba6a47c01ccb95089ada7755d6033069536a04dc080abedef1fb,phase4_sources.py v1,"Raw untouched; factor manually verified against official text. Fossil diesel tailpipe CO2 only; not Indian fleet certification, biofuel, lifecycle, CH4 or N2O estimate"
S25-2026-09-24-opencity_catalog.json,S25,https://data.opencity.in/api/3/action/package_show?id=coimbatore-wards-map,2026-09-24T12:19:25.636007+00:00,unknown,2024 per resource description,2024 per resource description,ward-map resource metadata,See source; no automatic vintage harmonization,Native source units retained,not applicable,Catalog says Other Public Domain; upstream terms require review,03_data/raw/S25/2026-09-24/opencity_catalog.json,2685,b351ed85970a6d8084a2a51434c6e8e8eb039cb8ef38f62f5c0a9aa63721166d,expand_cities_acquire.py v1,Community-distributed source from livingatlas.esri.in; not independently certified current municipal boundaries
S26-2026-09-24-coimbatore_wards_2024.kml,S26,https://data.opencity.in/dataset/bcedc1ea-ba01-468d-83c2-6aa5afe74db0/resource/3a068058-d69d-4621-8f2a-e3dcfa7224be/download/3111f6d4-f8db-44c2-a608-61c975e9b744.kml,2026-09-24T12:19:25.636007+00:00,2025-11-25,2024 per metadata,2024 per metadata,100 ward polygons,See source; no automatic vintage harmonization,Native source units retained,not applicable,Public Domain per resource metadata; retain attribution; upstream provenance limitation,03_data/raw/S26/2026-09-24/coimbatore_wards_2024.kml,889095,e7d69e333be21ccb85e05e28cd28d9a2102f9806116470a2d264eda7ff1189db,expand_cities_acquire.py v1,Current ward vintage not certified; compare official map and preserve source attributes
S27-2026-09-24-city_sanitation_plan.pdf,S27,https://www.ccmc.gov.in/img/upload/swachhplan.pdf,2026-09-24T12:19:25.636007+00:00,unknown,2011 census context / historical plan,2011 census context / historical plan,population; area; ward counts; land-use; facilities,See source; no automatic vintage harmonization,Native source units retained,not applicable,Official public document; reuse terms not established,03_data/raw/S27/2026-09-24/city_sanitation_plan.pdf,3272397,40cf96e05ab03670e2c69ea36faa2008e4e190fdf12b5fb997bd428bdeb2294a,expand_cities_acquire.py v1,"Mixed historical vintages and copied content; population/area reference only, not current calibration"
S28-2026-09-24-zone_map.pdf,S28,https://ccmc.gov.in/img/upload/Zone%20Map.pdf,2026-09-24T12:19:25.636007+00:00,unknown,undated official map,undated official map,ward labels and five administrative zones,See source; no automatic vintage harmonization,Native source units retained,not applicable,Official public document; reuse terms not established,03_data/raw/S28/2026-09-24/zone_map.pdf,3870540,27fddc6365d121ae0fb8327d2ed89b4df812e9af867c29a816ff9ffe28c22b0a,expand_cities_acquire.py v1,Reference map only; no georeferenced polygon asserted
S29-2026-09-24-ccmc_status_report.pdf,S29,https://www.greentribunal.gov.in/sites/default/files/news_updates/OA%20No.%20127%20of%202022%20Comprehensive%20status%20report%20of%20CCMC.pdf,2026-09-24T12:19:25.636007+00:00,unknown,Report responds to order dated2025-09-03; some2022 estimates,Report responds to order dated2025-09-03; some2022 estimates,reported population; waste; facilities; processing,See source; no automatic vintage harmonization,Native source units retained,not applicable,Official public filing; reuse terms not established,03_data/raw/S29/2026-09-24/ccmc_status_report.pdf,13808440,46e130159478731d86e7182da8f3e18034e70883bd46e7952b222908c9b7ee7d,expand_cities_acquire.py v1,Statements by respondent; not independently audited municipal event data; periods must be retained
S30-2026-09-24-coimbatore_weather_2025.json,S30,"https://power.larc.nasa.gov/api/temporal/daily/point?parameters=T2M,PRECTOTCORR&community=AG&longitude=76.9558&latitude=11.0168&start=20250101&end=20251231&format=JSON",2026-09-24T12:19:25.636007+00:00,unknown,2025,2025,T2M Celsius; PRECTOTCORR mm/day,See source; no automatic vintage harmonization,Native source units retained,not applicable,NASA open data; attribute NASA POWER,03_data/raw/S30/2026-09-24/coimbatore_weather_2025.json,12490,329943b518cdc1cc719d688e52b4f4e45fcb552b23c9da6e237a88189201e33f,expand_cities_acquire.py v1,"Grid proxy at city center, not a weather station; never future2026 forecast features"
