source_id,dataset_name,organization,url,date_accessed,publication_date,geographic_scope,time_period,format,license,variables,quality,limitations,local_filename
S01,Solid Waste Management department overview,Greater Chennai Corporation,https://chennaicorporation.gov.in/gcc/department/solid-waste-management/,2026-09-23,unknown,Chennai,Undated operational overview,HTML,Reuse terms not established; retain attribution; review before redistribution,collection; facilities; vehicles; staffing; waste streams,Official overview reviewed; local snapshot downloaded and SHA256 recorded in acquisition_manifest.csv,Undated sections and inconsistent page content; not an event dataset; facility access and coordinates unverified,03_data/raw/S01/2026-09-23/gcc_swm.html
S02,Municipal Solid Waste and annual-report index,Tamil Nadu Pollution Control Board,https://tnpcb.gov.in/municipalSolidWaste.php,2026-09-23,unknown,Tamil Nadu,Reports listed 2019-20 through 2024-25,HTML; linked PDF,Reuse terms not established; retain attribution; review before redistribution,waste generated; local bodies; processing; annual reports,Official index and FY2024-25/FY2023-24 PDF snapshots downloaded; hashes in acquisition_manifest.csv; numeric tables not extracted,Recent PDFs are largely scanned; official waste measures require page-level OCR/manual verification and unit/period checks,03_data/raw/S02/2026-09-23/tnpcb_index.html;03_data/raw/S02/2026-09-23/tnpcb_swm_2024_25.pdf;03_data/raw/S02/2026-09-23/tnpcb_swm_2023_24.pdf
S03,Annual Report on Solid Waste Management 2021-22,Central Pollution Control Board,https://cpcb.nic.in/uploads/MSW/MSW_AnnualReport_2021-22.pdf,2026-09-23,unknown,India; state summaries including Tamil Nadu,FY2021-22,PDF,Reuse terms not established; retain attribution; review before redistribution,generation; collection; treatment; disposal,Official PDF search result verified; tables not extracted; local snapshot downloaded and SHA256 recorded in acquisition_manifest.csv,Historical state totals; definitions and reporting completeness require checking,03_data/raw/S03/2026-09-23/cpcb_swm_2021_22.pdf
S04,Solid Waste Management: Chennai catalog,MoHUA Smart Cities Mission / Chennai,https://tn.data.gov.in/catalog/solid-waste-management-chennai-7,2026-09-23,2019-06-27,Chennai,Catalog updated 2025-02-17; data period unknown,HTML catalog; ZIP link,GODL-India per portal; verify each resource,catalog describes bins; capacity; vehicles; segregation; collection,Official catalog reviewed; resource availability unresolved; local snapshot downloaded and SHA256 recorded in acquisition_manifest.csv,Page shows No Result Found; title does not establish downloadable operational records,03_data/raw/S04/2026-09-23/smartcities_catalog.html
S05,Primary Census Abstract ward population Chennai,Office of Registrar General and Census Commissioner India,https://censusindia.gov.in/nada/index.php/catalog/6794,2026-09-23,unknown,2011 Chennai district geography,2011 Census,XLSX,ORGI rights; review reuse terms,population; households; ward codes,Official table metadata and XLSX link reviewed; local snapshot downloaded and SHA256 recorded in acquisition_manifest.csv,2011 boundaries and population are not current GCC geography; expansion areas may need adjacent district tables,03_data/raw/S05/2026-09-23/census_chennai_ward_2011.xlsx
S06,District Census Handbook Chennai Part B,Directorate of Census Operations Tamil Nadu,https://censusindia.gov.in/nada/index.php/catalog/45344/study-description,2026-09-23,2014,2011 Chennai district,2011,PDF; XLSX; ZIP,ORGI rights; review reuse terms,population; households; demographic definitions,Official handbook metadata reviewed; local snapshot downloaded and SHA256 recorded in acquisition_manifest.csv,Old census; handbook publication date differs from census year,03_data/raw/S06/2026-09-23/census_handbook_chennai_2011.pdf
S07,GCC administrative boundary service,Greater Chennai Corporation GIS,https://gisgcc.chennaicorporation.gov.in/server/rest/services/GCCPublic/GCC_AdminBoundary/MapServer,2026-09-23,unknown,GCC Chennai,Snapshot vintage unverified,ArcGIS REST; JSON; GeoJSON,Reuse terms not established; retain attribution; review before redistribution,region; zone; ward polygons; EPSG:32644,Official service metadata reviewed; local snapshot downloaded and SHA256 recorded in acquisition_manifest.csv,License and effective date absent; no polygon download performed,03_data/raw/S07/2026-09-23/gcc_boundary_service.json
S08,GCC Ward Boundary layer 4,Greater Chennai Corporation GIS,https://gisgcc.chennaicorporation.gov.in/server/rest/services/GCCPublic/GCC_AdminBoundary/MapServer/4,2026-09-23,unknown,GCC Chennai wards,Snapshot vintage unverified,ArcGIS REST polygon layer,Reuse terms not established; retain attribution; review before redistribution,objectid; ward; shape; area; perimeter,Official fields and pagination capability reviewed; local snapshot downloaded and SHA256 recorded in acquisition_manifest.csv,objectid is not a durable ward identifier; verify ward uniqueness and count after extraction,03_data/raw/S08/2026-09-23/gcc_ward_boundaries.geojson
S09,Southern Zone OpenStreetMap extract,OpenStreetMap contributors / Geofabrik,https://download.geofabrik.de/asia/india/southern-zone.html,2026-09-23,rolling,Southern India including Tamil Nadu,Snapshot available at access date,OSM PBF; SHP; GeoPackage,ODbL 1.0; credit OpenStreetMap contributors,roads; access tags; POIs; landuse; waste facilities,Download landing page reviewed; local snapshot downloaded and SHA256 recorded in acquisition_manifest.csv,Regional extract must be clipped; POI completeness and truck restrictions unverified,03_data/raw/S09/2026-09-23/southern_zone_2026_09_22.osm.pbf
S10,OSM copyright and licensing,OpenStreetMap Foundation,https://www.openstreetmap.org/copyright,2026-09-23,unknown,Global,Current documentation,HTML,ODbL for data; documentation has separate terms,attribution; database redistribution conditions,Primary license guidance reviewed,Public APIs and tiles have separate usage policies; not unlimited bulk services,
S11,Chennai Council Resolution 24 June 2024,Greater Chennai Corporation,https://chennaicorporation.gov.in/council/resolution/Council%20Resolution%2024.06.2024.pdf,2026-09-23,2024-06-24,Chennai Zones V and VI sections,2023 baseline; future projections in document,PDF,Reuse terms not established; retain attribution; review before redistribution,project area; waste quantity; transport scope; population projections,Official PDF search excerpt reviewed; local snapshot downloaded and SHA256 recorded in acquisition_manifest.csv,Extract exact pages later; projected figures are not observations; scope includes more than routing,03_data/raw/S11/2026-09-23/gcc_resolution_2024_06_24.pdf
S12,Department expenditure budget FY2025-26,Greater Chennai Corporation,https://chennaicorporation.gov.in/gcc/Budget_2025-2026/DEPARTMENT%20EXPENDITURE.pdf,2026-09-23,unknown,Chennai,Actuals 2023-24; estimates 2024-25 and 2025-26,PDF,Reuse terms not established; retain attribution; review before redistribution,department costs; actual; revised estimate; budget,Official PDF search excerpt reviewed; local snapshot downloaded and SHA256 recorded in acquisition_manifest.csv,Corrected raw PDF URL is in acquisition_manifest.csv; budget is not actual expenditure; INR scaling and cost scope require verification,03_data/raw/S12/2026-09-23/gcc_department_expenditure_2025_26.pdf
S13,Chennai diesel retail-price history,Petroleum Planning and Analysis Cell,https://ppac.gov.in/retail-selling-price-rsp-of-petrol-diesel-and-domestic-lpg/rsp-of-petrol-and-diesel-in-metro-cities-since-16-6-2017,2026-09-23,rolling,Chennai and other metro cities,Since 2017 per page title; download coverage to verify,HTML; linked price tables,Reuse terms not established; retain attribution; review before redistribution,effective date; city; diesel INR per litre,Official page reviewed; local snapshot downloaded and SHA256 recorded in acquisition_manifest.csv,Retail proxy differs from municipal procurement price; no current numeric price assumed,03_data/raw/S13/2026-09-23/ppac_diesel_price_page.html
S14,NASA POWER daily meteorological API,NASA POWER,https://power.larc.nasa.gov/docs/services/api/temporal/daily/,2026-09-23,rolling,Global grids; Chennai subset proposed,Parameter-dependent daily history,API JSON; CSV,Review NASA POWER data acknowledgement and terms,T2M; PRECTOTCORR; daily weather,Primary API documentation reviewed; local snapshot downloaded and SHA256 recorded in acquisition_manifest.csv,Gridded meteorology is proxy for local conditions; not bin temperature; time standard must be set,03_data/raw/S14/2026-09-23/nasa_power_chennai_daily_2025.json
S15,IMD gridded climatology portal,India Meteorological Department,https://dsp.imdpune.gov.in/home_gridded_climatology.php,2026-09-23,unknown,India,Product-dependent,Portal; product-specific grids,Reuse terms not established; retain attribution; review before redistribution,rainfall; gridded climatology,Official portal discovered,Exact free product and license not confirmed; avoid paid requests; use NASA fallback if appropriate,
S16,Municipal solid waste management manual Part II,Ministry of Urban Development / MoHUA,https://mohua.gov.in/upload/uploadfiles/files/Part2.pdf,2026-09-23,2016,India,2016 guidance,PDF,Reuse terms not established; retain attribution; review before redistribution,planning; collection; transport; treatment methodology,Official manual located; Phase 2 direct PDF acquisition failed with HTTP 404,Design guidance is not a current local measurement or current legal opinion; no local payload; locate an official live copy before using,
S17,Municipal waste per-capita planning background,MoHUA,https://www.mohua.gov.in/upload/uploadfiles/files/chap3.pdf,2026-09-23,unknown,India,Historical NEERI 1996 evidence in chapter,PDF,Reuse terms not established; retain attribution; review before redistribution,per-capita generation; estimation methods,Official historical chapter excerpt reviewed; Phase 2 direct PDF acquisition failed with HTTP 404,Very old planning ranges; cannot calibrate present Chennai without local evidence; no local payload; locate an official live copy before using,
S18,State urban solid waste management overview,Tamil Nadu Directorate of Municipal Administration,https://www.tnurbantree.tn.gov.in/sanitation-solid-waste/,2026-09-23,unknown,Tamil Nadu urban local bodies,Undated overview,HTML,Reuse terms not established; retain attribution; review before redistribution,collection; segregation; processing context,Official overview discovered; local snapshot downloaded and SHA256 recorded in acquisition_manifest.csv,Check jurisdiction; do not assume every figure includes GCC,03_data/raw/S18/2026-09-23/tn_dma_swm.html
S19,Tender bulletin 12 February 2026,Greater Chennai Corporation,https://www.chennaicorporation.gov.in/tender-bulletin/tenderBulletin/2026/20260212.pdf,2026-09-23,2026-02-12,Chennai,2026 tender notice,PDF,Reuse terms not established; retain attribution; review before redistribution,compactor-bin procurement; quantity; estimated value,Official notice excerpt reviewed; local snapshot downloaded and SHA256 recorded in acquisition_manifest.csv,Tender is not proof of delivery; technical capacity needs underlying specification; not operating cost,03_data/raw/S19/2026-09-23/gcc_tender_2026_02_12.pdf
S20,Chennai waste collection rules and procedure webpage,Greater Chennai Corporation,https://chennaicorporation.gov.in/gcc/rules-and-procedure/solid-waste-management/,2026-09-23,unknown,Chennai,Undated webpage,HTML,Reuse terms not established; retain attribution; review before redistribution,collection schedules; holidays; service windows,Official procedure page reviewed; local snapshot downloaded and SHA256 recorded in acquisition_manifest.csv,Schedules differ from department overview; confirm locally before operational constraints; exclude infectious biomedical waste,03_data/raw/S20/2026-09-23/gcc_swm_rules.html
S21,BigQuery Sandbox documentation,Google Cloud,https://docs.cloud.google.com/bigquery/docs/sandbox,2026-09-23,rolling,Global service,Documentation checked 2026-09-23,HTML,Google documentation terms,storage limit; query allowance; expiration; unsupported features,Primary documentation reviewed,Limits may change; actual account access not tested; no account or cloud resources created,
S22,Vehicle Routing documentation,Google OR-Tools,https://developers.google.com/optimization/routing,2026-09-23,rolling,General methodology,Current documentation,HTML,Google documentation terms; software license separate,capacity; routing constraints; search limitations,Primary documentation reviewed,Solver may return feasible solution without global optimality; no Chennai calibration supplied,
S23,Retail Petrol and Diesel Price Structure — Lok Sabha Q3336,Ministry of Petroleum and Natural Gas / PPAC / Lok Sabha,https://sansad.in/getFile/loksabhaquestions/annex/187/AU3336_YCAaF0.pdf?source=pqals,2026-09-24,2026-03-12,India; Chennai reference,2026-03-01 retail price reference,PDF,Official public document; reuse terms not established; retain attribution,Chennai IOCL diesel retail INR92.39/L; effective 2026-03-01; Annexure I page2 and Annexure II page3,Official parliamentary response citing PPAC; historical dated reference,Not September 2026 price or municipal procurement rate; historical scenario proxy,03_data/raw/S23/2026-09-24/lok_sabha_3336_diesel.pdf
S24,Greenhouse Gas Equivalencies Calculator — calculations and references,US Environmental Protection Agency,https://www.epa.gov/energy/greenhouse-gas-equivalencies-calculator-calculations-and-references,2026-09-24,unknown,United States factor used as explicit proxy,2010 EPA/DOT factor cited by current calculator page,HTML,US federal government webpage; retain attribution and referenced source distinctions,Diesel combustion 10180 grams CO2/US gallon; 3.785411784 L/US gallon; approx 2.689 kg CO2/L,Official EPA calculator methodology,"Fossil diesel tailpipe CO2 only; not Indian fleet certification, biofuel, lifecycle, CH4 or N2O estimate",03_data/raw/S24/2026-09-24/epa_diesel_equivalencies.html
S25,Coimbatore ward map catalog,OpenCity / contributor Vaidyanathan R,https://data.opencity.in/api/3/action/package_show?id=coimbatore-wards-map,2026-09-24,unknown,"Coimbatore, Tamil Nadu",2024 per resource description,JSON,Catalog says Other Public Domain; upstream terms require review,ward-map resource metadata,Downloaded; immutable snapshot and SHA256 retained,Community-distributed source from livingatlas.esri.in; not independently certified current municipal boundaries,03_data/raw/S25/2026-09-24/opencity_catalog.json
S26,Coimbatore Wards Map 2024,OpenCity; source livingatlas.esri.in,https://data.opencity.in/dataset/bcedc1ea-ba01-468d-83c2-6aa5afe74db0/resource/3a068058-d69d-4621-8f2a-e3dcfa7224be/download/3111f6d4-f8db-44c2-a608-61c975e9b744.kml,2026-09-24,2025-11-25,"Coimbatore, Tamil Nadu",2024 per metadata,KML,Public Domain per resource metadata; retain attribution; upstream provenance limitation,100 ward polygons,Downloaded; immutable snapshot and SHA256 retained,Current ward vintage not certified; compare official map and preserve source attributes,03_data/raw/S26/2026-09-24/coimbatore_wards_2024.kml
S27,Coimbatore City Sanitation Plan,Coimbatore City Municipal Corporation,https://www.ccmc.gov.in/img/upload/swachhplan.pdf,2026-09-24,unknown,"Coimbatore, Tamil Nadu",2011 census context / historical plan,PDF,Official public document; reuse terms not established,population; area; ward counts; land-use; facilities,Downloaded; immutable snapshot and SHA256 retained,"Mixed historical vintages and copied content; population/area reference only, not current calibration",03_data/raw/S27/2026-09-24/city_sanitation_plan.pdf
S28,Official Coimbatore zone and ward map,Coimbatore City Municipal Corporation,https://ccmc.gov.in/img/upload/Zone%20Map.pdf,2026-09-24,unknown,"Coimbatore, Tamil Nadu",undated official map,PDF,Official public document; reuse terms not established,ward labels and five administrative zones,Downloaded; immutable snapshot and SHA256 retained,Reference map only; no georeferenced polygon asserted,03_data/raw/S28/2026-09-24/zone_map.pdf
S29,CCMC comprehensive status report OA127/2022,CCMC filing hosted by National Green Tribunal,https://www.greentribunal.gov.in/sites/default/files/news_updates/OA%20No.%20127%20of%202022%20Comprehensive%20status%20report%20of%20CCMC.pdf,2026-09-24,unknown,"Coimbatore, Tamil Nadu",Report responds to order dated2025-09-03; some2022 estimates,PDF,Official public filing; reuse terms not established,reported population; waste; facilities; processing,Downloaded; immutable snapshot and SHA256 retained,Statements by respondent; not independently audited municipal event data; periods must be retained,03_data/raw/S29/2026-09-24/ccmc_status_report.pdf
S30,NASA POWER Coimbatore daily grid weather2025,NASA POWER,"https://power.larc.nasa.gov/api/temporal/daily/point?parameters=T2M,PRECTOTCORR&community=AG&longitude=76.9558&latitude=11.0168&start=20250101&end=20251231&format=JSON",2026-09-24,unknown,"Coimbatore, Tamil Nadu",2025,JSON,NASA open data; attribute NASA POWER,T2M Celsius; PRECTOTCORR mm/day,Downloaded; immutable snapshot and SHA256 retained,"Grid proxy at city center, not a weather station; never future2026 forecast features",03_data/raw/S30/2026-09-24/coimbatore_weather_2025.json
