scenario,method,bin_id,initial_l,arrivals_l,terminal_l,overflow_l,collected_l,collection_count,capacity_l,data_origin,city_id,city_name
base_3_trucks,baseline,152,419.74658203125,273.1885771751404,282.17459137493734,0.0,410.76056783145305,1,660.0,synthetic,CBE,Coimbatore
base_3_trucks,baseline,154,487.5026550292969,419.6848316192627,426.44382477170257,0.0,480.743661876857,1,660.0,synthetic,CBE,Coimbatore
base_3_trucks,baseline,156,168.7855224609375,492.3425130844116,490.25866152447225,0.0,170.86937402087688,1,660.0,synthetic,CBE,Coimbatore
base_3_trucks,baseline,157,90.09275817871094,644.7533264160156,592.0256746750579,0.0,142.82040991966863,1,1100.0,synthetic,CBE,Coimbatore
base_3_trucks,baseline,159,123.53756713867188,447.80137634277344,571.3389434814453,0.0,0.0,0,1100.0,synthetic,CBE,Coimbatore
base_3_trucks,baseline,160,487.5672607421875,392.4700555801392,406.9230058580895,0.0,473.1143104642373,1,660.0,synthetic,CBE,Coimbatore
base_3_trucks,baseline,221,55.52893829345703,172.0542709827423,227.5832092761993,0.0,0.0,0,660.0,synthetic,CBE,Coimbatore
base_3_trucks,baseline,222,129.67501831054688,118.92242991924286,111.90152970820893,0.0,136.6959185215808,1,240.0,synthetic,CBE,Coimbatore
base_3_trucks,baseline,223,21.14096069335937,161.9489784240723,183.08993911743164,0.0,0.0,0,660.0,synthetic,CBE,Coimbatore
base_3_trucks,baseline,224,70.24851989746094,317.96268916130066,388.2112090587616,0.0,0.0,0,1100.0,synthetic,CBE,Coimbatore
base_3_trucks,baseline,225,34.754058837890625,189.22152709960935,223.9755859375,0.0,0.0,0,660.0,synthetic,CBE,Coimbatore
base_3_trucks,baseline,226,230.6443328857422,166.0780005455017,396.7223334312439,0.0,0.0,0,660.0,synthetic,CBE,Coimbatore
base_3_trucks,baseline,227,634.1651611328125,545.3384771347046,542.9855435633538,0.0,636.5180947041633,1,1100.0,synthetic,CBE,Coimbatore
base_3_trucks,baseline,228,333.24920654296875,238.7155408859253,239.033811998286,0.0,332.93093543060803,1,660.0,synthetic,CBE,Coimbatore
base_3_trucks,baseline,229,91.87053680419922,285.212664604187,377.08320140838623,0.0,0.0,0,660.0,synthetic,CBE,Coimbatore
base_3_trucks,baseline,230,104.3888168334961,405.6926052570343,510.0814220905304,0.0,0.0,0,660.0,synthetic,CBE,Coimbatore
base_3_trucks,baseline,231,31.724220275878903,149.31811010837555,181.04233038425448,0.0,0.0,0,660.0,synthetic,CBE,Coimbatore
base_3_trucks,baseline,232,304.37890625,119.77511242032053,127.76529205616104,0.0,296.3887266141595,1,660.0,synthetic,CBE,Coimbatore
base_3_trucks,baseline,233,26.349010467529297,251.12821745872495,277.4772279262543,0.0,0.0,0,660.0,synthetic,CBE,Coimbatore
base_3_trucks,baseline,234,70.41195678710938,636.1324968338013,706.5444536209106,0.0,0.0,0,1100.0,synthetic,CBE,Coimbatore
base_3_trucks,baseline,235,179.17904663085938,198.07922112941745,377.2582677602768,0.0,0.0,0,660.0,synthetic,CBE,Coimbatore
base_3_trucks,baseline,237,575.1884155273438,739.0624523162842,692.2523032205745,0.0,621.9985646230535,1,1100.0,synthetic,CBE,Coimbatore
base_3_trucks,baseline,238,553.626220703125,323.45901107788086,333.0008847866632,0.0,544.0843469943426,1,660.0,synthetic,CBE,Coimbatore
base_3_trucks,baseline,240,220.2966766357422,206.86262726783752,210.76007563910247,0.0,216.3992282644772,1,660.0,synthetic,CBE,Coimbatore
base_3_trucks,baseline,331,468.2568359375,509.1573596000672,508.803546578284,0.0,468.6106489592832,1,660.0,synthetic,CBE,Coimbatore
base_3_trucks,baseline,332,18.195720672607425,94.6653813123703,112.86110198497772,0.0,0.0,0,240.0,synthetic,CBE,Coimbatore
base_3_trucks,baseline,333,465.0933227539063,427.40927958488464,415.4803973339284,0.0,477.02220500486254,1,660.0,synthetic,CBE,Coimbatore
base_3_trucks,baseline,335,645.3732299804688,481.11693000793457,496.2263878007533,0.0,630.26377218765,1,1100.0,synthetic,CBE,Coimbatore
base_3_trucks,baseline,336,195.893798828125,202.2246301174164,210.231226998692,0.0,187.88720194684936,1,240.0,synthetic,CBE,Coimbatore
base_3_trucks,baseline,337,92.40886688232422,581.6365880966187,581.8259380938183,0.0,92.21951688512456,1,660.0,synthetic,CBE,Coimbatore
base_3_trucks,baseline,338,83.40709686279297,492.2252445220947,575.6323413848877,0.0,0.0,0,660.0,synthetic,CBE,Coimbatore
base_3_trucks,baseline,339,1100.0,841.5268802642822,879.9842597724381,16.542620491844218,1045.0,1,1100.0,synthetic,CBE,Coimbatore
base_3_trucks,baseline,340,109.94441986083984,546.445198059082,550.4446045233697,0.0,105.9450133965522,1,660.0,synthetic,CBE,Coimbatore
base_3_trucks,baseline,341,44.7630500793457,329.5869355201721,374.3499855995178,0.0,0.0,0,660.0,synthetic,CBE,Coimbatore
base_3_trucks,baseline,342,168.34751892089844,217.9225766658783,386.27009558677673,0.0,0.0,0,660.0,synthetic,CBE,Coimbatore
base_3_trucks,baseline,343,37.84638977050781,470.512393951416,508.3587837219238,0.0,0.0,0,660.0,synthetic,CBE,Coimbatore
base_3_trucks,baseline,344,539.40234375,323.5579319000244,350.2696398035098,0.0,512.6906358465146,1,1100.0,synthetic,CBE,Coimbatore
base_3_trucks,baseline,345,89.62940216064453,71.356270134449,74.88577405782006,0.0,86.09989823727348,1,240.0,synthetic,CBE,Coimbatore
base_3_trucks,baseline,346,423.2944641113281,414.23882246017456,430.4872657335208,0.0,407.0460208379819,1,660.0,synthetic,CBE,Coimbatore
base_3_trucks,baseline,347,599.8185424804688,547.2648134231567,564.2691504558593,0.0,582.8142054477662,1,1100.0,synthetic,CBE,Coimbatore
base_3_trucks,baseline,348,176.18450927734375,417.2066073417664,394.68998341224926,0.0,198.70113320686085,1,660.0,synthetic,CBE,Coimbatore
base_3_trucks,baseline,349,64.45237731933594,329.14900183677673,393.6013791561127,0.0,0.0,0,1100.0,synthetic,CBE,Coimbatore
base_3_trucks,baseline,350,446.0184631347656,318.10436820983887,307.53940047327586,0.0,456.58343087132863,1,660.0,synthetic,CBE,Coimbatore
base_3_trucks,baseline,351,123.88893127441406,666.1457271575928,790.0346584320068,0.0,0.0,0,1100.0,synthetic,CBE,Coimbatore
base_3_trucks,baseline,352,99.38548278808594,350.73677825927734,450.1222610473633,0.0,0.0,0,660.0,synthetic,CBE,Coimbatore
base_3_trucks,baseline,353,44.21305084228516,301.68994903564453,299.96185218346085,0.0,45.94114769446884,1,660.0,synthetic,CBE,Coimbatore
base_3_trucks,baseline,354,125.58954620361328,627.4806423187256,753.0701885223389,0.0,0.0,0,1100.0,synthetic,CBE,Coimbatore
base_3_trucks,baseline,355,25.54816055297852,155.55012953281403,155.7437541902097,0.0,25.35453589558283,1,240.0,synthetic,CBE,Coimbatore
base_3_trucks,baseline,356,109.16277313232422,793.0604906082153,792.6957044721729,0.0,109.52755926836664,1,1100.0,synthetic,CBE,Coimbatore
base_3_trucks,baseline,357,63.97397994995117,576.4821357727051,513.9827317575989,0.0,126.47338396505738,1,660.0,synthetic,CBE,Coimbatore
base_3_trucks,baseline,358,60.368560791015625,314.02637100219727,374.3949317932129,0.0,0.0,0,660.0,synthetic,CBE,Coimbatore
base_3_trucks,baseline,359,150.3070526123047,509.0432925224304,659.3503451347351,0.0,0.0,0,1100.0,synthetic,CBE,Coimbatore
base_3_trucks,baseline,360,593.1038208007812,649.0616092681885,672.6237130764497,0.0,569.54171699252,1,1100.0,synthetic,CBE,Coimbatore
base_3_trucks,baseline,361,86.20752716064453,90.343690097332,88.306497712225,0.0,88.24471954575154,1,240.0,synthetic,CBE,Coimbatore
base_3_trucks,baseline,364,81.35540771484375,381.3550796508789,462.71048736572266,0.0,0.0,0,660.0,synthetic,CBE,Coimbatore
base_3_trucks,baseline,367,36.93098068237305,265.3018260002136,302.23280668258667,0.0,0.0,0,1100.0,synthetic,CBE,Coimbatore
base_3_trucks,baseline,368,102.05056762695312,554.9350509643555,558.6592179987585,0.0,98.32640059255,1,1100.0,synthetic,CBE,Coimbatore
base_3_trucks,baseline,369,698.9119873046875,794.2856349945068,825.1106810713085,0.0,668.0869412278859,1,1100.0,synthetic,CBE,Coimbatore
base_3_trucks,baseline,409,309.89459228515625,230.29748284816745,222.9875279068061,0.0,317.2045472265176,1,660.0,synthetic,CBE,Coimbatore
base_3_trucks,baseline,413,131.89117431640625,436.4150795936585,568.3062539100647,0.0,0.0,0,660.0,synthetic,CBE,Coimbatore
base_3_trucks,optimized,152,419.74658203125,273.1885771751404,276.2885846239656,0.0,416.6465745824248,1,660.0,synthetic,CBE,Coimbatore
base_3_trucks,optimized,154,487.5026550292969,419.6848316192627,435.5306102978385,0.0,471.65687635072106,1,660.0,synthetic,CBE,Coimbatore
base_3_trucks,optimized,156,168.7855224609375,492.3425130844116,474.156444011255,0.0,186.97159153409407,1,660.0,synthetic,CBE,Coimbatore
base_3_trucks,optimized,157,90.09275817871094,644.7533264160156,614.8979555463973,0.0,119.94812904832924,1,1100.0,synthetic,CBE,Coimbatore
base_3_trucks,optimized,159,123.53756713867188,447.80137634277344,571.3389434814453,0.0,0.0,0,1100.0,synthetic,CBE,Coimbatore
base_3_trucks,optimized,160,487.5672607421875,392.4700555801392,410.6786100391808,0.0,469.3587062831459,1,660.0,synthetic,CBE,Coimbatore
base_3_trucks,optimized,221,55.52893829345703,172.0542709827423,227.5832092761993,0.0,0.0,0,660.0,synthetic,CBE,Coimbatore
base_3_trucks,optimized,222,129.67501831054688,118.92242991924286,116.135324828801,0.0,132.46212340098873,1,240.0,synthetic,CBE,Coimbatore
base_3_trucks,optimized,223,21.14096069335937,161.9489784240723,183.08993911743164,0.0,0.0,0,660.0,synthetic,CBE,Coimbatore
base_3_trucks,optimized,224,70.24851989746094,317.96268916130066,388.2112090587616,0.0,0.0,0,1100.0,synthetic,CBE,Coimbatore
base_3_trucks,optimized,225,34.754058837890625,189.22152709960935,223.9755859375,0.0,0.0,0,660.0,synthetic,CBE,Coimbatore
base_3_trucks,optimized,226,230.6443328857422,166.0780005455017,396.7223334312439,0.0,0.0,0,660.0,synthetic,CBE,Coimbatore
base_3_trucks,optimized,227,634.1651611328125,545.3384771347046,563.6427527017047,0.0,615.8608855658124,1,1100.0,synthetic,CBE,Coimbatore
base_3_trucks,optimized,228,333.24920654296875,238.7155408859253,250.50235440596904,0.0,321.462393022925,1,660.0,synthetic,CBE,Coimbatore
base_3_trucks,optimized,229,91.87053680419922,285.212664604187,377.08320140838623,0.0,0.0,0,660.0,synthetic,CBE,Coimbatore
base_3_trucks,optimized,230,104.3888168334961,405.6926052570343,510.0814220905304,0.0,0.0,0,660.0,synthetic,CBE,Coimbatore
base_3_trucks,optimized,231,31.724220275878903,149.31811010837555,181.04233038425448,0.0,0.0,0,660.0,synthetic,CBE,Coimbatore
base_3_trucks,optimized,232,304.37890625,119.77511242032053,127.59866303906068,0.0,296.55535563125983,1,660.0,synthetic,CBE,Coimbatore
base_3_trucks,optimized,233,26.349010467529297,251.12821745872495,277.4772279262543,0.0,0.0,0,660.0,synthetic,CBE,Coimbatore
base_3_trucks,optimized,234,70.41195678710938,636.1324968338013,706.5444536209106,0.0,0.0,0,1100.0,synthetic,CBE,Coimbatore
base_3_trucks,optimized,235,179.17904663085938,198.07922112941745,377.2582677602768,0.0,0.0,0,660.0,synthetic,CBE,Coimbatore
base_3_trucks,optimized,237,575.1884155273438,739.0624523162842,736.1833937766119,0.0,578.0674740670161,1,1100.0,synthetic,CBE,Coimbatore
base_3_trucks,optimized,238,553.626220703125,323.45901107788086,340.9518518797609,0.0,536.1333799012449,1,660.0,synthetic,CBE,Coimbatore
base_3_trucks,optimized,240,220.2966766357422,206.86262726783752,213.97827037933803,0.0,213.18103352424168,1,660.0,synthetic,CBE,Coimbatore
base_3_trucks,optimized,331,468.2568359375,509.1573596000672,525.0917732666605,0.0,452.3224222709066,1,660.0,synthetic,CBE,Coimbatore
base_3_trucks,optimized,332,18.195720672607425,94.6653813123703,112.86110198497772,0.0,0.0,0,240.0,synthetic,CBE,Coimbatore
base_3_trucks,optimized,333,465.0933227539063,427.40927958488464,437.1732199651218,0.0,455.3293823736691,1,660.0,synthetic,CBE,Coimbatore
base_3_trucks,optimized,335,645.3732299804688,481.11693000793457,509.4511497177688,0.0,617.0390102706345,1,1100.0,synthetic,CBE,Coimbatore
base_3_trucks,optimized,336,195.893798828125,202.2246301174164,208.75891355603227,0.0,189.3595153895091,1,240.0,synthetic,CBE,Coimbatore
base_3_trucks,optimized,337,92.40886688232422,581.6365880966187,580.783927478326,0.0,93.26152750061696,1,660.0,synthetic,CBE,Coimbatore
base_3_trucks,optimized,338,83.40709686279297,492.2252445220947,575.6323413848877,0.0,0.0,0,660.0,synthetic,CBE,Coimbatore
base_3_trucks,optimized,339,1100.0,841.5268802642822,886.0837127225866,10.44316754169563,1045.0,1,1100.0,synthetic,CBE,Coimbatore
base_3_trucks,optimized,340,109.94441986083984,546.445198059082,550.4446045233697,0.0,105.9450133965522,1,660.0,synthetic,CBE,Coimbatore
base_3_trucks,optimized,341,44.7630500793457,329.5869355201721,374.3499855995178,0.0,0.0,0,660.0,synthetic,CBE,Coimbatore
base_3_trucks,optimized,342,168.34751892089844,217.9225766658783,386.27009558677673,0.0,0.0,0,660.0,synthetic,CBE,Coimbatore
base_3_trucks,optimized,343,37.84638977050781,470.512393951416,508.3587837219238,0.0,0.0,0,660.0,synthetic,CBE,Coimbatore
base_3_trucks,optimized,344,539.40234375,323.5579319000244,346.6073406829049,0.0,516.3529349671195,1,1100.0,synthetic,CBE,Coimbatore
base_3_trucks,optimized,345,89.62940216064453,71.356270134449,72.01970606699382,0.0,88.9659662280997,1,240.0,synthetic,CBE,Coimbatore
base_3_trucks,optimized,346,423.2944641113281,414.23882246017456,433.6831027523612,0.0,403.85018381914153,1,660.0,synthetic,CBE,Coimbatore
base_3_trucks,optimized,347,599.8185424804688,547.2648134231567,572.0242992408528,0.0,575.0590566627727,1,1100.0,synthetic,CBE,Coimbatore
base_3_trucks,optimized,348,176.18450927734375,417.2066073417664,411.4828081247543,0.0,181.90830849435585,1,660.0,synthetic,CBE,Coimbatore
base_3_trucks,optimized,349,64.45237731933594,329.14900183677673,393.6013791561127,0.0,0.0,0,1100.0,synthetic,CBE,Coimbatore
base_3_trucks,optimized,350,446.0184631347656,318.10436820983887,324.36221048502364,0.0,439.76062085958085,1,660.0,synthetic,CBE,Coimbatore
base_3_trucks,optimized,351,123.88893127441406,666.1457271575928,790.0346584320068,0.0,0.0,0,1100.0,synthetic,CBE,Coimbatore
base_3_trucks,optimized,352,99.38548278808594,350.73677825927734,450.1222610473633,0.0,0.0,0,660.0,synthetic,CBE,Coimbatore
base_3_trucks,optimized,353,44.21305084228516,301.68994903564453,303.4072712623353,0.0,42.49572861559439,1,660.0,synthetic,CBE,Coimbatore
base_3_trucks,optimized,354,125.58954620361328,627.4806423187256,753.0701885223389,0.0,0.0,0,1100.0,synthetic,CBE,Coimbatore
base_3_trucks,optimized,355,25.54816055297852,155.55012953281403,151.5237527743073,0.0,29.574537311485244,1,240.0,synthetic,CBE,Coimbatore
base_3_trucks,optimized,356,109.16277313232422,793.0604906082153,796.7506653594327,0.0,105.47259838110688,1,1100.0,synthetic,CBE,Coimbatore
base_3_trucks,optimized,357,63.97397994995117,576.4821357727051,545.184450603741,0.0,95.2716651189152,1,660.0,synthetic,CBE,Coimbatore
base_3_trucks,optimized,358,60.368560791015625,314.02637100219727,374.3949317932129,0.0,0.0,0,660.0,synthetic,CBE,Coimbatore
base_3_trucks,optimized,359,150.3070526123047,509.0432925224304,659.3503451347351,0.0,0.0,0,1100.0,synthetic,CBE,Coimbatore
base_3_trucks,optimized,360,593.1038208007812,649.0616092681885,677.3189829727664,0.0,564.8464470962033,1,1100.0,synthetic,CBE,Coimbatore
base_3_trucks,optimized,361,86.20752716064453,90.343690097332,91.1837551629118,0.0,85.36746209506474,1,240.0,synthetic,CBE,Coimbatore
base_3_trucks,optimized,364,81.35540771484375,381.3550796508789,462.71048736572266,0.0,0.0,0,660.0,synthetic,CBE,Coimbatore
base_3_trucks,optimized,367,36.93098068237305,265.3018260002136,302.23280668258667,0.0,0.0,0,1100.0,synthetic,CBE,Coimbatore
base_3_trucks,optimized,368,102.05056762695312,554.9350509643555,546.9146125657169,0.0,110.07100602559171,1,1100.0,synthetic,CBE,Coimbatore
base_3_trucks,optimized,369,698.9119873046875,794.2856349945068,797.3977444260477,0.0,695.7998778731467,1,1100.0,synthetic,CBE,Coimbatore
base_3_trucks,optimized,409,309.89459228515625,230.29748284816745,235.9106691526729,0.0,304.2814059806508,1,660.0,synthetic,CBE,Coimbatore
base_3_trucks,optimized,413,131.89117431640625,436.4150795936585,568.3062539100647,0.0,0.0,0,660.0,synthetic,CBE,Coimbatore
trigger_70,baseline,152,419.74658203125,273.1885771751404,270.642037656916,0.0,422.2931215494744,1,660.0,synthetic,CBE,Coimbatore
trigger_70,baseline,154,487.5026550292969,419.6848316192627,438.8351783697857,0.0,468.3523082787739,1,660.0,synthetic,CBE,Coimbatore
trigger_70,baseline,156,168.7855224609375,492.3425130844116,482.7377338616345,0.0,178.39030168371457,1,660.0,synthetic,CBE,Coimbatore
trigger_70,baseline,157,90.09275817871094,644.7533264160156,611.6842832793366,0.0,123.16180131538997,1,1100.0,synthetic,CBE,Coimbatore
trigger_70,baseline,159,123.53756713867188,447.80137634277344,571.3389434814453,0.0,0.0,0,1100.0,synthetic,CBE,Coimbatore
trigger_70,baseline,160,487.5672607421875,392.4700555801392,411.2067918695333,0.0,468.8305244527934,1,660.0,synthetic,CBE,Coimbatore
trigger_70,baseline,221,55.52893829345703,172.0542709827423,227.5832092761993,0.0,0.0,0,660.0,synthetic,CBE,Coimbatore
trigger_70,baseline,222,129.67501831054688,118.92242991924286,118.9119651909842,0.0,129.68548303880553,1,240.0,synthetic,CBE,Coimbatore
trigger_70,baseline,223,21.14096069335937,161.9489784240723,183.08993911743164,0.0,0.0,0,660.0,synthetic,CBE,Coimbatore
trigger_70,baseline,224,70.24851989746094,317.96268916130066,388.2112090587616,0.0,0.0,0,1100.0,synthetic,CBE,Coimbatore
trigger_70,baseline,225,34.754058837890625,189.22152709960935,223.9755859375,0.0,0.0,0,660.0,synthetic,CBE,Coimbatore
trigger_70,baseline,226,230.6443328857422,166.0780005455017,175.02002247398275,0.0,221.70231095726115,1,660.0,synthetic,CBE,Coimbatore
trigger_70,baseline,227,634.1651611328125,545.3384771347046,565.4811125308647,0.0,614.0225257366524,1,1100.0,synthetic,CBE,Coimbatore
trigger_70,baseline,228,333.24920654296875,238.7155408859253,249.09070726062595,0.0,322.8740401682681,1,660.0,synthetic,CBE,Coimbatore
trigger_70,baseline,229,91.87053680419922,285.212664604187,377.08320140838623,0.0,0.0,0,660.0,synthetic,CBE,Coimbatore
trigger_70,baseline,230,104.3888168334961,405.6926052570343,403.229837210736,0.0,106.85158487979434,1,660.0,synthetic,CBE,Coimbatore
trigger_70,baseline,231,31.724220275878903,149.31811010837555,181.04233038425448,0.0,0.0,0,660.0,synthetic,CBE,Coimbatore
trigger_70,baseline,232,304.37890625,119.77511242032053,122.12254837512106,0.0,302.0314702951994,1,660.0,synthetic,CBE,Coimbatore
trigger_70,baseline,233,26.349010467529297,251.12821745872495,277.4772279262543,0.0,0.0,0,660.0,synthetic,CBE,Coimbatore
trigger_70,baseline,234,70.41195678710938,636.1324968338013,706.5444536209106,0.0,0.0,0,1100.0,synthetic,CBE,Coimbatore
trigger_70,baseline,235,179.17904663085938,198.07922112941745,200.2797721661954,0.0,176.9784955940814,1,660.0,synthetic,CBE,Coimbatore
trigger_70,baseline,237,575.1884155273438,739.0624523162842,653.5737758875863,0.0,660.6770919560416,1,1100.0,synthetic,CBE,Coimbatore
trigger_70,baseline,238,553.626220703125,323.45901107788086,318.7100420425696,0.0,558.3751897384362,1,660.0,synthetic,CBE,Coimbatore
trigger_70,baseline,240,220.2966766357422,206.86262726783752,214.92456686206464,0.0,212.23473704151507,1,660.0,synthetic,CBE,Coimbatore
trigger_70,baseline,331,468.2568359375,509.1573596000672,520.562044041523,0.0,456.85215149604414,1,660.0,synthetic,CBE,Coimbatore
trigger_70,baseline,332,18.195720672607425,94.6653813123703,77.69927815433005,0.0,35.16182383064768,1,240.0,synthetic,CBE,Coimbatore
trigger_70,baseline,333,465.0933227539063,427.40927958488464,374.1776116305508,0.0,518.3249907082401,1,660.0,synthetic,CBE,Coimbatore
trigger_70,baseline,335,645.3732299804688,481.11693000793457,509.4511497177688,0.0,617.0390102706345,1,1100.0,synthetic,CBE,Coimbatore
trigger_70,baseline,336,195.893798828125,202.2246301174164,210.231226998692,0.0,187.88720194684936,1,240.0,synthetic,CBE,Coimbatore
trigger_70,baseline,337,92.40886688232422,581.6365880966187,584.4914149061764,0.0,89.55404007276647,1,660.0,synthetic,CBE,Coimbatore
trigger_70,baseline,338,83.40709686279297,492.2252445220947,460.1334283533333,0.0,115.49891303155437,1,660.0,synthetic,CBE,Coimbatore
trigger_70,baseline,339,1100.0,841.5268802642822,842.9780588456637,53.548821418618445,1045.0,1,1100.0,synthetic,CBE,Coimbatore
trigger_70,baseline,340,109.94441986083984,546.445198059082,550.4446045233697,0.0,105.9450133965522,1,660.0,synthetic,CBE,Coimbatore
trigger_70,baseline,341,44.7630500793457,329.5869355201721,374.3499855995178,0.0,0.0,0,660.0,synthetic,CBE,Coimbatore
trigger_70,baseline,342,168.34751892089844,217.9225766658783,386.27009558677673,0.0,0.0,0,660.0,synthetic,CBE,Coimbatore
trigger_70,baseline,343,37.84638977050781,470.512393951416,508.3587837219238,0.0,0.0,0,660.0,synthetic,CBE,Coimbatore
trigger_70,baseline,344,539.40234375,323.5579319000244,350.2696398035098,0.0,512.6906358465146,1,1100.0,synthetic,CBE,Coimbatore
trigger_70,baseline,345,89.62940216064453,71.356270134449,74.88577405782006,0.0,86.09989823727348,1,240.0,synthetic,CBE,Coimbatore
trigger_70,baseline,346,423.2944641113281,414.23882246017456,431.1845793845712,0.0,406.34870718693145,1,660.0,synthetic,CBE,Coimbatore
trigger_70,baseline,347,599.8185424804688,547.2648134231567,569.4124408780481,0.0,577.6709150255774,1,1100.0,synthetic,CBE,Coimbatore
trigger_70,baseline,348,176.18450927734375,417.2066073417664,405.8271487845568,0.0,187.5639678345533,1,660.0,synthetic,CBE,Coimbatore
trigger_70,baseline,349,64.45237731933594,329.14900183677673,393.6013791561127,0.0,0.0,0,1100.0,synthetic,CBE,Coimbatore
trigger_70,baseline,350,446.0184631347656,318.10436820983887,325.08296422830983,0.0,439.03986711629466,1,660.0,synthetic,CBE,Coimbatore
trigger_70,baseline,351,123.88893127441406,666.1457271575928,790.0346584320068,0.0,0.0,0,1100.0,synthetic,CBE,Coimbatore
trigger_70,baseline,352,99.38548278808594,350.73677825927734,450.1222610473633,0.0,0.0,0,660.0,synthetic,CBE,Coimbatore
trigger_70,baseline,353,44.21305084228516,301.68994903564453,301.90504299700314,0.0,43.99795688092656,1,660.0,synthetic,CBE,Coimbatore
trigger_70,baseline,354,125.58954620361328,627.4806423187256,584.2200315345689,0.0,168.85015698776996,1,1100.0,synthetic,CBE,Coimbatore
trigger_70,baseline,355,25.54816055297852,155.55012953281403,148.7583964904544,0.0,32.33989359533815,1,240.0,synthetic,CBE,Coimbatore
trigger_70,baseline,356,109.16277313232422,793.0604906082153,792.7505167572759,0.0,109.47274698326362,1,1100.0,synthetic,CBE,Coimbatore
trigger_70,baseline,357,63.97397994995117,576.4821357727051,550.5230126255489,0.0,89.93310309710743,1,660.0,synthetic,CBE,Coimbatore
trigger_70,baseline,358,60.368560791015625,314.02637100219727,374.3949317932129,0.0,0.0,0,660.0,synthetic,CBE,Coimbatore
trigger_70,baseline,359,150.3070526123047,509.0432925224304,659.3503451347351,0.0,0.0,0,1100.0,synthetic,CBE,Coimbatore
trigger_70,baseline,360,593.1038208007812,649.0616092681885,671.3885377376506,0.0,570.7768923313191,1,1100.0,synthetic,CBE,Coimbatore
trigger_70,baseline,361,86.20752716064453,90.343690097332,89.79056201208431,0.0,86.76065524589221,1,240.0,synthetic,CBE,Coimbatore
trigger_70,baseline,364,81.35540771484375,381.3550796508789,348.9599639605502,0.0,113.75052340517242,1,660.0,synthetic,CBE,Coimbatore
trigger_70,baseline,367,36.93098068237305,265.3018260002136,302.23280668258667,0.0,0.0,0,1100.0,synthetic,CBE,Coimbatore
trigger_70,baseline,368,102.05056762695312,554.9350509643555,553.5541314986805,0.0,103.43148709262816,1,1100.0,synthetic,CBE,Coimbatore
trigger_70,baseline,369,698.9119873046875,794.2856349945068,825.1106810713085,0.0,668.0869412278859,1,1100.0,synthetic,CBE,Coimbatore
trigger_70,baseline,409,309.89459228515625,230.29748284816745,231.5582814071228,0.0,308.6337937262009,1,660.0,synthetic,CBE,Coimbatore
trigger_70,baseline,413,131.89117431640625,436.4150795936585,438.8379214725022,0.0,129.46833243756245,1,660.0,synthetic,CBE,Coimbatore
trigger_70,optimized,152,419.74658203125,273.1885771751404,270.02764148810473,0.0,422.9075177182857,1,660.0,synthetic,CBE,Coimbatore
trigger_70,optimized,154,487.5026550292969,419.6848316192627,438.432854879272,0.0,468.7546317692875,1,660.0,synthetic,CBE,Coimbatore
trigger_70,optimized,156,168.7855224609375,492.3425130844116,482.0421317379841,0.0,179.08590380736507,1,660.0,synthetic,CBE,Coimbatore
trigger_70,optimized,157,90.09275817871094,644.7533264160156,610.6172984064818,0.0,124.2287861882447,1,1100.0,synthetic,CBE,Coimbatore
trigger_70,optimized,159,123.53756713867188,447.80137634277344,571.3389434814453,0.0,0.0,0,1100.0,synthetic,CBE,Coimbatore
trigger_70,optimized,160,487.5672607421875,392.4700555801392,411.03159408877,0.0,469.0057222335567,1,660.0,synthetic,CBE,Coimbatore
trigger_70,optimized,221,55.52893829345703,172.0542709827423,227.5832092761993,0.0,0.0,0,660.0,synthetic,CBE,Coimbatore
trigger_70,optimized,222,129.67501831054688,118.92242991924286,118.6868898274638,0.0,129.91055840232593,1,240.0,synthetic,CBE,Coimbatore
trigger_70,optimized,223,21.14096069335937,161.9489784240723,183.08993911743164,0.0,0.0,0,660.0,synthetic,CBE,Coimbatore
trigger_70,optimized,224,70.24851989746094,317.96268916130066,388.2112090587616,0.0,0.0,0,1100.0,synthetic,CBE,Coimbatore
trigger_70,optimized,225,34.754058837890625,189.22152709960935,223.9755859375,0.0,0.0,0,660.0,synthetic,CBE,Coimbatore
trigger_70,optimized,226,230.6443328857422,166.0780005455017,174.90444092861648,0.0,221.81789250262744,1,660.0,synthetic,CBE,Coimbatore
trigger_70,optimized,227,634.1651611328125,545.3384771347046,564.7507245424613,0.0,614.7529137250558,1,1100.0,synthetic,CBE,Coimbatore
trigger_70,optimized,228,333.24920654296875,238.7155408859253,248.76417915587552,0.0,323.2005682730185,1,660.0,synthetic,CBE,Coimbatore
trigger_70,optimized,229,91.87053680419922,285.212664604187,377.08320140838623,0.0,0.0,0,660.0,synthetic,CBE,Coimbatore
trigger_70,optimized,230,104.3888168334961,405.6926052570343,404.9139412058957,0.0,105.16748088463474,1,660.0,synthetic,CBE,Coimbatore
trigger_70,optimized,231,31.724220275878903,149.31811010837555,181.04233038425448,0.0,0.0,0,660.0,synthetic,CBE,Coimbatore
trigger_70,optimized,232,304.37890625,119.77511242032053,121.82193151401796,0.0,302.3320871563025,1,660.0,synthetic,CBE,Coimbatore
trigger_70,optimized,233,26.349010467529297,251.12821745872495,277.4772279262543,0.0,0.0,0,660.0,synthetic,CBE,Coimbatore
trigger_70,optimized,234,70.41195678710938,636.1324968338013,706.5444536209106,0.0,0.0,0,1100.0,synthetic,CBE,Coimbatore
trigger_70,optimized,235,179.17904663085938,198.07922112941745,205.44048669368823,0.0,171.81778106658857,1,660.0,synthetic,CBE,Coimbatore
trigger_70,optimized,237,575.1884155273438,739.0624523162842,660.0688996479482,0.0,654.1819681956797,1,1100.0,synthetic,CBE,Coimbatore
trigger_70,optimized,238,553.626220703125,323.45901107788086,320.45878887421645,0.0,556.6264429067894,1,660.0,synthetic,CBE,Coimbatore
trigger_70,optimized,240,220.2966766357422,206.86262726783752,207.54210404478005,0.0,219.6171998587997,1,660.0,synthetic,CBE,Coimbatore
trigger_70,optimized,331,468.2568359375,509.1573596000672,517.1771785510315,0.0,460.2370169865357,1,660.0,synthetic,CBE,Coimbatore
trigger_70,optimized,332,18.195720672607425,94.6653813123703,89.30294151682658,0.0,23.558160468151144,1,240.0,synthetic,CBE,Coimbatore
trigger_70,optimized,333,465.0933227539063,427.40927958488464,426.6324838464109,0.0,465.87011849238,1,660.0,synthetic,CBE,Coimbatore
trigger_70,optimized,335,645.3732299804688,481.11693000793457,468.0268767943561,0.0,658.4632831940472,1,1100.0,synthetic,CBE,Coimbatore
trigger_70,optimized,336,195.893798828125,202.2246301174164,210.89315918850448,0.0,187.22526975703693,1,240.0,synthetic,CBE,Coimbatore
trigger_70,optimized,337,92.40886688232422,581.6365880966187,573.0557184937228,0.0,100.98973648522004,1,660.0,synthetic,CBE,Coimbatore
trigger_70,optimized,338,83.40709686279297,492.2252445220947,487.4604765351698,0.0,88.1718648497179,1,660.0,synthetic,CBE,Coimbatore
trigger_70,optimized,339,1100.0,841.5268802642822,886.0837127225866,10.44316754169563,1045.0,1,1100.0,synthetic,CBE,Coimbatore
trigger_70,optimized,340,109.94441986083984,546.445198059082,550.4446045233697,0.0,105.9450133965522,1,660.0,synthetic,CBE,Coimbatore
trigger_70,optimized,341,44.7630500793457,329.5869355201721,374.3499855995178,0.0,0.0,0,660.0,synthetic,CBE,Coimbatore
trigger_70,optimized,342,168.34751892089844,217.9225766658783,386.27009558677673,0.0,0.0,0,660.0,synthetic,CBE,Coimbatore
trigger_70,optimized,343,37.84638977050781,470.512393951416,508.3587837219238,0.0,0.0,0,660.0,synthetic,CBE,Coimbatore
trigger_70,optimized,344,539.40234375,323.5579319000244,346.64040755988816,0.0,516.3198680901363,1,1100.0,synthetic,CBE,Coimbatore
trigger_70,optimized,345,89.62940216064453,71.356270134449,72.05374391848322,0.0,88.93192837661032,1,240.0,synthetic,CBE,Coimbatore
trigger_70,optimized,346,423.2944641113281,414.23882246017456,433.6831027523612,0.0,403.85018381914153,1,660.0,synthetic,CBE,Coimbatore
trigger_70,optimized,347,599.8185424804688,547.2648134231567,570.0023838625594,0.0,577.080972041066,1,1100.0,synthetic,CBE,Coimbatore
trigger_70,optimized,348,176.18450927734375,417.2066073417664,407.1045980513511,0.0,186.28651856775895,1,660.0,synthetic,CBE,Coimbatore
trigger_70,optimized,349,64.45237731933594,329.14900183677673,393.6013791561127,0.0,0.0,0,1100.0,synthetic,CBE,Coimbatore
trigger_70,optimized,350,446.0184631347656,318.10436820983887,319.9761826715174,0.0,444.1466486730871,1,660.0,synthetic,CBE,Coimbatore
trigger_70,optimized,351,123.88893127441406,666.1457271575928,790.0346584320068,0.0,0.0,0,1100.0,synthetic,CBE,Coimbatore
trigger_70,optimized,352,99.38548278808594,350.73677825927734,450.1222610473633,0.0,0.0,0,660.0,synthetic,CBE,Coimbatore
trigger_70,optimized,353,44.21305084228516,301.68994903564453,303.4072712623353,0.0,42.49572861559439,1,660.0,synthetic,CBE,Coimbatore
trigger_70,optimized,354,125.58954620361328,627.4806423187256,604.7680381675855,0.0,148.30215035475342,1,1100.0,synthetic,CBE,Coimbatore
trigger_70,optimized,355,25.54816055297852,155.55012953281403,152.84726116130307,0.0,28.25102892448948,1,240.0,synthetic,CBE,Coimbatore
trigger_70,optimized,356,109.16277313232422,793.0604906082153,796.7506653594327,0.0,105.47259838110688,1,1100.0,synthetic,CBE,Coimbatore
trigger_70,optimized,357,63.97397994995117,576.4821357727051,558.2473547882596,0.0,82.2087609343967,1,660.0,synthetic,CBE,Coimbatore
trigger_70,optimized,358,60.368560791015625,314.02637100219727,374.3949317932129,0.0,0.0,0,660.0,synthetic,CBE,Coimbatore
trigger_70,optimized,359,150.3070526123047,509.0432925224304,659.3503451347351,0.0,0.0,0,1100.0,synthetic,CBE,Coimbatore
trigger_70,optimized,360,593.1038208007812,649.0616092681885,677.3189829727664,0.0,564.8464470962033,1,1100.0,synthetic,CBE,Coimbatore
trigger_70,optimized,361,86.20752716064453,90.343690097332,92.38834708228168,0.0,84.16287017569486,1,240.0,synthetic,CBE,Coimbatore
trigger_70,optimized,364,81.35540771484375,381.3550796508789,367.3949726566952,0.0,95.31551470902748,1,660.0,synthetic,CBE,Coimbatore
trigger_70,optimized,367,36.93098068237305,265.3018260002136,302.23280668258667,0.0,0.0,0,1100.0,synthetic,CBE,Coimbatore
trigger_70,optimized,368,102.05056762695312,554.9350509643555,548.8840998841806,0.0,108.10151870712797,1,1100.0,synthetic,CBE,Coimbatore
trigger_70,optimized,369,698.9119873046875,794.2856349945068,804.2917873674577,0.0,688.9058349317366,1,1100.0,synthetic,CBE,Coimbatore
trigger_70,optimized,409,309.89459228515625,230.29748284816745,232.5413594533623,0.0,307.65071567996137,1,660.0,synthetic,CBE,Coimbatore
trigger_70,optimized,413,131.89117431640625,436.4150795936585,436.0911022219902,0.0,132.2151516880745,1,660.0,synthetic,CBE,Coimbatore
trigger_90,baseline,152,419.74658203125,273.1885771751404,270.0551359905713,0.0,422.8800232158191,1,660.0,synthetic,CBE,Coimbatore
trigger_90,baseline,154,487.5026550292969,419.6848316192627,430.5109073643796,0.0,476.6765792841799,1,660.0,synthetic,CBE,Coimbatore
trigger_90,baseline,156,168.7855224609375,492.3425130844116,660.0,1.128035545349121,0.0,0,660.0,synthetic,CBE,Coimbatore
trigger_90,baseline,157,90.09275817871094,644.7533264160156,734.8460845947266,0.0,0.0,0,1100.0,synthetic,CBE,Coimbatore
trigger_90,baseline,159,123.53756713867188,447.80137634277344,571.3389434814453,0.0,0.0,0,1100.0,synthetic,CBE,Coimbatore
trigger_90,baseline,160,487.5672607421875,392.4700555801392,409.1507606321184,0.0,470.8865556902083,1,660.0,synthetic,CBE,Coimbatore
trigger_90,baseline,221,55.52893829345703,172.0542709827423,227.5832092761993,0.0,0.0,0,660.0,synthetic,CBE,Coimbatore
trigger_90,baseline,222,129.67501831054688,118.92242991924286,114.76351068430492,0.0,133.8339375454848,1,240.0,synthetic,CBE,Coimbatore
trigger_90,baseline,223,21.14096069335937,161.9489784240723,183.08993911743164,0.0,0.0,0,660.0,synthetic,CBE,Coimbatore
trigger_90,baseline,224,70.24851989746094,317.96268916130066,388.2112090587616,0.0,0.0,0,1100.0,synthetic,CBE,Coimbatore
trigger_90,baseline,225,34.754058837890625,189.22152709960935,223.9755859375,0.0,0.0,0,660.0,synthetic,CBE,Coimbatore
trigger_90,baseline,226,230.6443328857422,166.0780005455017,396.7223334312439,0.0,0.0,0,660.0,synthetic,CBE,Coimbatore
trigger_90,baseline,227,634.1651611328125,545.3384771347046,550.3690256208978,0.0,629.1346126466193,1,1100.0,synthetic,CBE,Coimbatore
trigger_90,baseline,228,333.24920654296875,238.7155408859253,242.33468008618945,0.0,329.6300673427046,1,660.0,synthetic,CBE,Coimbatore
trigger_90,baseline,229,91.87053680419922,285.212664604187,377.08320140838623,0.0,0.0,0,660.0,synthetic,CBE,Coimbatore
trigger_90,baseline,230,104.3888168334961,405.6926052570343,510.0814220905304,0.0,0.0,0,660.0,synthetic,CBE,Coimbatore
trigger_90,baseline,231,31.724220275878903,149.31811010837555,181.04233038425448,0.0,0.0,0,660.0,synthetic,CBE,Coimbatore
trigger_90,baseline,232,304.37890625,119.77511242032053,124.54870951209745,0.0,299.60530915822306,1,660.0,synthetic,CBE,Coimbatore
trigger_90,baseline,233,26.349010467529297,251.12821745872495,277.4772279262543,0.0,0.0,0,660.0,synthetic,CBE,Coimbatore
trigger_90,baseline,234,70.41195678710938,636.1324968338013,706.5444536209106,0.0,0.0,0,1100.0,synthetic,CBE,Coimbatore
trigger_90,baseline,235,179.17904663085938,198.07922112941745,377.2582677602768,0.0,0.0,0,660.0,synthetic,CBE,Coimbatore
trigger_90,baseline,237,575.1884155273438,739.0624523162842,702.3653922038511,0.0,611.8854756397768,1,1100.0,synthetic,CBE,Coimbatore
trigger_90,baseline,238,553.626220703125,323.45901107788086,335.7237324136164,0.0,541.3614993673895,1,660.0,synthetic,CBE,Coimbatore
trigger_90,baseline,240,220.2966766357422,206.86262726783752,427.1593039035797,0.0,0.0,0,660.0,synthetic,CBE,Coimbatore
trigger_90,baseline,331,468.2568359375,509.1573596000672,513.3332758034215,0.0,464.0809197341456,1,660.0,synthetic,CBE,Coimbatore
trigger_90,baseline,332,18.195720672607425,94.6653813123703,112.86110198497772,0.0,0.0,0,240.0,synthetic,CBE,Coimbatore
trigger_90,baseline,333,465.0933227539063,427.40927958488464,421.5131358590106,0.0,470.98946647978033,1,660.0,synthetic,CBE,Coimbatore
trigger_90,baseline,335,645.3732299804688,481.11693000793457,496.2263878007533,0.0,630.26377218765,1,1100.0,synthetic,CBE,Coimbatore
trigger_90,baseline,336,195.893798828125,202.2246301174164,210.231226998692,0.0,187.88720194684936,1,240.0,synthetic,CBE,Coimbatore
trigger_90,baseline,337,92.40886688232422,581.6365880966187,660.0,14.045454978942873,0.0,0,660.0,synthetic,CBE,Coimbatore
trigger_90,baseline,338,83.40709686279297,492.2252445220947,575.6323413848877,0.0,0.0,0,660.0,synthetic,CBE,Coimbatore
trigger_90,baseline,339,1100.0,841.5268802642822,879.9842597724381,16.542620491844218,1045.0,1,1100.0,synthetic,CBE,Coimbatore
trigger_90,baseline,340,109.94441986083984,546.445198059082,550.4446045233697,0.0,105.9450133965522,1,660.0,synthetic,CBE,Coimbatore
trigger_90,baseline,341,44.7630500793457,329.5869355201721,374.3499855995178,0.0,0.0,0,660.0,synthetic,CBE,Coimbatore
trigger_90,baseline,342,168.34751892089844,217.9225766658783,386.27009558677673,0.0,0.0,0,660.0,synthetic,CBE,Coimbatore
trigger_90,baseline,343,37.84638977050781,470.512393951416,508.3587837219238,0.0,0.0,0,660.0,synthetic,CBE,Coimbatore
trigger_90,baseline,344,539.40234375,323.5579319000244,346.283556952717,0.0,516.6767186973075,1,1100.0,synthetic,CBE,Coimbatore
trigger_90,baseline,345,89.62940216064453,71.356270134449,160.98567229509354,0.0,0.0,0,240.0,synthetic,CBE,Coimbatore
trigger_90,baseline,346,423.2944641113281,414.23882246017456,433.9474985329245,0.0,403.5857880385782,1,660.0,synthetic,CBE,Coimbatore
trigger_90,baseline,347,599.8185424804688,547.2648134231567,572.665892852888,0.0,574.4174630507375,1,1100.0,synthetic,CBE,Coimbatore
trigger_90,baseline,348,176.18450927734375,417.2066073417664,593.3911166191101,0.0,0.0,0,660.0,synthetic,CBE,Coimbatore
trigger_90,baseline,349,64.45237731933594,329.14900183677673,393.6013791561127,0.0,0.0,0,1100.0,synthetic,CBE,Coimbatore
trigger_90,baseline,350,446.0184631347656,318.10436820983887,327.1457566784644,0.0,436.9770746661401,1,660.0,synthetic,CBE,Coimbatore
trigger_90,baseline,351,123.88893127441406,666.1457271575928,790.0346584320068,0.0,0.0,0,1100.0,synthetic,CBE,Coimbatore
trigger_90,baseline,352,99.38548278808594,350.73677825927734,450.1222610473633,0.0,0.0,0,660.0,synthetic,CBE,Coimbatore
trigger_90,baseline,353,44.21305084228516,301.68994903564453,303.4072712623353,0.0,42.49572861559439,1,660.0,synthetic,CBE,Coimbatore
trigger_90,baseline,354,125.58954620361328,627.4806423187256,753.0701885223389,0.0,0.0,0,1100.0,synthetic,CBE,Coimbatore
trigger_90,baseline,355,25.54816055297852,155.55012953281403,181.0982900857925,0.0,0.0,0,240.0,synthetic,CBE,Coimbatore
trigger_90,baseline,356,109.16277313232422,793.0604906082153,902.2232637405396,0.0,0.0,0,1100.0,synthetic,CBE,Coimbatore
trigger_90,baseline,357,63.97397994995117,576.4821357727051,550.3471687026994,0.0,90.10894701995689,1,660.0,synthetic,CBE,Coimbatore
trigger_90,baseline,358,60.368560791015625,314.02637100219727,374.3949317932129,0.0,0.0,0,660.0,synthetic,CBE,Coimbatore
trigger_90,baseline,359,150.3070526123047,509.0432925224304,659.3503451347351,0.0,0.0,0,1100.0,synthetic,CBE,Coimbatore
trigger_90,baseline,360,593.1038208007812,649.0616092681885,677.3189829727664,0.0,564.8464470962033,1,1100.0,synthetic,CBE,Coimbatore
trigger_90,baseline,361,86.20752716064453,90.343690097332,88.0446817533115,0.0,88.50653550466502,1,240.0,synthetic,CBE,Coimbatore
trigger_90,baseline,364,81.35540771484375,381.3550796508789,462.71048736572266,0.0,0.0,0,660.0,synthetic,CBE,Coimbatore
trigger_90,baseline,367,36.93098068237305,265.3018260002136,302.23280668258667,0.0,0.0,0,1100.0,synthetic,CBE,Coimbatore
trigger_90,baseline,368,102.05056762695312,554.9350509643555,656.9856185913086,0.0,0.0,0,1100.0,synthetic,CBE,Coimbatore
trigger_90,baseline,369,698.9119873046875,794.2856349945068,794.9476447192875,0.0,698.2499775799068,1,1100.0,synthetic,CBE,Coimbatore
trigger_90,baseline,409,309.89459228515625,230.29748284816745,236.97981754693967,0.0,303.212257586384,1,660.0,synthetic,CBE,Coimbatore
trigger_90,baseline,413,131.89117431640625,436.4150795936585,568.3062539100647,0.0,0.0,0,660.0,synthetic,CBE,Coimbatore
trigger_90,optimized,152,419.74658203125,273.1885771751404,280.32995921185613,0.0,412.6051999945343,1,660.0,synthetic,CBE,Coimbatore
trigger_90,optimized,154,487.5026550292969,419.6848316192627,430.79755797190177,0.0,476.3899286766578,1,660.0,synthetic,CBE,Coimbatore
trigger_90,optimized,156,168.7855224609375,492.3425130844116,660.0,1.128035545349121,0.0,0,660.0,synthetic,CBE,Coimbatore
trigger_90,optimized,157,90.09275817871094,644.7533264160156,734.8460845947266,0.0,0.0,0,1100.0,synthetic,CBE,Coimbatore
trigger_90,optimized,159,123.53756713867188,447.80137634277344,571.3389434814453,0.0,0.0,0,1100.0,synthetic,CBE,Coimbatore
trigger_90,optimized,160,487.5672607421875,392.4700555801392,413.52840290412666,0.0,466.5089134182,1,660.0,synthetic,CBE,Coimbatore
trigger_90,optimized,221,55.52893829345703,172.0542709827423,227.5832092761993,0.0,0.0,0,660.0,synthetic,CBE,Coimbatore
trigger_90,optimized,222,129.67501831054688,118.92242991924286,121.89452264854684,0.0,126.70292558124288,1,240.0,synthetic,CBE,Coimbatore
trigger_90,optimized,223,21.14096069335937,161.9489784240723,183.08993911743164,0.0,0.0,0,660.0,synthetic,CBE,Coimbatore
trigger_90,optimized,224,70.24851989746094,317.96268916130066,388.2112090587616,0.0,0.0,0,1100.0,synthetic,CBE,Coimbatore
trigger_90,optimized,225,34.754058837890625,189.22152709960935,223.9755859375,0.0,0.0,0,660.0,synthetic,CBE,Coimbatore
trigger_90,optimized,226,230.6443328857422,166.0780005455017,396.7223334312439,0.0,0.0,0,660.0,synthetic,CBE,Coimbatore
trigger_90,optimized,227,634.1651611328125,545.3384771347046,555.050252763569,0.0,624.4533855039481,1,1100.0,synthetic,CBE,Coimbatore
trigger_90,optimized,228,333.24920654296875,238.7155408859253,246.66098137627165,0.0,325.3037660526224,1,660.0,synthetic,CBE,Coimbatore
trigger_90,optimized,229,91.87053680419922,285.212664604187,377.08320140838623,0.0,0.0,0,660.0,synthetic,CBE,Coimbatore
trigger_90,optimized,230,104.3888168334961,405.6926052570343,510.0814220905304,0.0,0.0,0,660.0,synthetic,CBE,Coimbatore
trigger_90,optimized,231,31.724220275878903,149.31811010837555,181.04233038425448,0.0,0.0,0,660.0,synthetic,CBE,Coimbatore
trigger_90,optimized,232,304.37890625,119.77511242032053,124.06211752976576,0.0,300.09190114055474,1,660.0,synthetic,CBE,Coimbatore
trigger_90,optimized,233,26.349010467529297,251.12821745872495,277.4772279262543,0.0,0.0,0,660.0,synthetic,CBE,Coimbatore
trigger_90,optimized,234,70.41195678710938,636.1324968338013,706.5444536209106,0.0,0.0,0,1100.0,synthetic,CBE,Coimbatore
trigger_90,optimized,235,179.17904663085938,198.07922112941745,377.2582677602768,0.0,0.0,0,660.0,synthetic,CBE,Coimbatore
trigger_90,optimized,237,575.1884155273438,739.0624523162842,676.7619769620976,0.0,637.4888908815303,1,1100.0,synthetic,CBE,Coimbatore
trigger_90,optimized,238,553.626220703125,323.45901107788086,324.9532322659969,0.0,552.1319995150089,1,660.0,synthetic,CBE,Coimbatore
trigger_90,optimized,240,220.2966766357422,206.86262726783752,427.1593039035797,0.0,0.0,0,660.0,synthetic,CBE,Coimbatore
trigger_90,optimized,331,468.2568359375,509.1573596000672,482.4123313124797,0.0,495.0018642250874,1,660.0,synthetic,CBE,Coimbatore
trigger_90,optimized,332,18.195720672607425,94.6653813123703,112.86110198497772,0.0,0.0,0,240.0,synthetic,CBE,Coimbatore
trigger_90,optimized,333,465.0933227539063,427.40927958488464,388.0100177510626,0.0,504.4925845877283,1,660.0,synthetic,CBE,Coimbatore
trigger_90,optimized,335,645.3732299804688,481.11693000793457,509.4511497177688,0.0,617.0390102706345,1,1100.0,synthetic,CBE,Coimbatore
trigger_90,optimized,336,195.893798828125,202.2246301174164,210.231226998692,0.0,187.88720194684936,1,240.0,synthetic,CBE,Coimbatore
trigger_90,optimized,337,92.40886688232422,581.6365880966187,660.0,14.045454978942873,0.0,0,660.0,synthetic,CBE,Coimbatore
trigger_90,optimized,338,83.40709686279297,492.2252445220947,575.6323413848877,0.0,0.0,0,660.0,synthetic,CBE,Coimbatore
trigger_90,optimized,339,1100.0,841.5268802642822,879.9842597724381,16.542620491844218,1045.0,1,1100.0,synthetic,CBE,Coimbatore
trigger_90,optimized,340,109.94441986083984,546.445198059082,550.4446045233697,0.0,105.9450133965522,1,660.0,synthetic,CBE,Coimbatore
trigger_90,optimized,341,44.7630500793457,329.5869355201721,374.3499855995178,0.0,0.0,0,660.0,synthetic,CBE,Coimbatore
trigger_90,optimized,342,168.34751892089844,217.9225766658783,386.27009558677673,0.0,0.0,0,660.0,synthetic,CBE,Coimbatore
trigger_90,optimized,343,37.84638977050781,470.512393951416,508.3587837219238,0.0,0.0,0,660.0,synthetic,CBE,Coimbatore
trigger_90,optimized,344,539.40234375,323.5579319000244,347.2444783747995,0.0,515.7157972752249,1,1100.0,synthetic,CBE,Coimbatore
trigger_90,optimized,345,89.62940216064453,71.356270134449,160.98567229509354,0.0,0.0,0,240.0,synthetic,CBE,Coimbatore
trigger_90,optimized,346,423.2944641113281,414.23882246017456,433.3446583595082,0.0,404.1886282119944,1,660.0,synthetic,CBE,Coimbatore
trigger_90,optimized,347,599.8185424804688,547.2648134231567,573.8530535185134,0.0,573.230302385112,1,1100.0,synthetic,CBE,Coimbatore
trigger_90,optimized,348,176.18450927734375,417.2066073417664,593.3911166191101,0.0,0.0,0,660.0,synthetic,CBE,Coimbatore
trigger_90,optimized,349,64.45237731933594,329.14900183677673,393.6013791561127,0.0,0.0,0,1100.0,synthetic,CBE,Coimbatore
trigger_90,optimized,350,446.0184631347656,318.10436820983887,334.71573657832164,0.0,429.40709476628285,1,660.0,synthetic,CBE,Coimbatore
trigger_90,optimized,351,123.88893127441406,666.1457271575928,790.0346584320068,0.0,0.0,0,1100.0,synthetic,CBE,Coimbatore
trigger_90,optimized,352,99.38548278808594,350.73677825927734,450.1222610473633,0.0,0.0,0,660.0,synthetic,CBE,Coimbatore
trigger_90,optimized,353,44.21305084228516,301.68994903564453,299.8102890102496,0.0,46.0927108676801,1,660.0,synthetic,CBE,Coimbatore
trigger_90,optimized,354,125.58954620361328,627.4806423187256,753.0701885223389,0.0,0.0,0,1100.0,synthetic,CBE,Coimbatore
trigger_90,optimized,355,25.54816055297852,155.55012953281403,181.0982900857925,0.0,0.0,0,240.0,synthetic,CBE,Coimbatore
trigger_90,optimized,356,109.16277313232422,793.0604906082153,902.2232637405396,0.0,0.0,0,1100.0,synthetic,CBE,Coimbatore
trigger_90,optimized,357,63.97397994995117,576.4821357727051,554.94304148048,0.0,85.51307424217623,1,660.0,synthetic,CBE,Coimbatore
trigger_90,optimized,358,60.368560791015625,314.02637100219727,374.3949317932129,0.0,0.0,0,660.0,synthetic,CBE,Coimbatore
trigger_90,optimized,359,150.3070526123047,509.0432925224304,659.3503451347351,0.0,0.0,0,1100.0,synthetic,CBE,Coimbatore
trigger_90,optimized,360,593.1038208007812,649.0616092681885,673.8682249840384,0.0,568.2972050849313,1,1100.0,synthetic,CBE,Coimbatore
trigger_90,optimized,361,86.20752716064453,90.343690097332,92.08364078930168,0.0,84.46757646867485,1,240.0,synthetic,CBE,Coimbatore
trigger_90,optimized,364,81.35540771484375,381.3550796508789,462.71048736572266,0.0,0.0,0,660.0,synthetic,CBE,Coimbatore
trigger_90,optimized,367,36.93098068237305,265.3018260002136,302.23280668258667,0.0,0.0,0,1100.0,synthetic,CBE,Coimbatore
trigger_90,optimized,368,102.05056762695312,554.9350509643555,656.9856185913086,0.0,0.0,0,1100.0,synthetic,CBE,Coimbatore
trigger_90,optimized,369,698.9119873046875,794.2856349945068,806.549316300008,0.0,686.6483059991864,1,1100.0,synthetic,CBE,Coimbatore
trigger_90,optimized,409,309.89459228515625,230.29748284816745,238.95809615754507,0.0,301.2339789757786,1,660.0,synthetic,CBE,Coimbatore
trigger_90,optimized,413,131.89117431640625,436.4150795936585,568.3062539100647,0.0,0.0,0,660.0,synthetic,CBE,Coimbatore
demand_plus20,baseline,152,419.74658203125,327.8262926101684,318.83908304857005,0.0,428.7337915928484,1,660.0,synthetic,CBE,Coimbatore
demand_plus20,baseline,154,487.5026550292969,503.6217979431152,520.5917845485287,0.0,470.5326684238833,1,660.0,synthetic,CBE,Coimbatore
demand_plus20,baseline,156,168.7855224609375,590.811015701294,575.6343565895877,0.0,183.96218157264371,1,660.0,synthetic,CBE,Coimbatore
demand_plus20,baseline,157,90.09275817871094,773.7039916992187,730.1090589025486,0.0,133.68769097538106,1,1100.0,synthetic,CBE,Coimbatore
demand_plus20,baseline,159,123.53756713867188,537.361651611328,660.8992187499999,0.0,0.0,0,1100.0,synthetic,CBE,Coimbatore
demand_plus20,baseline,160,487.5672607421875,470.964066696167,488.0780494434997,0.0,470.4532779948548,1,660.0,synthetic,CBE,Coimbatore
demand_plus20,baseline,221,55.52893829345703,206.4651251792908,261.9940634727478,0.0,0.0,0,660.0,synthetic,CBE,Coimbatore
demand_plus20,baseline,222,129.67501831054688,142.7069159030914,140.7624196054404,0.0,131.61951460819793,1,240.0,synthetic,CBE,Coimbatore
demand_plus20,baseline,223,21.14096069335937,194.33877410888672,215.47973480224607,0.0,0.0,0,660.0,synthetic,CBE,Coimbatore
demand_plus20,baseline,224,70.24851989746094,381.5552269935608,451.8037468910217,0.0,0.0,0,1100.0,synthetic,CBE,Coimbatore
demand_plus20,baseline,225,34.754058837890625,227.06583251953128,261.81989135742185,0.0,0.0,0,660.0,synthetic,CBE,Coimbatore
demand_plus20,baseline,226,230.6443328857422,199.29360065460205,207.39139928807143,0.0,222.5465342522728,1,660.0,synthetic,CBE,Coimbatore
demand_plus20,baseline,227,634.1651611328125,654.4061725616455,670.174444913612,0.0,618.396888780846,1,1100.0,synthetic,CBE,Coimbatore
demand_plus20,baseline,228,333.24920654296875,286.4586490631104,294.6548569574579,0.0,325.0529986486212,1,660.0,synthetic,CBE,Coimbatore
demand_plus20,baseline,229,91.87053680419922,342.2551975250244,337.8576454804534,0.0,96.26808884877023,1,660.0,synthetic,CBE,Coimbatore
demand_plus20,baseline,230,104.3888168334961,486.8311263084411,482.8319164845483,0.0,108.38802665738896,1,660.0,synthetic,CBE,Coimbatore
demand_plus20,baseline,231,31.724220275878903,179.18173213005065,210.90595240592955,0.0,0.0,0,660.0,synthetic,CBE,Coimbatore
demand_plus20,baseline,232,304.37890625,143.7301349043846,142.6548937934611,0.0,305.4541473609235,1,660.0,synthetic,CBE,Coimbatore
demand_plus20,baseline,233,26.349010467529297,301.35386095046994,327.70287141799923,0.0,0.0,0,660.0,synthetic,CBE,Coimbatore
demand_plus20,baseline,234,70.41195678710938,763.3589962005615,833.7709529876707,0.0,0.0,0,1100.0,synthetic,CBE,Coimbatore
demand_plus20,baseline,235,179.17904663085938,237.6950653553009,238.1333801517393,0.0,178.74073183442098,1,660.0,synthetic,CBE,Coimbatore
demand_plus20,baseline,237,575.1884155273438,886.874942779541,772.2148537157075,0.0,689.8485045911774,1,1100.0,synthetic,CBE,Coimbatore
demand_plus20,baseline,238,553.626220703125,388.150813293457,375.2137089263314,0.0,566.5633250702506,1,660.0,synthetic,CBE,Coimbatore
demand_plus20,baseline,240,220.2966766357422,248.23515272140503,255.00270198234907,0.0,213.5291273747981,1,660.0,synthetic,CBE,Coimbatore
demand_plus20,baseline,331,468.2568359375,610.9888315200806,587.6922130179362,0.0,491.5534544396442,1,660.0,synthetic,CBE,Coimbatore
demand_plus20,baseline,332,18.195720672607425,113.59845757484436,93.23985156585408,0.0,38.5543266815977,1,240.0,synthetic,CBE,Coimbatore
demand_plus20,baseline,333,465.0933227539063,512.8911355018615,469.70062013657787,0.0,508.28383811918985,1,660.0,synthetic,CBE,Coimbatore
demand_plus20,baseline,335,645.3732299804688,577.3403160095214,604.8876473615179,0.0,617.8258986284723,1,1100.0,synthetic,CBE,Coimbatore
demand_plus20,baseline,336,195.893798828125,242.6695561408997,240.0,10.31853441014917,188.2448205588755,1,240.0,synthetic,CBE,Coimbatore
demand_plus20,baseline,337,92.40886688232422,697.9639057159424,660.0,30.155898033145263,100.21687456512127,1,660.0,synthetic,CBE,Coimbatore
demand_plus20,baseline,338,83.40709686279297,590.6702934265137,533.2350325334867,0.0,140.8423577558199,1,660.0,synthetic,CBE,Coimbatore
demand_plus20,baseline,339,1100.0,1009.8322563171388,1041.079518173675,23.752738143463603,1045.0,1,1100.0,synthetic,CBE,Coimbatore
demand_plus20,baseline,340,109.94441986083984,655.7342376708984,659.4340812294353,0.0,106.24457630230307,1,660.0,synthetic,CBE,Coimbatore
demand_plus20,baseline,341,44.7630500793457,395.5043226242065,440.2673727035522,0.0,0.0,0,660.0,synthetic,CBE,Coimbatore
demand_plus20,baseline,342,168.34751892089844,261.507091999054,429.85461091995234,0.0,0.0,0,660.0,synthetic,CBE,Coimbatore
demand_plus20,baseline,343,37.84638977050781,564.6148727416992,563.0979681570157,0.0,39.3632943551914,1,660.0,synthetic,CBE,Coimbatore
demand_plus20,baseline,344,539.40234375,388.2695182800293,414.9295443267117,0.0,512.7423177033177,1,1100.0,synthetic,CBE,Coimbatore
demand_plus20,baseline,345,89.62940216064453,85.6275241613388,84.31779313859914,0.0,90.9391331833842,1,240.0,synthetic,CBE,Coimbatore
demand_plus20,baseline,346,423.2944641113281,497.0865869522095,515.302709374488,0.0,405.0783416890495,1,660.0,synthetic,CBE,Coimbatore
demand_plus20,baseline,347,599.8185424804688,656.717776107788,678.2856549829754,0.0,578.2506636052815,1,1100.0,synthetic,CBE,Coimbatore
demand_plus20,baseline,348,176.18450927734375,500.6479288101196,487.372099847508,0.0,189.4603382399553,1,660.0,synthetic,CBE,Coimbatore
demand_plus20,baseline,349,64.45237731933594,394.9788022041321,459.431179523468,0.0,0.0,0,1100.0,synthetic,CBE,Coimbatore
demand_plus20,baseline,350,446.0184631347656,381.7252418518066,380.120748262021,0.0,447.6229567245512,1,660.0,synthetic,CBE,Coimbatore
demand_plus20,baseline,351,123.88893127441406,799.3748725891113,923.2638038635253,0.0,0.0,0,1100.0,synthetic,CBE,Coimbatore
demand_plus20,baseline,352,99.38548278808594,420.8841339111328,520.2696166992187,0.0,0.0,0,660.0,synthetic,CBE,Coimbatore
demand_plus20,baseline,353,44.21305084228516,362.02793884277344,362.6934834517793,0.0,43.54750623327932,1,660.0,synthetic,CBE,Coimbatore
demand_plus20,baseline,354,125.58954620361328,752.9767707824707,723.2199743801243,0.0,155.34634260595965,1,1100.0,synthetic,CBE,Coimbatore
demand_plus20,baseline,355,25.54816055297852,186.66015543937684,182.97219115337248,0.0,29.236124838982896,1,240.0,synthetic,CBE,Coimbatore
demand_plus20,baseline,356,109.16277313232422,951.6725887298584,953.8874406617556,0.0,106.94792120042683,1,1100.0,synthetic,CBE,Coimbatore
demand_plus20,baseline,357,63.97397994995117,691.7785629272461,638.0415057609929,0.0,117.7110371162044,1,660.0,synthetic,CBE,Coimbatore
demand_plus20,baseline,358,60.368560791015625,376.8316452026367,437.20020599365216,0.0,0.0,0,660.0,synthetic,CBE,Coimbatore
demand_plus20,baseline,359,150.3070526123047,610.8519510269165,761.159003639221,0.0,0.0,0,1100.0,synthetic,CBE,Coimbatore
demand_plus20,baseline,360,593.1038208007812,778.8739311218261,805.5528816596066,0.0,566.4248702630008,1,1100.0,synthetic,CBE,Coimbatore
demand_plus20,baseline,361,86.20752716064453,108.4124281167984,107.87578318475734,0.0,86.74417209268559,1,240.0,synthetic,CBE,Coimbatore
demand_plus20,baseline,364,81.35540771484375,457.6260955810547,430.2047874111748,0.0,108.77671588472364,1,660.0,synthetic,CBE,Coimbatore
demand_plus20,baseline,367,36.93098068237305,318.36219120025635,355.2931718826294,0.0,0.0,0,1100.0,synthetic,CBE,Coimbatore
demand_plus20,baseline,368,102.05056762695312,665.9220611572265,661.1881138165827,0.0,106.78451496759692,1,1100.0,synthetic,CBE,Coimbatore
demand_plus20,baseline,369,698.9119873046875,953.1427619934082,983.1436974125232,0.0,668.9110518855725,1,1100.0,synthetic,CBE,Coimbatore
demand_plus20,baseline,409,309.89459228515625,276.3569794178009,276.41890871265286,0.0,309.83266299030424,1,660.0,synthetic,CBE,Coimbatore
demand_plus20,baseline,413,131.89117431640625,523.6980955123901,522.1794847547576,0.0,133.4097850740388,1,660.0,synthetic,CBE,Coimbatore
demand_plus20,optimized,152,419.74658203125,327.8262926101684,321.7164299474389,0.0,425.85644469397954,1,660.0,synthetic,CBE,Coimbatore
demand_plus20,optimized,154,487.5026550292969,503.6217979431152,518.1605801014244,0.0,472.96387287098753,1,660.0,synthetic,CBE,Coimbatore
demand_plus20,optimized,156,168.7855224609375,590.811015701294,563.0238782162678,0.0,196.57265994596364,1,660.0,synthetic,CBE,Coimbatore
demand_plus20,optimized,157,90.09275817871094,773.7039916992187,735.1059742006843,0.0,128.69077567724543,1,1100.0,synthetic,CBE,Coimbatore
demand_plus20,optimized,159,123.53756713867188,537.361651611328,660.8992187499999,0.0,0.0,0,1100.0,synthetic,CBE,Coimbatore
demand_plus20,optimized,160,487.5672607421875,470.964066696167,486.8616851533485,0.0,471.669642285006,1,660.0,synthetic,CBE,Coimbatore
demand_plus20,optimized,221,55.52893829345703,206.4651251792908,261.9940634727478,0.0,0.0,0,660.0,synthetic,CBE,Coimbatore
demand_plus20,optimized,222,129.67501831054688,142.7069159030914,136.6820582788445,0.0,135.69987593479382,1,240.0,synthetic,CBE,Coimbatore
demand_plus20,optimized,223,21.14096069335937,194.33877410888672,215.47973480224607,0.0,0.0,0,660.0,synthetic,CBE,Coimbatore
demand_plus20,optimized,224,70.24851989746094,381.5552269935608,451.8037468910217,0.0,0.0,0,1100.0,synthetic,CBE,Coimbatore
demand_plus20,optimized,225,34.754058837890625,227.06583251953128,261.81989135742185,0.0,0.0,0,660.0,synthetic,CBE,Coimbatore
demand_plus20,optimized,226,230.6443328857422,199.29360065460205,207.09151901684385,0.0,222.8464145235004,1,660.0,synthetic,CBE,Coimbatore
demand_plus20,optimized,227,634.1651611328125,654.4061725616455,665.760776392167,0.0,622.8105573022909,1,1100.0,synthetic,CBE,Coimbatore
demand_plus20,optimized,228,333.24920654296875,286.4586490631104,291.33510323641144,0.0,328.37275236966764,1,660.0,synthetic,CBE,Coimbatore
demand_plus20,optimized,229,91.87053680419922,342.2551975250244,339.41892648247506,0.0,94.7068078467486,1,660.0,synthetic,CBE,Coimbatore
demand_plus20,optimized,230,104.3888168334961,486.8311263084411,484.8528412787398,0.0,106.36710186319742,1,660.0,synthetic,CBE,Coimbatore
demand_plus20,optimized,231,31.724220275878903,179.18173213005065,210.90595240592955,0.0,0.0,0,660.0,synthetic,CBE,Coimbatore
demand_plus20,optimized,232,304.37890625,143.7301349043846,152.82603528373815,0.0,295.2830058706465,1,660.0,synthetic,CBE,Coimbatore
demand_plus20,optimized,233,26.349010467529297,301.35386095046994,327.70287141799923,0.0,0.0,0,660.0,synthetic,CBE,Coimbatore
demand_plus20,optimized,234,70.41195678710938,763.3589962005615,833.7709529876707,0.0,0.0,0,1100.0,synthetic,CBE,Coimbatore
demand_plus20,optimized,235,179.17904663085938,237.6950653553009,244.32623758473076,0.0,172.54787440142957,1,660.0,synthetic,CBE,Coimbatore
demand_plus20,optimized,237,575.1884155273438,886.874942779541,833.6988166806193,0.0,628.3645416262655,1,1100.0,synthetic,CBE,Coimbatore
demand_plus20,optimized,238,553.626220703125,388.150813293457,391.7676483736674,0.0,550.0093856229147,1,660.0,synthetic,CBE,Coimbatore
demand_plus20,optimized,240,220.2966766357422,248.23515272140503,250.852951110714,0.0,217.6788782464332,1,660.0,synthetic,CBE,Coimbatore
demand_plus20,optimized,331,468.2568359375,610.9888315200806,610.0709548831154,0.0,469.17471257446505,1,660.0,synthetic,CBE,Coimbatore
demand_plus20,optimized,332,18.195720672607425,113.59845757484436,106.2723039679901,0.0,25.521874279461677,1,240.0,synthetic,CBE,Coimbatore
demand_plus20,optimized,333,465.0933227539063,512.8911355018615,493.72797902326965,0.0,484.25647923249807,1,660.0,synthetic,CBE,Coimbatore
demand_plus20,optimized,335,645.3732299804688,577.3403160095214,590.9978831854947,0.0,631.7156628044954,1,1100.0,synthetic,CBE,Coimbatore
demand_plus20,optimized,336,195.893798828125,242.6695561408997,240.0,11.112853037924085,187.45050193110055,1,240.0,synthetic,CBE,Coimbatore
demand_plus20,optimized,337,92.40886688232422,697.9639057159424,660.0,31.55223815534589,98.82053444292058,1,660.0,synthetic,CBE,Coimbatore
demand_plus20,optimized,338,83.40709686279297,590.6702934265137,586.8223513984781,0.0,87.25503889082849,1,660.0,synthetic,CBE,Coimbatore
demand_plus20,optimized,339,1100.0,1009.8322563171388,1047.8029024737266,17.02935384341231,1045.0,1,1100.0,synthetic,CBE,Coimbatore
demand_plus20,optimized,340,109.94441986083984,655.7342376708984,659.4340812294353,0.0,106.24457630230307,1,660.0,synthetic,CBE,Coimbatore
demand_plus20,optimized,341,44.7630500793457,395.5043226242065,440.2673727035522,0.0,0.0,0,660.0,synthetic,CBE,Coimbatore
demand_plus20,optimized,342,168.34751892089844,261.507091999054,429.85461091995234,0.0,0.0,0,660.0,synthetic,CBE,Coimbatore
demand_plus20,optimized,343,37.84638977050781,564.6148727416992,557.6445693007364,0.0,44.816693211470685,1,660.0,synthetic,CBE,Coimbatore
demand_plus20,optimized,344,539.40234375,388.2695182800293,410.0224609308594,0.0,517.64940109917,1,1100.0,synthetic,CBE,Coimbatore
demand_plus20,optimized,345,89.62940216064453,85.6275241613388,84.99998493214832,0.0,90.25694138983502,1,240.0,synthetic,CBE,Coimbatore
demand_plus20,optimized,346,423.2944641113281,497.0865869522095,516.18677866172,0.0,404.1942724018175,1,660.0,synthetic,CBE,Coimbatore
demand_plus20,optimized,347,599.8185424804688,656.717776107788,676.6018814865929,0.0,579.934437101664,1,1100.0,synthetic,CBE,Coimbatore
demand_plus20,optimized,348,176.18450927734375,500.6479288101196,495.7691971481455,0.0,181.0632409393179,1,660.0,synthetic,CBE,Coimbatore
demand_plus20,optimized,349,64.45237731933594,394.9788022041321,459.431179523468,0.0,0.0,0,1100.0,synthetic,CBE,Coimbatore
demand_plus20,optimized,350,446.0184631347656,381.7252418518066,388.5328394353178,0.0,439.2108655512544,1,660.0,synthetic,CBE,Coimbatore
demand_plus20,optimized,351,123.88893127441406,799.3748725891113,923.2638038635253,0.0,0.0,0,1100.0,synthetic,CBE,Coimbatore
demand_plus20,optimized,352,99.38548278808594,420.8841339111328,520.2696166992187,0.0,0.0,0,660.0,synthetic,CBE,Coimbatore
demand_plus20,optimized,353,44.21305084228516,362.02793884277344,363.6465950063795,0.0,42.59439467867909,1,660.0,synthetic,CBE,Coimbatore
demand_plus20,optimized,354,125.58954620361328,752.9767707824707,707.4691769487645,0.0,171.0971400373195,1,1100.0,synthetic,CBE,Coimbatore
demand_plus20,optimized,355,25.54816055297852,186.66015543937684,180.58208182313896,0.0,31.626234169216403,1,240.0,synthetic,CBE,Coimbatore
demand_plus20,optimized,356,109.16277313232422,951.6725887298584,955.009170699996,0.0,105.82619116218665,1,1100.0,synthetic,CBE,Coimbatore
demand_plus20,optimized,357,63.97397994995117,691.7785629272461,648.8314679203376,0.0,106.92107495685984,1,660.0,synthetic,CBE,Coimbatore
demand_plus20,optimized,358,60.368560791015625,376.8316452026367,437.20020599365216,0.0,0.0,0,660.0,synthetic,CBE,Coimbatore
demand_plus20,optimized,359,150.3070526123047,610.8519510269165,761.159003639221,0.0,0.0,0,1100.0,synthetic,CBE,Coimbatore
demand_plus20,optimized,360,593.1038208007812,778.8739311218261,806.8517413593119,0.0,565.1260105632955,1,1100.0,synthetic,CBE,Coimbatore
demand_plus20,optimized,361,86.20752716064453,108.4124281167984,108.12039878704348,0.0,86.49955649039947,1,240.0,synthetic,CBE,Coimbatore
demand_plus20,optimized,364,81.35540771484375,457.6260955810547,426.6939796591976,0.0,112.28752363670093,1,660.0,synthetic,CBE,Coimbatore
demand_plus20,optimized,367,36.93098068237305,318.36219120025635,355.2931718826294,0.0,0.0,0,1100.0,synthetic,CBE,Coimbatore
demand_plus20,optimized,368,102.05056762695312,665.9220611572265,651.8819663981835,0.0,116.09066238599628,1,1100.0,synthetic,CBE,Coimbatore
demand_plus20,optimized,369,698.9119873046875,953.1427619934082,946.0113696632258,0.0,706.0433796348699,1,1100.0,synthetic,CBE,Coimbatore
demand_plus20,optimized,409,309.89459228515625,276.3569794178009,276.3857334292088,0.0,309.8658382737483,1,660.0,synthetic,CBE,Coimbatore
demand_plus20,optimized,413,131.89117431640625,523.6980955123901,524.7889525023035,0.0,130.80031732649294,1,660.0,synthetic,CBE,Coimbatore
