trigger_pct,interval_level,max_gap_hours,required_bins,pilot_required_bins,access_exceptions,full_capacity_l_required_pilot,data_origin,city_id,city_name
70,80,36,291,37,0,27180,synthetic,CBE,Coimbatore
70,80,48,291,37,0,27180,synthetic,CBE,Coimbatore
70,80,72,291,37,0,27180,synthetic,CBE,Coimbatore
70,90,36,336,42,0,30480,synthetic,CBE,Coimbatore
70,90,48,336,42,0,30480,synthetic,CBE,Coimbatore
70,90,72,336,42,0,30480,synthetic,CBE,Coimbatore
70,95,36,385,47,0,34660,synthetic,CBE,Coimbatore
70,95,48,385,47,0,34660,synthetic,CBE,Coimbatore
70,95,72,385,47,0,34660,synthetic,CBE,Coimbatore
80,80,36,223,28,0,20320,synthetic,CBE,Coimbatore
80,80,48,223,28,0,20320,synthetic,CBE,Coimbatore
80,80,72,223,28,0,20320,synthetic,CBE,Coimbatore
80,90,36,247,34,0,25180,synthetic,CBE,Coimbatore
80,90,48,247,34,0,25180,synthetic,CBE,Coimbatore
80,90,72,247,34,0,25180,synthetic,CBE,Coimbatore
80,95,36,277,36,0,26080,synthetic,CBE,Coimbatore
80,95,48,277,36,0,26080,synthetic,CBE,Coimbatore
80,95,72,277,36,0,26080,synthetic,CBE,Coimbatore
90,80,36,149,18,0,14980,synthetic,CBE,Coimbatore
90,80,48,149,18,0,14980,synthetic,CBE,Coimbatore
90,80,72,149,18,0,14980,synthetic,CBE,Coimbatore
90,90,36,178,25,0,18760,synthetic,CBE,Coimbatore
90,90,48,178,25,0,18760,synthetic,CBE,Coimbatore
90,90,72,178,25,0,18760,synthetic,CBE,Coimbatore
90,95,36,210,26,0,19420,synthetic,CBE,Coimbatore
90,95,48,210,26,0,19420,synthetic,CBE,Coimbatore
90,95,72,210,26,0,19420,synthetic,CBE,Coimbatore
