scenario,method,vehicle,bins,distance_m,travel_seconds,load_l,duration_seconds,load_kg_assumed,matrix_indices,data_origin,city_id,city_name
base_3_trucks,baseline,1,16,15563.82846070399,2906.0127815116,11920,7646.0127815116,1430.4,"[0, 1, 4, 9, 2, 11, 21, 29, 39, 45, 52, 23, 28, 25, 43, 37, 32, 0]",synthetic,CBE,Coimbatore
base_3_trucks,baseline,2,16,18138.836789727386,3022.8135452699075,11920,7762.813545269908,1430.4,"[0, 6, 3, 12, 30, 50, 49, 8, 22, 34, 36, 53, 56, 54, 55, 58, 44, 0]",synthetic,CBE,Coimbatore
base_3_trucks,baseline,3,2,4754.359597236004,739.3084355842525,1340,2119.3084355842525,160.79999999999998,"[0, 15, 27, 0]",synthetic,CBE,Coimbatore
base_3_trucks,optimized,1,15,10491.279134328372,2017.6073057009269,10840,6517.607305700927,1300.8,"[0, 1, 9, 4, 25, 28, 23, 49, 50, 43, 37, 30, 32, 12, 6, 3, 0]",synthetic,CBE,Coimbatore
base_3_trucks,optimized,2,12,10496.524922337843,1650.547950425747,8840,5430.547950425747,1060.8,"[0, 8, 22, 34, 36, 53, 56, 54, 55, 58, 44, 27, 15, 0]",synthetic,CBE,Coimbatore
base_3_trucks,optimized,3,7,6986.502283912288,1014.9903886753658,5500,3594.990388675366,660.0,"[0, 2, 21, 29, 45, 39, 52, 11, 0]",synthetic,CBE,Coimbatore
trigger_70,baseline,1,18,13651.414885328288,2645.577609312364,11940,7865.577609312364,1432.8,"[0, 1, 4, 14, 23, 28, 25, 16, 30, 32, 37, 43, 50, 49, 19, 45, 39, 29, 31, 0]",synthetic,CBE,Coimbatore
trigger_70,baseline,2,16,14832.427718041436,2522.705901911513,11920,7262.705901911513,1430.4,"[0, 2, 11, 21, 52, 47, 55, 53, 56, 54, 36, 34, 22, 44, 38, 24, 27, 0]",synthetic,CBE,Coimbatore
trigger_70,baseline,3,8,13439.2945221789,2206.013077346076,6620,5026.013077346076,794.4,"[0, 6, 3, 12, 8, 15, 58, 9, 10, 0]",synthetic,CBE,Coimbatore
trigger_70,optimized,1,17,12657.297361537536,2305.026867251974,11700,7285.026867251974,1404.0,"[0, 4, 14, 19, 23, 28, 25, 16, 30, 32, 37, 43, 50, 49, 45, 39, 52, 11, 0]",synthetic,CBE,Coimbatore
trigger_70,optimized,2,13,11463.26189459278,2028.1495067742385,9960,6048.149506774238,1195.2,"[0, 8, 22, 34, 36, 58, 44, 38, 27, 24, 15, 3, 12, 6, 0]",synthetic,CBE,Coimbatore
trigger_70,optimized,3,12,9549.675443097332,1623.7902443161368,8820,5403.7902443161365,1058.4,"[0, 1, 9, 10, 21, 29, 31, 53, 56, 54, 55, 47, 2, 0]",synthetic,CBE,Coimbatore
trigger_90,baseline,1,16,18508.937487342355,3286.786076385622,11940,8026.786076385622,1432.8,"[0, 1, 4, 9, 2, 21, 29, 39, 45, 23, 28, 25, 37, 32, 6, 3, 44, 0]",synthetic,CBE,Coimbatore
trigger_90,baseline,2,9,14714.12869238424,2526.269681439398,6820,5586.269681439399,818.4,"[0, 8, 22, 36, 53, 56, 55, 58, 49, 50, 0]",synthetic,CBE,Coimbatore
trigger_90,baseline,3,0,0.0,0.0,0,0.0,0.0,"[0, 0]",synthetic,CBE,Coimbatore
trigger_90,optimized,1,0,0.0,0.0,0,0.0,0.0,"[0, 0]",synthetic,CBE,Coimbatore
trigger_90,optimized,2,11,10563.966775115716,1721.0158968124758,9040,5261.015896812476,1084.8,"[0, 2, 55, 53, 56, 36, 58, 44, 22, 8, 3, 6, 0]",synthetic,CBE,Coimbatore
trigger_90,optimized,3,14,12023.44719117152,2325.681337125263,9720,6585.681337125263,1166.4,"[0, 1, 4, 9, 32, 37, 50, 25, 28, 23, 49, 45, 39, 29, 21, 0]",synthetic,CBE,Coimbatore
demand_plus20,baseline,1,18,13466.312484753647,2589.650654493654,11940,7809.650654493655,1432.8,"[0, 1, 4, 14, 18, 23, 28, 25, 16, 30, 32, 37, 43, 50, 49, 19, 45, 39, 31, 0]",synthetic,CBE,Coimbatore
demand_plus20,baseline,2,16,13757.213875781805,2379.1516917191225,11900,7119.151691719122,1428.0,"[0, 2, 5, 8, 22, 34, 36, 53, 56, 54, 55, 47, 21, 29, 11, 10, 12, 0]",synthetic,CBE,Coimbatore
demand_plus20,baseline,3,10,17666.525312621667,2395.3882379763154,7960,5695.388237976315,955.2,"[0, 6, 3, 9, 52, 15, 27, 24, 38, 44, 58, 0]",synthetic,CBE,Coimbatore
demand_plus20,optimized,1,17,10540.99478361046,2093.9270074260166,11720,7073.927007426017,1406.4,"[0, 4, 14, 18, 19, 49, 23, 28, 16, 25, 43, 50, 37, 30, 32, 12, 6, 3, 0]",synthetic,CBE,Coimbatore
demand_plus20,optimized,2,15,11588.411980631949,1863.585646853148,11260,6363.585646853148,1351.2,"[0, 8, 22, 34, 36, 54, 55, 47, 56, 53, 58, 44, 38, 27, 24, 15, 0]",synthetic,CBE,Coimbatore
demand_plus20,optimized,3,12,10532.69785383859,1591.3557988365171,8820,5371.355798836517,1058.4,"[0, 1, 10, 9, 2, 5, 21, 31, 29, 45, 39, 52, 11, 0]",synthetic,CBE,Coimbatore
fuel_minus20,baseline,1,16,15563.82846070399,2906.0127815116,11920,7646.0127815116,1430.4,"[0, 1, 4, 9, 2, 11, 21, 29, 39, 45, 52, 23, 28, 25, 43, 37, 32, 0]",synthetic,CBE,Coimbatore
fuel_minus20,baseline,2,16,18138.836789727386,3022.8135452699075,11920,7762.813545269908,1430.4,"[0, 6, 3, 12, 30, 50, 49, 8, 22, 34, 36, 53, 56, 54, 55, 58, 44, 0]",synthetic,CBE,Coimbatore
fuel_minus20,baseline,3,2,4754.359597236004,739.3084355842525,1340,2119.3084355842525,160.79999999999998,"[0, 15, 27, 0]",synthetic,CBE,Coimbatore
fuel_minus20,optimized,1,15,10491.279134328372,2017.6073057009269,10840,6517.607305700927,1300.8,"[0, 1, 9, 4, 25, 28, 23, 49, 50, 43, 37, 30, 32, 12, 6, 3, 0]",synthetic,CBE,Coimbatore
fuel_minus20,optimized,2,12,10496.524922337843,1650.547950425747,8840,5430.547950425747,1060.8,"[0, 8, 22, 34, 36, 53, 56, 54, 55, 58, 44, 27, 15, 0]",synthetic,CBE,Coimbatore
fuel_minus20,optimized,3,7,6986.502283912288,1014.9903886753658,5500,3594.990388675366,660.0,"[0, 2, 21, 29, 45, 39, 52, 11, 0]",synthetic,CBE,Coimbatore
fuel_plus20,baseline,1,16,15563.82846070399,2906.0127815116,11920,7646.0127815116,1430.4,"[0, 1, 4, 9, 2, 11, 21, 29, 39, 45, 52, 23, 28, 25, 43, 37, 32, 0]",synthetic,CBE,Coimbatore
fuel_plus20,baseline,2,16,18138.836789727386,3022.8135452699075,11920,7762.813545269908,1430.4,"[0, 6, 3, 12, 30, 50, 49, 8, 22, 34, 36, 53, 56, 54, 55, 58, 44, 0]",synthetic,CBE,Coimbatore
fuel_plus20,baseline,3,2,4754.359597236004,739.3084355842525,1340,2119.3084355842525,160.79999999999998,"[0, 15, 27, 0]",synthetic,CBE,Coimbatore
fuel_plus20,optimized,1,15,10491.279134328372,2017.6073057009269,10840,6517.607305700927,1300.8,"[0, 1, 9, 4, 25, 28, 23, 49, 50, 43, 37, 30, 32, 12, 6, 3, 0]",synthetic,CBE,Coimbatore
fuel_plus20,optimized,2,12,10496.524922337843,1650.547950425747,8840,5430.547950425747,1060.8,"[0, 8, 22, 34, 36, 53, 56, 54, 55, 58, 44, 27, 15, 0]",synthetic,CBE,Coimbatore
fuel_plus20,optimized,3,7,6986.502283912288,1014.9903886753658,5500,3594.990388675366,660.0,"[0, 2, 21, 29, 45, 39, 52, 11, 0]",synthetic,CBE,Coimbatore
