scenario,method,vehicle,stop_sequence,matrix_index,bin_id,arrival_minutes_after_0800,planned_capacity_l,data_origin,city_id,city_name
base_3_trucks,baseline,1,0,0,0,0.0,0,synthetic,CBE,Coimbatore
base_3_trucks,baseline,1,1,1,340,0.8808933560520319,660,synthetic,CBE,Coimbatore
base_3_trucks,baseline,1,2,4,336,6.756721951975733,240,synthetic,CBE,Coimbatore
base_3_trucks,baseline,1,3,9,339,14.617499463915845,1100,synthetic,CBE,Coimbatore
base_3_trucks,baseline,1,4,2,335,23.5223002266617,1100,synthetic,CBE,Coimbatore
base_3_trucks,baseline,1,5,11,337,31.262366141745744,660,synthetic,CBE,Coimbatore
base_3_trucks,baseline,1,6,21,331,38.87377150900374,660,synthetic,CBE,Coimbatore
base_3_trucks,baseline,1,7,29,333,43.65637533798064,660,synthetic,CBE,Coimbatore
base_3_trucks,baseline,1,8,39,238,50.437270973974655,660,synthetic,CBE,Coimbatore
base_3_trucks,baseline,1,9,45,237,57.060308484507765,1100,synthetic,CBE,Coimbatore
base_3_trucks,baseline,1,10,52,240,64.00997834274986,660,synthetic,CBE,Coimbatore
base_3_trucks,baseline,1,11,23,154,75.25251540664055,660,synthetic,CBE,Coimbatore
base_3_trucks,baseline,1,12,28,227,80.40805981933532,1100,synthetic,CBE,Coimbatore
base_3_trucks,baseline,1,13,25,228,86.59839759192579,660,synthetic,CBE,Coimbatore
base_3_trucks,baseline,1,14,43,157,93.08688364057342,1100,synthetic,CBE,Coimbatore
base_3_trucks,baseline,1,15,37,160,98.54103066691384,660,synthetic,CBE,Coimbatore
base_3_trucks,baseline,1,16,32,222,104.60082178835007,240,synthetic,CBE,Coimbatore
base_3_trucks,baseline,1,17,0,0,112.43354635852668,0,synthetic,CBE,Coimbatore
base_3_trucks,baseline,2,0,0,0,0.0,0,synthetic,CBE,Coimbatore
base_3_trucks,baseline,2,1,6,344,1.6119974555183707,1100,synthetic,CBE,Coimbatore
base_3_trucks,baseline,2,2,3,369,7.825953075855406,1100,synthetic,CBE,Coimbatore
base_3_trucks,baseline,2,3,12,345,16.08454118886688,240,synthetic,CBE,Coimbatore
base_3_trucks,baseline,2,4,30,156,23.38177788933986,660,synthetic,CBE,Coimbatore
base_3_trucks,baseline,2,5,50,152,31.35558560397798,660,synthetic,CBE,Coimbatore
base_3_trucks,baseline,2,6,49,232,39.52397116519352,660,synthetic,CBE,Coimbatore
base_3_trucks,baseline,2,7,8,353,51.27215396865282,660,synthetic,CBE,Coimbatore
base_3_trucks,baseline,2,8,22,360,58.74323811028785,1100,synthetic,CBE,Coimbatore
base_3_trucks,baseline,2,9,34,356,65.42959081633474,1100,synthetic,CBE,Coimbatore
base_3_trucks,baseline,2,10,36,346,70.37758532673953,660,synthetic,CBE,Coimbatore
base_3_trucks,baseline,2,11,53,347,76.9645847322443,1100,synthetic,CBE,Coimbatore
base_3_trucks,baseline,2,12,56,409,81.31906207934385,660,synthetic,CBE,Coimbatore
base_3_trucks,baseline,2,13,54,348,86.19224459116819,660,synthetic,CBE,Coimbatore
base_3_trucks,baseline,2,14,55,350,90.45761229541698,660,synthetic,CBE,Coimbatore
base_3_trucks,baseline,2,15,58,357,97.80389748703804,660,synthetic,CBE,Coimbatore
base_3_trucks,baseline,2,16,44,361,102.66422541690102,240,synthetic,CBE,Coimbatore
base_3_trucks,baseline,2,17,0,0,114.38022575449848,0,synthetic,CBE,Coimbatore
base_3_trucks,baseline,3,0,0,0,0.0,0,synthetic,CBE,Coimbatore
base_3_trucks,baseline,3,1,15,368,3.576077936275134,1100,synthetic,CBE,Coimbatore
base_3_trucks,baseline,3,2,27,355,9.300031485391749,240,synthetic,CBE,Coimbatore
base_3_trucks,baseline,3,3,0,0,20.321807259737543,0,synthetic,CBE,Coimbatore
base_3_trucks,optimized,1,0,0,0,0.0,0,synthetic,CBE,Coimbatore
base_3_trucks,optimized,1,1,1,340,0.8808933560520319,660,synthetic,CBE,Coimbatore
base_3_trucks,optimized,1,2,9,339,7.753014959447236,1100,synthetic,CBE,Coimbatore
base_3_trucks,optimized,1,3,4,336,15.613792471387343,240,synthetic,CBE,Coimbatore
base_3_trucks,optimized,1,4,25,228,23.02647296497376,660,synthetic,CBE,Coimbatore
base_3_trucks,optimized,1,5,28,227,29.216810737564217,1100,synthetic,CBE,Coimbatore
base_3_trucks,optimized,1,6,23,154,34.37235515025898,660,synthetic,CBE,Coimbatore
base_3_trucks,optimized,1,7,49,232,40.527234635052,660,synthetic,CBE,Coimbatore
base_3_trucks,optimized,1,8,50,152,48.695620196267534,660,synthetic,CBE,Coimbatore
base_3_trucks,optimized,1,9,43,157,54.28713466784671,1100,synthetic,CBE,Coimbatore
base_3_trucks,optimized,1,10,37,160,59.74128169418712,660,synthetic,CBE,Coimbatore
base_3_trucks,optimized,1,11,30,156,65.28066544019676,660,synthetic,CBE,Coimbatore
base_3_trucks,optimized,1,12,32,222,70.55376458777765,240,synthetic,CBE,Coimbatore
base_3_trucks,optimized,1,13,12,345,76.55271909198264,240,synthetic,CBE,Coimbatore
base_3_trucks,optimized,1,14,6,344,81.14789116207855,1100,synthetic,CBE,Coimbatore
base_3_trucks,optimized,1,15,3,369,87.36184678241558,1100,synthetic,CBE,Coimbatore
base_3_trucks,optimized,1,16,0,0,93.62678842834876,0,synthetic,CBE,Coimbatore
base_3_trucks,optimized,2,0,0,0,0.0,0,synthetic,CBE,Coimbatore
base_3_trucks,optimized,2,1,8,353,2.9228647019192744,660,synthetic,CBE,Coimbatore
base_3_trucks,optimized,2,2,22,360,10.393948843554298,1100,synthetic,CBE,Coimbatore
base_3_trucks,optimized,2,3,34,356,17.08030154960118,1100,synthetic,CBE,Coimbatore
base_3_trucks,optimized,2,4,36,346,22.02829606000597,660,synthetic,CBE,Coimbatore
base_3_trucks,optimized,2,5,53,347,28.615295465510744,1100,synthetic,CBE,Coimbatore
base_3_trucks,optimized,2,6,56,409,32.96977281261029,660,synthetic,CBE,Coimbatore
base_3_trucks,optimized,2,7,54,348,37.84295532443462,660,synthetic,CBE,Coimbatore
base_3_trucks,optimized,2,8,55,350,42.10832302868341,660,synthetic,CBE,Coimbatore
base_3_trucks,optimized,2,9,58,357,49.45460822030446,660,synthetic,CBE,Coimbatore
base_3_trucks,optimized,2,10,44,361,54.314936150167455,240,synthetic,CBE,Coimbatore
base_3_trucks,optimized,2,11,27,355,61.08727351216776,240,synthetic,CBE,Coimbatore
base_3_trucks,optimized,2,12,15,368,68.12957567383526,1100,synthetic,CBE,Coimbatore
base_3_trucks,optimized,2,13,0,0,75.50913250709579,0,synthetic,CBE,Coimbatore
base_3_trucks,optimized,3,0,0,0,0.0,0,synthetic,CBE,Coimbatore
base_3_trucks,optimized,3,1,2,335,2.3106010045929333,1100,synthetic,CBE,Coimbatore
base_3_trucks,optimized,3,2,21,331,9.490683537528833,660,synthetic,CBE,Coimbatore
base_3_trucks,optimized,3,3,29,333,14.273287366505723,660,synthetic,CBE,Coimbatore
base_3_trucks,optimized,3,4,45,237,21.563931491052656,1100,synthetic,CBE,Coimbatore
base_3_trucks,optimized,3,5,39,238,26.576059495115725,660,synthetic,CBE,Coimbatore
base_3_trucks,optimized,3,6,52,240,33.258608222335944,660,synthetic,CBE,Coimbatore
base_3_trucks,optimized,3,7,11,337,39.554622018649845,660,synthetic,CBE,Coimbatore
base_3_trucks,optimized,3,8,0,0,44.916506477922766,0,synthetic,CBE,Coimbatore
trigger_70,baseline,1,0,0,0,0.0,0,synthetic,CBE,Coimbatore
trigger_70,baseline,1,1,1,340,0.8808933560520319,660,synthetic,CBE,Coimbatore
trigger_70,baseline,1,2,4,336,6.756721951975733,240,synthetic,CBE,Coimbatore
trigger_70,baseline,1,3,14,230,14.164378058509437,660,synthetic,CBE,Coimbatore
trigger_70,baseline,1,4,23,154,19.505571734851813,660,synthetic,CBE,Coimbatore
trigger_70,baseline,1,5,28,227,24.66111614754658,1100,synthetic,CBE,Coimbatore
trigger_70,baseline,1,6,25,228,30.851453920137043,660,synthetic,CBE,Coimbatore
trigger_70,baseline,1,7,16,226,36.56221089659447,660,synthetic,CBE,Coimbatore
trigger_70,baseline,1,8,30,156,42.95166024651868,660,synthetic,CBE,Coimbatore
trigger_70,baseline,1,9,32,222,48.22475939409957,240,synthetic,CBE,Coimbatore
trigger_70,baseline,1,10,37,160,54.28455051553582,660,synthetic,CBE,Coimbatore
trigger_70,baseline,1,11,43,157,59.73869754187624,1100,synthetic,CBE,Coimbatore
trigger_70,baseline,1,12,50,152,65.33021201345541,660,synthetic,CBE,Coimbatore
trigger_70,baseline,1,13,49,232,73.49859757467094,660,synthetic,CBE,Coimbatore
trigger_70,baseline,1,14,19,235,80.0860438677324,660,synthetic,CBE,Coimbatore
trigger_70,baseline,1,15,45,237,88.31260771919452,1100,synthetic,CBE,Coimbatore
trigger_70,baseline,1,16,39,238,93.3247357232576,660,synthetic,CBE,Coimbatore
trigger_70,baseline,1,17,29,333,99.60130267280366,660,synthetic,CBE,Coimbatore
trigger_70,baseline,1,18,31,332,105.45604118911852,240,synthetic,CBE,Coimbatore
trigger_70,baseline,1,19,0,0,116.09296015520606,0,synthetic,CBE,Coimbatore
trigger_70,baseline,2,0,0,0,0.0,0,synthetic,CBE,Coimbatore
trigger_70,baseline,2,1,2,335,2.3106010045929333,1100,synthetic,CBE,Coimbatore
trigger_70,baseline,2,2,11,337,10.050666919676978,660,synthetic,CBE,Coimbatore
trigger_70,baseline,2,3,21,331,17.662072286934972,660,synthetic,CBE,Coimbatore
trigger_70,baseline,2,4,52,240,24.21629856339884,660,synthetic,CBE,Coimbatore
trigger_70,baseline,2,5,47,413,34.65079345954413,660,synthetic,CBE,Coimbatore
trigger_70,baseline,2,6,55,350,40.03685392216126,660,synthetic,CBE,Coimbatore
trigger_70,baseline,2,7,53,347,44.89886384157346,1100,synthetic,CBE,Coimbatore
trigger_70,baseline,2,8,56,409,49.253341188673,660,synthetic,CBE,Coimbatore
trigger_70,baseline,2,9,54,348,54.12652370049733,660,synthetic,CBE,Coimbatore
trigger_70,baseline,2,10,36,346,59.82804252292214,660,synthetic,CBE,Coimbatore
trigger_70,baseline,2,11,34,356,64.77603703332693,1100,synthetic,CBE,Coimbatore
trigger_70,baseline,2,12,22,360,71.46238973937382,1100,synthetic,CBE,Coimbatore
trigger_70,baseline,2,13,44,361,77.7260836780715,240,synthetic,CBE,Coimbatore
trigger_70,baseline,2,14,38,364,82.34203518247502,660,synthetic,CBE,Coimbatore
trigger_70,baseline,2,15,24,354,88.25335768795821,1100,synthetic,CBE,Coimbatore
trigger_70,baseline,2,16,27,355,95.0233225908461,240,synthetic,CBE,Coimbatore
trigger_70,baseline,2,17,0,0,106.0450983651919,0,synthetic,CBE,Coimbatore
trigger_70,baseline,3,0,0,0,0.0,0,synthetic,CBE,Coimbatore
trigger_70,baseline,3,1,6,344,1.6119974555183707,1100,synthetic,CBE,Coimbatore
trigger_70,baseline,3,2,3,369,7.825953075855406,1100,synthetic,CBE,Coimbatore
trigger_70,baseline,3,3,12,345,16.08454118886688,240,synthetic,CBE,Coimbatore
trigger_70,baseline,3,4,8,353,24.00351332041356,660,synthetic,CBE,Coimbatore
trigger_70,baseline,3,5,15,368,31.63587029896273,1100,synthetic,CBE,Coimbatore
trigger_70,baseline,3,6,58,357,41.182125517233885,660,synthetic,CBE,Coimbatore
trigger_70,baseline,3,7,9,339,56.26524966500755,1100,synthetic,CBE,Coimbatore
trigger_70,baseline,3,8,10,338,60.374276334455125,660,synthetic,CBE,Coimbatore
trigger_70,baseline,3,9,0,0,68.7668846224346,0,synthetic,CBE,Coimbatore
trigger_70,optimized,1,0,0,0,0.0,0,synthetic,CBE,Coimbatore
trigger_70,optimized,1,1,4,336,2.774702964465932,240,synthetic,CBE,Coimbatore
trigger_70,optimized,1,2,14,230,10.182359070999636,660,synthetic,CBE,Coimbatore
trigger_70,optimized,1,3,19,235,15.877949494328584,660,synthetic,CBE,Coimbatore
trigger_70,optimized,1,4,23,154,21.31556809933055,660,synthetic,CBE,Coimbatore
trigger_70,optimized,1,5,28,227,26.47111251202532,1100,synthetic,CBE,Coimbatore
trigger_70,optimized,1,6,25,228,32.66145028461578,660,synthetic,CBE,Coimbatore
trigger_70,optimized,1,7,16,226,38.3722072610732,660,synthetic,CBE,Coimbatore
trigger_70,optimized,1,8,30,156,44.76165661099741,660,synthetic,CBE,Coimbatore
trigger_70,optimized,1,9,32,222,50.0347557585783,240,synthetic,CBE,Coimbatore
trigger_70,optimized,1,10,37,160,56.09454688001456,660,synthetic,CBE,Coimbatore
trigger_70,optimized,1,11,43,157,61.54869390635497,1100,synthetic,CBE,Coimbatore
trigger_70,optimized,1,12,50,152,67.14020837793414,660,synthetic,CBE,Coimbatore
trigger_70,optimized,1,13,49,232,75.30859393914967,660,synthetic,CBE,Coimbatore
trigger_70,optimized,1,14,45,237,83.06453946732945,1100,synthetic,CBE,Coimbatore
trigger_70,optimized,1,15,39,238,88.07666747139253,660,synthetic,CBE,Coimbatore
trigger_70,optimized,1,16,52,240,94.75921619861276,660,synthetic,CBE,Coimbatore
trigger_70,optimized,1,17,11,337,101.05522999492663,660,synthetic,CBE,Coimbatore
trigger_70,optimized,1,18,0,0,106.41711445419956,0,synthetic,CBE,Coimbatore
trigger_70,optimized,2,0,0,0,0.0,0,synthetic,CBE,Coimbatore
trigger_70,optimized,2,1,8,353,2.9228647019192744,660,synthetic,CBE,Coimbatore
trigger_70,optimized,2,2,22,360,10.393948843554298,1100,synthetic,CBE,Coimbatore
trigger_70,optimized,2,3,34,356,17.08030154960118,1100,synthetic,CBE,Coimbatore
trigger_70,optimized,2,4,36,346,22.02829606000597,660,synthetic,CBE,Coimbatore
trigger_70,optimized,2,5,58,357,29.21270628550129,660,synthetic,CBE,Coimbatore
trigger_70,optimized,2,6,44,361,34.07303421536429,240,synthetic,CBE,Coimbatore
trigger_70,optimized,2,7,38,364,38.6889857197678,660,synthetic,CBE,Coimbatore
trigger_70,optimized,2,8,27,355,44.84537157736459,240,synthetic,CBE,Coimbatore
trigger_70,optimized,2,9,24,354,49.98894035223505,1100,synthetic,CBE,Coimbatore
trigger_70,optimized,2,10,15,368,57.30441037718578,1100,synthetic,CBE,Coimbatore
trigger_70,optimized,2,11,3,369,67.57600186762836,1100,synthetic,CBE,Coimbatore
trigger_70,optimized,2,12,12,345,75.83458998063983,240,synthetic,CBE,Coimbatore
trigger_70,optimized,2,13,6,344,80.42976205073575,1100,synthetic,CBE,Coimbatore
trigger_70,optimized,2,14,0,0,85.80249177957063,0,synthetic,CBE,Coimbatore
trigger_70,optimized,3,0,0,0,0.0,0,synthetic,CBE,Coimbatore
trigger_70,optimized,3,1,1,340,0.8808933560520319,660,synthetic,CBE,Coimbatore
trigger_70,optimized,3,2,9,339,7.753014959447236,1100,synthetic,CBE,Coimbatore
trigger_70,optimized,3,3,10,338,11.862041628894808,660,synthetic,CBE,Coimbatore
trigger_70,optimized,3,4,21,331,23.768188218492817,660,synthetic,CBE,Coimbatore
trigger_70,optimized,3,5,29,333,28.55079204746971,660,synthetic,CBE,Coimbatore
trigger_70,optimized,3,6,31,332,34.40553056378456,240,synthetic,CBE,Coimbatore
trigger_70,optimized,3,7,53,347,41.22087844118858,1100,synthetic,CBE,Coimbatore
trigger_70,optimized,3,8,56,409,45.57535578828812,660,synthetic,CBE,Coimbatore
trigger_70,optimized,3,9,54,348,50.44853830011245,660,synthetic,CBE,Coimbatore
trigger_70,optimized,3,10,55,350,54.71390600436124,660,synthetic,CBE,Coimbatore
trigger_70,optimized,3,11,47,413,60.099966466978366,660,synthetic,CBE,Coimbatore
trigger_70,optimized,3,12,2,335,68.75256973400936,1100,synthetic,CBE,Coimbatore
trigger_70,optimized,3,13,0,0,75.0631707386023,0,synthetic,CBE,Coimbatore
trigger_90,baseline,1,0,0,0,0.0,0,synthetic,CBE,Coimbatore
trigger_90,baseline,1,1,1,340,0.8808933560520319,660,synthetic,CBE,Coimbatore
trigger_90,baseline,1,2,4,336,6.756721951975733,240,synthetic,CBE,Coimbatore
trigger_90,baseline,1,3,9,339,14.617499463915845,1100,synthetic,CBE,Coimbatore
trigger_90,baseline,1,4,2,335,23.5223002266617,1100,synthetic,CBE,Coimbatore
trigger_90,baseline,1,5,21,331,30.7023827595976,660,synthetic,CBE,Coimbatore
trigger_90,baseline,1,6,29,333,35.484986588574486,660,synthetic,CBE,Coimbatore
trigger_90,baseline,1,7,39,238,42.26588222456851,660,synthetic,CBE,Coimbatore
trigger_90,baseline,1,8,45,237,48.88891973510162,1100,synthetic,CBE,Coimbatore
trigger_90,baseline,1,9,23,154,56.95528722992575,660,synthetic,CBE,Coimbatore
trigger_90,baseline,1,10,28,227,62.11083164262052,1100,synthetic,CBE,Coimbatore
trigger_90,baseline,1,11,25,228,68.30116941521098,660,synthetic,CBE,Coimbatore
trigger_90,baseline,1,12,37,160,75.52573889567086,660,synthetic,CBE,Coimbatore
trigger_90,baseline,1,13,32,222,81.58553001710712,240,synthetic,CBE,Coimbatore
trigger_90,baseline,1,14,6,344,88.17965659140802,1100,synthetic,CBE,Coimbatore
trigger_90,baseline,1,15,3,369,94.39361221174504,1100,synthetic,CBE,Coimbatore
trigger_90,baseline,1,16,44,361,107.0637676021629,240,synthetic,CBE,Coimbatore
trigger_90,baseline,1,17,0,0,118.77976793976036,0,synthetic,CBE,Coimbatore
trigger_90,baseline,2,0,0,0,0.0,0,synthetic,CBE,Coimbatore
trigger_90,baseline,2,1,8,353,2.9228647019192744,660,synthetic,CBE,Coimbatore
trigger_90,baseline,2,2,22,360,10.393948843554298,1100,synthetic,CBE,Coimbatore
trigger_90,baseline,2,3,36,346,18.02829606000597,660,synthetic,CBE,Coimbatore
trigger_90,baseline,2,4,53,347,24.615295465510744,1100,synthetic,CBE,Coimbatore
trigger_90,baseline,2,5,56,409,28.969772812610284,660,synthetic,CBE,Coimbatore
trigger_90,baseline,2,6,55,350,34.1083230286834,660,synthetic,CBE,Coimbatore
trigger_90,baseline,2,7,58,357,41.45460822030445,660,synthetic,CBE,Coimbatore
trigger_90,baseline,2,8,49,232,58.89082467246926,660,synthetic,CBE,Coimbatore
trigger_90,baseline,2,9,50,152,67.0592102336848,660,synthetic,CBE,Coimbatore
trigger_90,baseline,2,10,0,0,78.10449469065664,0,synthetic,CBE,Coimbatore
trigger_90,baseline,3,0,0,0,0.0,0,synthetic,CBE,Coimbatore
trigger_90,baseline,3,1,0,0,0.0,0,synthetic,CBE,Coimbatore
trigger_90,optimized,1,0,0,0,0.0,0,synthetic,CBE,Coimbatore
trigger_90,optimized,1,1,0,0,0.0,0,synthetic,CBE,Coimbatore
trigger_90,optimized,2,0,0,0,0.0,0,synthetic,CBE,Coimbatore
trigger_90,optimized,2,1,2,335,2.3106010045929333,1100,synthetic,CBE,Coimbatore
trigger_90,optimized,2,2,55,350,12.351960823679146,660,synthetic,CBE,Coimbatore
trigger_90,optimized,2,3,53,347,17.213970743091345,1100,synthetic,CBE,Coimbatore
trigger_90,optimized,2,4,56,409,21.568448090190884,660,synthetic,CBE,Coimbatore
trigger_90,optimized,2,5,36,346,27.14856525842878,660,synthetic,CBE,Coimbatore
trigger_90,optimized,2,6,58,357,34.332975483924095,660,synthetic,CBE,Coimbatore
trigger_90,optimized,2,7,44,361,39.19330341378709,240,synthetic,CBE,Coimbatore
trigger_90,optimized,2,8,22,360,45.92794366617028,1100,synthetic,CBE,Coimbatore
trigger_90,optimized,2,9,8,353,53.3990278078053,660,synthetic,CBE,Coimbatore
trigger_90,optimized,2,10,3,369,61.096912931036,1100,synthetic,CBE,Coimbatore
trigger_90,optimized,2,11,6,344,67.31086855137303,1100,synthetic,CBE,Coimbatore
trigger_90,optimized,2,12,0,0,72.68359828020792,0,synthetic,CBE,Coimbatore
trigger_90,optimized,3,0,0,0,0.0,0,synthetic,CBE,Coimbatore
trigger_90,optimized,3,1,1,340,0.8808933560520319,660,synthetic,CBE,Coimbatore
trigger_90,optimized,3,2,4,336,6.756721951975733,240,synthetic,CBE,Coimbatore
trigger_90,optimized,3,3,9,339,14.617499463915845,1100,synthetic,CBE,Coimbatore
trigger_90,optimized,3,4,32,222,24.23982354594536,240,synthetic,CBE,Coimbatore
trigger_90,optimized,3,5,37,160,30.29961466738161,660,synthetic,CBE,Coimbatore
trigger_90,optimized,3,6,50,152,36.78982767524246,660,synthetic,CBE,Coimbatore
trigger_90,optimized,3,7,25,228,44.31980458698806,660,synthetic,CBE,Coimbatore
trigger_90,optimized,3,8,28,227,50.51014235957853,1100,synthetic,CBE,Coimbatore
trigger_90,optimized,3,9,23,154,55.6656867722733,660,synthetic,CBE,Coimbatore
trigger_90,optimized,3,10,49,232,61.82056625706632,660,synthetic,CBE,Coimbatore
trigger_90,optimized,3,11,45,237,69.5765117852461,1100,synthetic,CBE,Coimbatore
trigger_90,optimized,3,12,39,238,74.58863978930917,660,synthetic,CBE,Coimbatore
trigger_90,optimized,3,13,29,333,80.86520673885524,660,synthetic,CBE,Coimbatore
trigger_90,optimized,3,14,21,331,86.48210940023885,660,synthetic,CBE,Coimbatore
trigger_90,optimized,3,15,0,0,94.76135561875438,0,synthetic,CBE,Coimbatore
demand_plus20,baseline,1,0,0,0,0.0,0,synthetic,CBE,Coimbatore
demand_plus20,baseline,1,1,1,340,0.8808933560520319,660,synthetic,CBE,Coimbatore
demand_plus20,baseline,1,2,4,336,6.756721951975733,240,synthetic,CBE,Coimbatore
demand_plus20,baseline,1,3,14,230,14.164378058509437,660,synthetic,CBE,Coimbatore
demand_plus20,baseline,1,4,18,229,18.93158425103312,660,synthetic,CBE,Coimbatore
demand_plus20,baseline,1,5,23,154,23.76225251325944,660,synthetic,CBE,Coimbatore
demand_plus20,baseline,1,6,28,227,28.917796925954203,1100,synthetic,CBE,Coimbatore
demand_plus20,baseline,1,7,25,228,35.10813469854467,660,synthetic,CBE,Coimbatore
demand_plus20,baseline,1,8,16,226,40.818891675002085,660,synthetic,CBE,Coimbatore
demand_plus20,baseline,1,9,30,156,47.2083410249263,660,synthetic,CBE,Coimbatore
demand_plus20,baseline,1,10,32,222,52.48144017250719,240,synthetic,CBE,Coimbatore
demand_plus20,baseline,1,11,37,160,58.54123129394344,660,synthetic,CBE,Coimbatore
demand_plus20,baseline,1,12,43,157,63.995378320283855,1100,synthetic,CBE,Coimbatore
demand_plus20,baseline,1,13,50,152,69.58689279186304,660,synthetic,CBE,Coimbatore
demand_plus20,baseline,1,14,49,232,77.75527835307857,660,synthetic,CBE,Coimbatore
demand_plus20,baseline,1,15,19,235,84.34272464614003,660,synthetic,CBE,Coimbatore
demand_plus20,baseline,1,16,45,237,92.56928849760214,1100,synthetic,CBE,Coimbatore
demand_plus20,baseline,1,17,39,238,97.58141650166522,660,synthetic,CBE,Coimbatore
demand_plus20,baseline,1,18,31,332,104.52392527547336,240,synthetic,CBE,Coimbatore
demand_plus20,baseline,1,19,0,0,115.1608442415609,0,synthetic,CBE,Coimbatore
demand_plus20,baseline,2,0,0,0,0.0,0,synthetic,CBE,Coimbatore
demand_plus20,baseline,2,1,2,335,2.3106010045929333,1100,synthetic,CBE,Coimbatore
demand_plus20,baseline,2,2,5,343,7.606185509593348,660,synthetic,CBE,Coimbatore
demand_plus20,baseline,2,3,8,353,14.068646294301336,660,synthetic,CBE,Coimbatore
demand_plus20,baseline,2,4,22,360,21.53973043593636,1100,synthetic,CBE,Coimbatore
demand_plus20,baseline,2,5,34,356,28.22608314198324,1100,synthetic,CBE,Coimbatore
demand_plus20,baseline,2,6,36,346,33.17407765238803,660,synthetic,CBE,Coimbatore
demand_plus20,baseline,2,7,53,347,39.7610770578928,1100,synthetic,CBE,Coimbatore
demand_plus20,baseline,2,8,56,409,44.11555440499234,660,synthetic,CBE,Coimbatore
demand_plus20,baseline,2,9,54,348,48.98873691681667,660,synthetic,CBE,Coimbatore
demand_plus20,baseline,2,10,55,350,53.25410462106546,660,synthetic,CBE,Coimbatore
demand_plus20,baseline,2,11,47,413,58.64016508368258,660,synthetic,CBE,Coimbatore
demand_plus20,baseline,2,12,21,331,66.21780247189275,660,synthetic,CBE,Coimbatore
demand_plus20,baseline,2,13,29,333,71.00040630086964,660,synthetic,CBE,Coimbatore
demand_plus20,baseline,2,14,11,337,78.42070229136942,660,synthetic,CBE,Coimbatore
demand_plus20,baseline,2,15,10,338,87.13760567573036,660,synthetic,CBE,Coimbatore
demand_plus20,baseline,2,16,12,345,97.81875812934707,240,synthetic,CBE,Coimbatore
demand_plus20,baseline,2,17,0,0,103.65252819531868,0,synthetic,CBE,Coimbatore
demand_plus20,baseline,3,0,0,0,0.0,0,synthetic,CBE,Coimbatore
demand_plus20,baseline,3,1,6,344,1.6119974555183707,1100,synthetic,CBE,Coimbatore
demand_plus20,baseline,3,2,3,369,7.825953075855406,1100,synthetic,CBE,Coimbatore
demand_plus20,baseline,3,3,9,339,18.27662932194296,1100,synthetic,CBE,Coimbatore
demand_plus20,baseline,3,4,52,240,29.820674422362508,660,synthetic,CBE,Coimbatore
demand_plus20,baseline,3,5,15,368,41.054650614224464,1100,synthetic,CBE,Coimbatore
demand_plus20,baseline,3,6,27,355,46.77860416334108,240,synthetic,CBE,Coimbatore
demand_plus20,baseline,3,7,24,354,51.92217293821154,1100,synthetic,CBE,Coimbatore
demand_plus20,baseline,3,8,38,364,58.13695214272279,660,synthetic,CBE,Coimbatore
demand_plus20,baseline,3,9,44,361,63.874251334904,240,synthetic,CBE,Coimbatore
demand_plus20,baseline,3,10,58,357,69.521679952838,660,synthetic,CBE,Coimbatore
demand_plus20,baseline,3,11,0,0,79.92313729960524,0,synthetic,CBE,Coimbatore
demand_plus20,optimized,1,0,0,0,0.0,0,synthetic,CBE,Coimbatore
demand_plus20,optimized,1,1,4,336,2.774702964465932,240,synthetic,CBE,Coimbatore
demand_plus20,optimized,1,2,14,230,10.182359070999636,660,synthetic,CBE,Coimbatore
demand_plus20,optimized,1,3,18,229,14.949565263523318,660,synthetic,CBE,Coimbatore
demand_plus20,optimized,1,4,19,235,20.13463027273621,660,synthetic,CBE,Coimbatore
demand_plus20,optimized,1,5,49,232,26.722076565797675,660,synthetic,CBE,Coimbatore
demand_plus20,optimized,1,6,23,154,32.87695605059069,660,synthetic,CBE,Coimbatore
demand_plus20,optimized,1,7,28,227,38.03250046328546,1100,synthetic,CBE,Coimbatore
demand_plus20,optimized,1,8,16,226,44.73230621839356,660,synthetic,CBE,Coimbatore
demand_plus20,optimized,1,9,25,228,50.44306319485098,660,synthetic,CBE,Coimbatore
demand_plus20,optimized,1,10,43,157,56.9315492434986,1100,synthetic,CBE,Coimbatore
demand_plus20,optimized,1,11,50,152,62.523063715077775,660,synthetic,CBE,Coimbatore
demand_plus20,optimized,1,12,37,160,69.01327672293861,660,synthetic,CBE,Coimbatore
demand_plus20,optimized,1,13,30,156,74.55266046894825,660,synthetic,CBE,Coimbatore
demand_plus20,optimized,1,14,32,222,79.82575961652914,240,synthetic,CBE,Coimbatore
demand_plus20,optimized,1,15,12,345,85.82471412073413,240,synthetic,CBE,Coimbatore
demand_plus20,optimized,1,16,6,344,90.41988619083004,1100,synthetic,CBE,Coimbatore
demand_plus20,optimized,1,17,3,369,96.63384181116707,1100,synthetic,CBE,Coimbatore
demand_plus20,optimized,1,18,0,0,102.89878345710028,0,synthetic,CBE,Coimbatore
demand_plus20,optimized,2,0,0,0,0.0,0,synthetic,CBE,Coimbatore
demand_plus20,optimized,2,1,8,353,2.9228647019192744,660,synthetic,CBE,Coimbatore
demand_plus20,optimized,2,2,22,360,10.393948843554298,1100,synthetic,CBE,Coimbatore
demand_plus20,optimized,2,3,34,356,17.08030154960118,1100,synthetic,CBE,Coimbatore
demand_plus20,optimized,2,4,36,346,22.02829606000597,660,synthetic,CBE,Coimbatore
demand_plus20,optimized,2,5,54,348,28.84155633323995,660,synthetic,CBE,Coimbatore
demand_plus20,optimized,2,6,55,350,33.10692403748874,660,synthetic,CBE,Coimbatore
demand_plus20,optimized,2,7,47,413,38.49298450010586,660,synthetic,CBE,Coimbatore
demand_plus20,optimized,2,8,56,409,44.21898651856984,660,synthetic,CBE,Coimbatore
demand_plus20,optimized,2,9,53,347,48.50894832093764,1100,synthetic,CBE,Coimbatore
demand_plus20,optimized,2,10,58,357,55.58849985594078,660,synthetic,CBE,Coimbatore
demand_plus20,optimized,2,11,44,361,60.44882778580378,240,synthetic,CBE,Coimbatore
demand_plus20,optimized,2,12,38,364,65.0647792902073,660,synthetic,CBE,Coimbatore
demand_plus20,optimized,2,13,27,355,71.22116514780409,240,synthetic,CBE,Coimbatore
demand_plus20,optimized,2,14,24,354,76.36473392267455,1100,synthetic,CBE,Coimbatore
demand_plus20,optimized,2,15,15,368,83.68020394762529,1100,synthetic,CBE,Coimbatore
demand_plus20,optimized,2,16,0,0,91.0597607808858,0,synthetic,CBE,Coimbatore
demand_plus20,optimized,3,0,0,0,0.0,0,synthetic,CBE,Coimbatore
demand_plus20,optimized,3,1,1,340,0.8808933560520319,660,synthetic,CBE,Coimbatore
demand_plus20,optimized,3,2,10,338,7.862041628894807,660,synthetic,CBE,Coimbatore
demand_plus20,optimized,3,3,9,339,11.97106829834238,1100,synthetic,CBE,Coimbatore
demand_plus20,optimized,3,4,2,335,20.87586906108823,1100,synthetic,CBE,Coimbatore
demand_plus20,optimized,3,5,5,343,26.171453566088644,660,synthetic,CBE,Coimbatore
demand_plus20,optimized,3,6,21,331,32.57609336630445,660,synthetic,CBE,Coimbatore
demand_plus20,optimized,3,7,31,332,38.02463901954339,240,synthetic,CBE,Coimbatore
demand_plus20,optimized,3,8,29,333,43.87937753585824,660,synthetic,CBE,Coimbatore
demand_plus20,optimized,3,9,45,237,51.170021660405176,1100,synthetic,CBE,Coimbatore
demand_plus20,optimized,3,10,39,238,56.18214966446824,660,synthetic,CBE,Coimbatore
demand_plus20,optimized,3,11,52,240,62.86469839168846,660,synthetic,CBE,Coimbatore
demand_plus20,optimized,3,12,11,337,69.16071218800236,660,synthetic,CBE,Coimbatore
demand_plus20,optimized,3,13,0,0,74.52259664727528,0,synthetic,CBE,Coimbatore
fuel_minus20,baseline,1,0,0,0,0.0,0,synthetic,CBE,Coimbatore
fuel_minus20,baseline,1,1,1,340,0.8808933560520319,660,synthetic,CBE,Coimbatore
fuel_minus20,baseline,1,2,4,336,6.756721951975733,240,synthetic,CBE,Coimbatore
fuel_minus20,baseline,1,3,9,339,14.617499463915845,1100,synthetic,CBE,Coimbatore
fuel_minus20,baseline,1,4,2,335,23.5223002266617,1100,synthetic,CBE,Coimbatore
fuel_minus20,baseline,1,5,11,337,31.262366141745744,660,synthetic,CBE,Coimbatore
fuel_minus20,baseline,1,6,21,331,38.87377150900374,660,synthetic,CBE,Coimbatore
fuel_minus20,baseline,1,7,29,333,43.65637533798064,660,synthetic,CBE,Coimbatore
fuel_minus20,baseline,1,8,39,238,50.437270973974655,660,synthetic,CBE,Coimbatore
fuel_minus20,baseline,1,9,45,237,57.060308484507765,1100,synthetic,CBE,Coimbatore
fuel_minus20,baseline,1,10,52,240,64.00997834274986,660,synthetic,CBE,Coimbatore
fuel_minus20,baseline,1,11,23,154,75.25251540664055,660,synthetic,CBE,Coimbatore
fuel_minus20,baseline,1,12,28,227,80.40805981933532,1100,synthetic,CBE,Coimbatore
fuel_minus20,baseline,1,13,25,228,86.59839759192579,660,synthetic,CBE,Coimbatore
fuel_minus20,baseline,1,14,43,157,93.08688364057342,1100,synthetic,CBE,Coimbatore
fuel_minus20,baseline,1,15,37,160,98.54103066691384,660,synthetic,CBE,Coimbatore
fuel_minus20,baseline,1,16,32,222,104.60082178835007,240,synthetic,CBE,Coimbatore
fuel_minus20,baseline,1,17,0,0,112.43354635852668,0,synthetic,CBE,Coimbatore
fuel_minus20,baseline,2,0,0,0,0.0,0,synthetic,CBE,Coimbatore
fuel_minus20,baseline,2,1,6,344,1.6119974555183707,1100,synthetic,CBE,Coimbatore
fuel_minus20,baseline,2,2,3,369,7.825953075855406,1100,synthetic,CBE,Coimbatore
fuel_minus20,baseline,2,3,12,345,16.08454118886688,240,synthetic,CBE,Coimbatore
fuel_minus20,baseline,2,4,30,156,23.38177788933986,660,synthetic,CBE,Coimbatore
fuel_minus20,baseline,2,5,50,152,31.35558560397798,660,synthetic,CBE,Coimbatore
fuel_minus20,baseline,2,6,49,232,39.52397116519352,660,synthetic,CBE,Coimbatore
fuel_minus20,baseline,2,7,8,353,51.27215396865282,660,synthetic,CBE,Coimbatore
fuel_minus20,baseline,2,8,22,360,58.74323811028785,1100,synthetic,CBE,Coimbatore
fuel_minus20,baseline,2,9,34,356,65.42959081633474,1100,synthetic,CBE,Coimbatore
fuel_minus20,baseline,2,10,36,346,70.37758532673953,660,synthetic,CBE,Coimbatore
fuel_minus20,baseline,2,11,53,347,76.9645847322443,1100,synthetic,CBE,Coimbatore
fuel_minus20,baseline,2,12,56,409,81.31906207934385,660,synthetic,CBE,Coimbatore
fuel_minus20,baseline,2,13,54,348,86.19224459116819,660,synthetic,CBE,Coimbatore
fuel_minus20,baseline,2,14,55,350,90.45761229541698,660,synthetic,CBE,Coimbatore
fuel_minus20,baseline,2,15,58,357,97.80389748703804,660,synthetic,CBE,Coimbatore
fuel_minus20,baseline,2,16,44,361,102.66422541690102,240,synthetic,CBE,Coimbatore
fuel_minus20,baseline,2,17,0,0,114.38022575449848,0,synthetic,CBE,Coimbatore
fuel_minus20,baseline,3,0,0,0,0.0,0,synthetic,CBE,Coimbatore
fuel_minus20,baseline,3,1,15,368,3.576077936275134,1100,synthetic,CBE,Coimbatore
fuel_minus20,baseline,3,2,27,355,9.300031485391749,240,synthetic,CBE,Coimbatore
fuel_minus20,baseline,3,3,0,0,20.321807259737543,0,synthetic,CBE,Coimbatore
fuel_minus20,optimized,1,0,0,0,0.0,0,synthetic,CBE,Coimbatore
fuel_minus20,optimized,1,1,1,340,0.8808933560520319,660,synthetic,CBE,Coimbatore
fuel_minus20,optimized,1,2,9,339,7.753014959447236,1100,synthetic,CBE,Coimbatore
fuel_minus20,optimized,1,3,4,336,15.613792471387343,240,synthetic,CBE,Coimbatore
fuel_minus20,optimized,1,4,25,228,23.02647296497376,660,synthetic,CBE,Coimbatore
fuel_minus20,optimized,1,5,28,227,29.216810737564217,1100,synthetic,CBE,Coimbatore
fuel_minus20,optimized,1,6,23,154,34.37235515025898,660,synthetic,CBE,Coimbatore
fuel_minus20,optimized,1,7,49,232,40.527234635052,660,synthetic,CBE,Coimbatore
fuel_minus20,optimized,1,8,50,152,48.695620196267534,660,synthetic,CBE,Coimbatore
fuel_minus20,optimized,1,9,43,157,54.28713466784671,1100,synthetic,CBE,Coimbatore
fuel_minus20,optimized,1,10,37,160,59.74128169418712,660,synthetic,CBE,Coimbatore
fuel_minus20,optimized,1,11,30,156,65.28066544019676,660,synthetic,CBE,Coimbatore
fuel_minus20,optimized,1,12,32,222,70.55376458777765,240,synthetic,CBE,Coimbatore
fuel_minus20,optimized,1,13,12,345,76.55271909198264,240,synthetic,CBE,Coimbatore
fuel_minus20,optimized,1,14,6,344,81.14789116207855,1100,synthetic,CBE,Coimbatore
fuel_minus20,optimized,1,15,3,369,87.36184678241558,1100,synthetic,CBE,Coimbatore
fuel_minus20,optimized,1,16,0,0,93.62678842834876,0,synthetic,CBE,Coimbatore
fuel_minus20,optimized,2,0,0,0,0.0,0,synthetic,CBE,Coimbatore
fuel_minus20,optimized,2,1,8,353,2.9228647019192744,660,synthetic,CBE,Coimbatore
fuel_minus20,optimized,2,2,22,360,10.393948843554298,1100,synthetic,CBE,Coimbatore
fuel_minus20,optimized,2,3,34,356,17.08030154960118,1100,synthetic,CBE,Coimbatore
fuel_minus20,optimized,2,4,36,346,22.02829606000597,660,synthetic,CBE,Coimbatore
fuel_minus20,optimized,2,5,53,347,28.615295465510744,1100,synthetic,CBE,Coimbatore
fuel_minus20,optimized,2,6,56,409,32.96977281261029,660,synthetic,CBE,Coimbatore
fuel_minus20,optimized,2,7,54,348,37.84295532443462,660,synthetic,CBE,Coimbatore
fuel_minus20,optimized,2,8,55,350,42.10832302868341,660,synthetic,CBE,Coimbatore
fuel_minus20,optimized,2,9,58,357,49.45460822030446,660,synthetic,CBE,Coimbatore
fuel_minus20,optimized,2,10,44,361,54.314936150167455,240,synthetic,CBE,Coimbatore
fuel_minus20,optimized,2,11,27,355,61.08727351216776,240,synthetic,CBE,Coimbatore
fuel_minus20,optimized,2,12,15,368,68.12957567383526,1100,synthetic,CBE,Coimbatore
fuel_minus20,optimized,2,13,0,0,75.50913250709579,0,synthetic,CBE,Coimbatore
fuel_minus20,optimized,3,0,0,0,0.0,0,synthetic,CBE,Coimbatore
fuel_minus20,optimized,3,1,2,335,2.3106010045929333,1100,synthetic,CBE,Coimbatore
fuel_minus20,optimized,3,2,21,331,9.490683537528833,660,synthetic,CBE,Coimbatore
fuel_minus20,optimized,3,3,29,333,14.273287366505723,660,synthetic,CBE,Coimbatore
fuel_minus20,optimized,3,4,45,237,21.563931491052656,1100,synthetic,CBE,Coimbatore
fuel_minus20,optimized,3,5,39,238,26.576059495115725,660,synthetic,CBE,Coimbatore
fuel_minus20,optimized,3,6,52,240,33.258608222335944,660,synthetic,CBE,Coimbatore
fuel_minus20,optimized,3,7,11,337,39.554622018649845,660,synthetic,CBE,Coimbatore
fuel_minus20,optimized,3,8,0,0,44.916506477922766,0,synthetic,CBE,Coimbatore
fuel_plus20,baseline,1,0,0,0,0.0,0,synthetic,CBE,Coimbatore
fuel_plus20,baseline,1,1,1,340,0.8808933560520319,660,synthetic,CBE,Coimbatore
fuel_plus20,baseline,1,2,4,336,6.756721951975733,240,synthetic,CBE,Coimbatore
fuel_plus20,baseline,1,3,9,339,14.617499463915845,1100,synthetic,CBE,Coimbatore
fuel_plus20,baseline,1,4,2,335,23.5223002266617,1100,synthetic,CBE,Coimbatore
fuel_plus20,baseline,1,5,11,337,31.262366141745744,660,synthetic,CBE,Coimbatore
fuel_plus20,baseline,1,6,21,331,38.87377150900374,660,synthetic,CBE,Coimbatore
fuel_plus20,baseline,1,7,29,333,43.65637533798064,660,synthetic,CBE,Coimbatore
fuel_plus20,baseline,1,8,39,238,50.437270973974655,660,synthetic,CBE,Coimbatore
fuel_plus20,baseline,1,9,45,237,57.060308484507765,1100,synthetic,CBE,Coimbatore
fuel_plus20,baseline,1,10,52,240,64.00997834274986,660,synthetic,CBE,Coimbatore
fuel_plus20,baseline,1,11,23,154,75.25251540664055,660,synthetic,CBE,Coimbatore
fuel_plus20,baseline,1,12,28,227,80.40805981933532,1100,synthetic,CBE,Coimbatore
fuel_plus20,baseline,1,13,25,228,86.59839759192579,660,synthetic,CBE,Coimbatore
fuel_plus20,baseline,1,14,43,157,93.08688364057342,1100,synthetic,CBE,Coimbatore
fuel_plus20,baseline,1,15,37,160,98.54103066691384,660,synthetic,CBE,Coimbatore
fuel_plus20,baseline,1,16,32,222,104.60082178835007,240,synthetic,CBE,Coimbatore
fuel_plus20,baseline,1,17,0,0,112.43354635852668,0,synthetic,CBE,Coimbatore
fuel_plus20,baseline,2,0,0,0,0.0,0,synthetic,CBE,Coimbatore
fuel_plus20,baseline,2,1,6,344,1.6119974555183707,1100,synthetic,CBE,Coimbatore
fuel_plus20,baseline,2,2,3,369,7.825953075855406,1100,synthetic,CBE,Coimbatore
fuel_plus20,baseline,2,3,12,345,16.08454118886688,240,synthetic,CBE,Coimbatore
fuel_plus20,baseline,2,4,30,156,23.38177788933986,660,synthetic,CBE,Coimbatore
fuel_plus20,baseline,2,5,50,152,31.35558560397798,660,synthetic,CBE,Coimbatore
fuel_plus20,baseline,2,6,49,232,39.52397116519352,660,synthetic,CBE,Coimbatore
fuel_plus20,baseline,2,7,8,353,51.27215396865282,660,synthetic,CBE,Coimbatore
fuel_plus20,baseline,2,8,22,360,58.74323811028785,1100,synthetic,CBE,Coimbatore
fuel_plus20,baseline,2,9,34,356,65.42959081633474,1100,synthetic,CBE,Coimbatore
fuel_plus20,baseline,2,10,36,346,70.37758532673953,660,synthetic,CBE,Coimbatore
fuel_plus20,baseline,2,11,53,347,76.9645847322443,1100,synthetic,CBE,Coimbatore
fuel_plus20,baseline,2,12,56,409,81.31906207934385,660,synthetic,CBE,Coimbatore
fuel_plus20,baseline,2,13,54,348,86.19224459116819,660,synthetic,CBE,Coimbatore
fuel_plus20,baseline,2,14,55,350,90.45761229541698,660,synthetic,CBE,Coimbatore
fuel_plus20,baseline,2,15,58,357,97.80389748703804,660,synthetic,CBE,Coimbatore
fuel_plus20,baseline,2,16,44,361,102.66422541690102,240,synthetic,CBE,Coimbatore
fuel_plus20,baseline,2,17,0,0,114.38022575449848,0,synthetic,CBE,Coimbatore
fuel_plus20,baseline,3,0,0,0,0.0,0,synthetic,CBE,Coimbatore
fuel_plus20,baseline,3,1,15,368,3.576077936275134,1100,synthetic,CBE,Coimbatore
fuel_plus20,baseline,3,2,27,355,9.300031485391749,240,synthetic,CBE,Coimbatore
fuel_plus20,baseline,3,3,0,0,20.321807259737543,0,synthetic,CBE,Coimbatore
fuel_plus20,optimized,1,0,0,0,0.0,0,synthetic,CBE,Coimbatore
fuel_plus20,optimized,1,1,1,340,0.8808933560520319,660,synthetic,CBE,Coimbatore
fuel_plus20,optimized,1,2,9,339,7.753014959447236,1100,synthetic,CBE,Coimbatore
fuel_plus20,optimized,1,3,4,336,15.613792471387343,240,synthetic,CBE,Coimbatore
fuel_plus20,optimized,1,4,25,228,23.02647296497376,660,synthetic,CBE,Coimbatore
fuel_plus20,optimized,1,5,28,227,29.216810737564217,1100,synthetic,CBE,Coimbatore
fuel_plus20,optimized,1,6,23,154,34.37235515025898,660,synthetic,CBE,Coimbatore
fuel_plus20,optimized,1,7,49,232,40.527234635052,660,synthetic,CBE,Coimbatore
fuel_plus20,optimized,1,8,50,152,48.695620196267534,660,synthetic,CBE,Coimbatore
fuel_plus20,optimized,1,9,43,157,54.28713466784671,1100,synthetic,CBE,Coimbatore
fuel_plus20,optimized,1,10,37,160,59.74128169418712,660,synthetic,CBE,Coimbatore
fuel_plus20,optimized,1,11,30,156,65.28066544019676,660,synthetic,CBE,Coimbatore
fuel_plus20,optimized,1,12,32,222,70.55376458777765,240,synthetic,CBE,Coimbatore
fuel_plus20,optimized,1,13,12,345,76.55271909198264,240,synthetic,CBE,Coimbatore
fuel_plus20,optimized,1,14,6,344,81.14789116207855,1100,synthetic,CBE,Coimbatore
fuel_plus20,optimized,1,15,3,369,87.36184678241558,1100,synthetic,CBE,Coimbatore
fuel_plus20,optimized,1,16,0,0,93.62678842834876,0,synthetic,CBE,Coimbatore
fuel_plus20,optimized,2,0,0,0,0.0,0,synthetic,CBE,Coimbatore
fuel_plus20,optimized,2,1,8,353,2.9228647019192744,660,synthetic,CBE,Coimbatore
fuel_plus20,optimized,2,2,22,360,10.393948843554298,1100,synthetic,CBE,Coimbatore
fuel_plus20,optimized,2,3,34,356,17.08030154960118,1100,synthetic,CBE,Coimbatore
fuel_plus20,optimized,2,4,36,346,22.02829606000597,660,synthetic,CBE,Coimbatore
fuel_plus20,optimized,2,5,53,347,28.615295465510744,1100,synthetic,CBE,Coimbatore
fuel_plus20,optimized,2,6,56,409,32.96977281261029,660,synthetic,CBE,Coimbatore
fuel_plus20,optimized,2,7,54,348,37.84295532443462,660,synthetic,CBE,Coimbatore
fuel_plus20,optimized,2,8,55,350,42.10832302868341,660,synthetic,CBE,Coimbatore
fuel_plus20,optimized,2,9,58,357,49.45460822030446,660,synthetic,CBE,Coimbatore
fuel_plus20,optimized,2,10,44,361,54.314936150167455,240,synthetic,CBE,Coimbatore
fuel_plus20,optimized,2,11,27,355,61.08727351216776,240,synthetic,CBE,Coimbatore
fuel_plus20,optimized,2,12,15,368,68.12957567383526,1100,synthetic,CBE,Coimbatore
fuel_plus20,optimized,2,13,0,0,75.50913250709579,0,synthetic,CBE,Coimbatore
fuel_plus20,optimized,3,0,0,0,0.0,0,synthetic,CBE,Coimbatore
fuel_plus20,optimized,3,1,2,335,2.3106010045929333,1100,synthetic,CBE,Coimbatore
fuel_plus20,optimized,3,2,21,331,9.490683537528833,660,synthetic,CBE,Coimbatore
fuel_plus20,optimized,3,3,29,333,14.273287366505723,660,synthetic,CBE,Coimbatore
fuel_plus20,optimized,3,4,45,237,21.563931491052656,1100,synthetic,CBE,Coimbatore
fuel_plus20,optimized,3,5,39,238,26.576059495115725,660,synthetic,CBE,Coimbatore
fuel_plus20,optimized,3,6,52,240,33.258608222335944,660,synthetic,CBE,Coimbatore
fuel_plus20,optimized,3,7,11,337,39.554622018649845,660,synthetic,CBE,Coimbatore
fuel_plus20,optimized,3,8,0,0,44.916506477922766,0,synthetic,CBE,Coimbatore
