scenario,vehicles_available,trigger_pct,demand_multiplier,fuel_price_multiplier,required_bins,full_capacity_l_required,data_origin,distance_origin,solver_status,runtime_seconds,optimality,status,bins_serviced,baseline_complete,baseline_km,baseline_vehicle_hours,baseline_travel_hours,optimized_km,optimized_vehicle_hours,optimized_travel_hours,km_saved,distance_reduction_pct,travel_hours_saved,vehicle_hours_saved,fuel_l_saved_assumed,fuel_cost_inr_saved_historical_proxy,tailpipe_co2_kg_saved_proxy,reason,city_id,city_name
base_3_trucks,3,80,1.0,1.0,34,25180,synthetic,derived OSM road paths; hypothetical stops/depot,1.0,5.036956200026907,Feasible bounded search; global optimality not claimed,feasible,34,True,38.45702484766738,4.8689263228793775,1.8522596562127112,27.974306340578504,4.317540456889455,1.300873790222789,10.48271850708888,27.258266984022065,0.5513858659899222,0.5513858659899222,2.3294930015753064,215.22185841554256,6.264006681235999,,CBE,Coimbatore
one_truck,1,80,1.0,1.0,34,25180,synthetic,derived OSM road paths; hypothetical stops/depot,,,,proven_infeasible_capacity,0,,,,,,,,,,,,,,,Total planned volume exceeds fleet capacity; no partial-route savings claimed,CBE,Coimbatore
two_trucks,2,80,1.0,1.0,34,25180,synthetic,derived OSM road paths; hypothetical stops/depot,,,,proven_infeasible_capacity,0,,,,,,,,,,,,,,,Total planned volume exceeds fleet capacity; no partial-route savings claimed,CBE,Coimbatore
trigger_70,3,70,1.0,1.0,42,30480,synthetic,derived OSM road paths; hypothetical stops/depot,1.0,5.007402700022794,Feasible bounded search; global optimality not claimed,feasible,42,True,41.92313712554863,5.598415719047209,2.048415719047209,33.67023469922765,5.204712949539541,1.6547129495395414,8.25290242632098,19.685794032077645,0.3937027695076678,0.3937027695076676,1.8339783169602173,169.4412567039545,4.931567694306025,,CBE,Coimbatore
trigger_90,3,90,1.0,1.0,25,18760,synthetic,derived OSM road paths; hypothetical stops/depot,1.0,4.999595400004182,Feasible bounded search; global optimality not claimed,feasible,25,True,33.223066179726594,3.781404377173617,1.61473771050695,22.58741396628724,3.290749231649372,1.124082564982705,10.635652213439355,32.01285563440696,0.4906551455242447,0.4906551455242449,2.36347826965319,218.36175733325828,6.35539306709743,,CBE,Coimbatore
demand_plus20,3,80,1.2,1.0,44,31800,synthetic,derived OSM road paths; hypothetical stops/depot,1.0,4.999790600006236,Feasible bounded search; global optimality not claimed,feasible,44,True,44.89005167315711,5.728941828941414,2.0456084956080813,32.662104618081,5.224685681421023,1.5413523480876896,12.227947055076108,27.239770504403428,0.5042561475203917,0.5042561475203913,2.7173215677946905,251.05333964855143,7.306877695799923,,CBE,Coimbatore
truck_unavailable,2,80,1.0,1.0,34,25180,synthetic,derived OSM road paths; hypothetical stops/depot,,,,proven_infeasible_capacity,0,,,,,,,,,,,,,,,Total planned volume exceeds fleet capacity; no partial-route savings claimed,CBE,Coimbatore
fuel_minus20,3,80,1.0,0.8,34,25180,synthetic,derived OSM road paths; hypothetical stops/depot,1.0,5.036956200026907,Feasible bounded search; global optimality not claimed,feasible,34,True,38.45702484766738,4.8689263228793775,1.8522596562127112,27.974306340578504,4.317540456889455,1.300873790222789,10.48271850708888,27.258266984022065,0.5513858659899222,0.5513858659899222,2.3294930015753064,172.17748673243406,6.264006681235999,,CBE,Coimbatore
fuel_plus20,3,80,1.0,1.2,34,25180,synthetic,derived OSM road paths; hypothetical stops/depot,1.0,5.036956200026907,Feasible bounded search; global optimality not claimed,feasible,34,True,38.45702484766738,4.8689263228793775,1.8522596562127112,27.974306340578504,4.317540456889455,1.300873790222789,10.48271850708888,27.258266984022065,0.5513858659899222,0.5513858659899222,2.3294930015753064,258.2662300986511,6.264006681235999,,CBE,Coimbatore
