scenario,method,bin_id,initial_l,arrivals_l,terminal_l,overflow_l,collected_l,collection_count,capacity_l,data_origin
base_3_trucks,baseline,271,83.2823715209961,539.1504483222961,622.4328198432922,0.0,0.0,0,1100.0,synthetic
base_3_trucks,baseline,272,55.6998291015625,460.0019178390503,515.7017469406128,0.0,0.0,0,660.0,synthetic
base_3_trucks,baseline,273,150.4479217529297,774.9242858886719,925.3722076416016,0.0,0.0,0,1100.0,synthetic
base_3_trucks,baseline,275,121.88603210449219,478.15131187438965,466.09704441392404,0.0,133.9402995649578,1,660.0,synthetic
base_3_trucks,baseline,276,55.148860931396484,272.28371477127075,261.648930274304,0.0,65.78364542836323,1,660.0,synthetic
base_3_trucks,baseline,277,224.82020568847656,120.45546042919159,96.23039180935231,21.04527430831584,228.0,1,240.0,synthetic
base_3_trucks,baseline,279,57.67197036743164,391.1500916481018,448.82206201553345,0.0,0.0,0,660.0,synthetic
base_3_trucks,baseline,280,405.8956298828125,388.73234128952026,383.13322909281646,0.0,411.4947420795163,1,660.0,synthetic
base_3_trucks,baseline,286,495.178466796875,427.8490934371948,442.2715241950384,0.0,480.7560360390314,1,660.0,synthetic
base_3_trucks,baseline,287,402.5976867675781,413.7656066417694,428.34945486402364,0.0,388.0138385453239,1,660.0,synthetic
base_3_trucks,baseline,288,606.498779296875,767.9066958427429,781.7729551886364,0.0,592.6325199509816,1,1100.0,synthetic
base_3_trucks,baseline,289,201.93939208984375,224.0832992196083,426.02269130945206,0.0,0.0,0,660.0,synthetic
base_3_trucks,baseline,290,28.026309967041016,241.02780640125275,269.05411636829376,0.0,0.0,0,660.0,synthetic
base_3_trucks,baseline,291,61.720481872558594,379.227091550827,440.9475734233856,0.0,0.0,0,660.0,synthetic
base_3_trucks,baseline,292,337.47979736328125,402.87474513053894,408.9926830228852,0.0,331.361859470935,1,660.0,synthetic
base_3_trucks,baseline,293,328.85528564453125,235.7955687046051,248.16198205885223,0.0,316.4888722902841,1,660.0,synthetic
base_3_trucks,baseline,294,240.0,179.26902827620506,189.98146552027595,1.2875627559290876,228.0,1,240.0,synthetic
base_3_trucks,baseline,295,50.176109313964844,375.9925365447998,426.16864585876465,0.0,0.0,0,660.0,synthetic
base_3_trucks,baseline,296,54.9179801940918,405.26786828041077,460.18584847450256,0.0,0.0,0,660.0,synthetic
base_3_trucks,baseline,297,219.19366455078125,761.6779117584229,770.2443992640495,0.0,210.62717704515453,1,1100.0,synthetic
base_3_trucks,baseline,298,79.91767883300781,508.29969692230225,588.2173757553101,0.0,0.0,0,1100.0,synthetic
base_3_trucks,baseline,299,106.964111328125,150.17304956912994,144.2002147043013,0.0,112.93694619295364,1,240.0,synthetic
base_3_trucks,baseline,300,331.3371887207031,244.07901811599731,247.88689142050845,0.0,327.529315416192,1,660.0,synthetic
base_3_trucks,baseline,301,24.37550926208496,212.7550082206726,237.13051748275757,0.0,0.0,0,660.0,synthetic
base_3_trucks,baseline,303,466.32574462890625,190.70054054260254,208.15213037648746,0.0,448.8741547950213,1,660.0,synthetic
base_3_trucks,baseline,304,361.5086669921875,238.13038301467896,243.47905765808264,0.0,356.1599923487838,1,660.0,synthetic
base_3_trucks,baseline,306,72.78732299804688,504.7591829299927,577.5465059280396,0.0,0.0,0,660.0,synthetic
base_3_trucks,baseline,307,470.6075439453125,391.0901708602905,398.8246036556956,0.0,462.8731111499074,1,660.0,synthetic
base_3_trucks,baseline,308,51.55916976928711,180.1192169189453,231.67838668823242,0.0,0.0,0,660.0,synthetic
base_3_trucks,baseline,309,521.2014770507812,663.7298374176025,660.0,22.56355840867957,502.3677560597042,1,660.0,synthetic
base_3_trucks,baseline,311,11.650199890136719,131.7266914844513,143.376891374588,0.0,0.0,0,240.0,synthetic
base_3_trucks,baseline,312,40.77111053466797,228.8415149450302,269.6126254796982,0.0,0.0,0,660.0,synthetic
base_3_trucks,baseline,313,92.54998016357422,578.4080362319946,534.2824004298782,0.0,136.67561596569067,1,660.0,synthetic
base_3_trucks,baseline,314,333.53472900390625,276.75512981414795,250.75192196478125,0.0,359.537936853273,1,660.0,synthetic
base_3_trucks,baseline,315,660.0,489.6087803840637,514.8596899297129,7.749090454350835,627.0,1,660.0,synthetic
base_3_trucks,baseline,317,37.930091857910156,578.8365426063538,564.2019886536239,0.0,52.56464581064008,1,660.0,synthetic
base_3_trucks,baseline,318,649.0396728515625,442.0022373199463,422.7296579654621,0.0,668.3122522060468,1,1100.0,synthetic
base_3_trucks,baseline,320,165.09568786621094,131.71783964708447,132.94973056592474,0.0,163.86379694737067,1,240.0,synthetic
base_3_trucks,baseline,362,434.3858337402344,361.37388825416565,375.98676273305944,0.0,419.7729592613406,1,660.0,synthetic
base_3_trucks,baseline,367,164.33395385742188,757.9893741607666,750.4233432473852,0.0,171.8999847708032,1,1100.0,synthetic
base_3_trucks,baseline,381,315.4707946777344,762.0489473342896,775.4453550453281,0.0,302.0743869666957,1,1100.0,synthetic
base_3_trucks,baseline,382,286.9560852050781,316.83329725265503,317.6564977312124,0.0,286.13288472652073,1,660.0,synthetic
base_3_trucks,baseline,383,69.93218994140625,689.5759439468384,759.5081338882446,0.0,0.0,0,1100.0,synthetic
base_3_trucks,baseline,384,418.6301574707031,407.10661935806274,416.5583240221436,0.0,409.17845280662226,1,660.0,synthetic
base_3_trucks,baseline,386,51.340301513671875,441.5885877609253,492.92888927459717,0.0,0.0,0,1100.0,synthetic
base_3_trucks,baseline,387,34.70240020751953,308.85002756118774,343.5524277687073,0.0,0.0,0,660.0,synthetic
base_3_trucks,baseline,388,71.13208770751953,439.0710537433624,441.982260160082,0.0,68.22088129079997,1,660.0,synthetic
base_3_trucks,baseline,389,72.4708480834961,460.3200397491455,449.7810813824098,0.0,83.00980645023179,1,660.0,synthetic
base_3_trucks,baseline,390,41.14801025390625,393.80251026153564,434.9505205154419,0.0,0.0,0,660.0,synthetic
base_3_trucks,baseline,391,99.36604309082031,1022.9796648025513,1100.0,22.345707893371582,0.0,0,1100.0,synthetic
base_3_trucks,baseline,392,52.76163101196289,251.9660301208496,304.7276611328125,0.0,0.0,0,660.0,synthetic
base_3_trucks,baseline,393,450.453369140625,442.26722240448,446.73741881512206,0.0,445.9831727299829,1,660.0,synthetic
base_3_trucks,baseline,394,156.76327514648438,498.0496129989624,480.46107005476983,0.0,174.35181809067691,1,1100.0,synthetic
base_3_trucks,baseline,395,41.02906036376953,274.3901324272156,315.4191927909851,0.0,0.0,0,660.0,synthetic
base_3_trucks,baseline,496,111.67051696777344,494.6992931365967,481.06303764231546,0.0,125.30677246205465,1,660.0,synthetic
base_3_trucks,baseline,497,39.3043098449707,209.8156031370163,249.119912981987,0.0,0.0,0,660.0,synthetic
base_3_trucks,baseline,498,92.80413055419922,767.303957939148,767.7358932439853,0.0,92.37219524936187,1,1100.0,synthetic
base_3_trucks,baseline,571,62.153079986572266,274.0397484302521,336.19282841682434,0.0,0.0,0,660.0,synthetic
base_3_trucks,baseline,572,660.0,419.5948724746704,422.81887512363755,29.775997351032856,627.0,1,660.0,synthetic
base_3_trucks,baseline,574,305.6520690917969,346.15446615219116,350.2473009060369,0.0,301.5592343379512,1,660.0,synthetic
base_3_trucks,optimized,271,83.2823715209961,539.1504483222961,622.4328198432922,0.0,0.0,0,1100.0,synthetic
base_3_trucks,optimized,272,55.6998291015625,460.0019178390503,515.7017469406128,0.0,0.0,0,660.0,synthetic
base_3_trucks,optimized,273,150.4479217529297,774.9242858886719,925.3722076416016,0.0,0.0,0,1100.0,synthetic
base_3_trucks,optimized,275,121.88603210449219,478.15131187438965,477.17696347842036,0.0,122.86038050046152,1,660.0,synthetic
base_3_trucks,optimized,276,55.148860931396484,272.28371477127075,270.25076475667777,0.0,57.18181094598946,1,660.0,synthetic
base_3_trucks,optimized,277,224.82020568847656,120.45546042919159,123.98254938849303,0.0,221.29311672917513,1,240.0,synthetic
base_3_trucks,optimized,279,57.67197036743164,391.1500916481018,448.82206201553345,0.0,0.0,0,660.0,synthetic
base_3_trucks,optimized,280,405.8956298828125,388.73234128952026,400.65516760050593,0.0,393.97280357182683,1,660.0,synthetic
base_3_trucks,optimized,286,495.178466796875,427.8490934371948,418.07640671792944,0.0,504.9511535161404,1,660.0,synthetic
base_3_trucks,optimized,287,402.5976867675781,413.7656066417694,430.9983062666979,0.0,385.3649871426496,1,660.0,synthetic
base_3_trucks,optimized,288,606.498779296875,767.9066958427429,784.6661863667845,0.0,589.7392887728334,1,1100.0,synthetic
base_3_trucks,optimized,289,201.93939208984375,224.0832992196083,426.02269130945206,0.0,0.0,0,660.0,synthetic
base_3_trucks,optimized,290,28.026309967041016,241.02780640125275,269.05411636829376,0.0,0.0,0,660.0,synthetic
base_3_trucks,optimized,291,61.720481872558594,379.227091550827,440.9475734233856,0.0,0.0,0,660.0,synthetic
base_3_trucks,optimized,292,337.47979736328125,402.87474513053894,416.13195589286306,0.0,324.22258660095713,1,660.0,synthetic
base_3_trucks,optimized,293,328.85528564453125,235.7955687046051,250.2989826445854,0.0,314.35187170455094,1,660.0,synthetic
base_3_trucks,optimized,294,240.0,179.26902827620506,172.76155815833596,18.507470117869104,228.0,1,240.0,synthetic
base_3_trucks,optimized,295,50.176109313964844,375.9925365447998,426.16864585876465,0.0,0.0,0,660.0,synthetic
base_3_trucks,optimized,296,54.9179801940918,405.26786828041077,460.18584847450256,0.0,0.0,0,660.0,synthetic
base_3_trucks,optimized,297,219.19366455078125,761.6779117584229,770.2443992640495,0.0,210.62717704515453,1,1100.0,synthetic
base_3_trucks,optimized,298,79.91767883300781,508.29969692230225,588.2173757553101,0.0,0.0,0,1100.0,synthetic
base_3_trucks,optimized,299,106.964111328125,150.17304956912994,151.49057171835955,0.0,105.64658917889541,1,240.0,synthetic
base_3_trucks,optimized,300,331.3371887207031,244.07901811599731,239.65022323231165,0.0,335.7659836043888,1,660.0,synthetic
base_3_trucks,optimized,301,24.37550926208496,212.7550082206726,237.13051748275757,0.0,0.0,0,660.0,synthetic
base_3_trucks,optimized,303,466.32574462890625,190.70054054260254,201.90566520324137,0.0,455.1206199682674,1,660.0,synthetic
base_3_trucks,optimized,304,361.5086669921875,238.13038301467896,230.40089579854535,0.0,369.23815420832113,1,660.0,synthetic
base_3_trucks,optimized,306,72.78732299804688,504.7591829299927,577.5465059280396,0.0,0.0,0,660.0,synthetic
base_3_trucks,optimized,307,470.6075439453125,391.0901708602905,396.49846564645617,0.0,465.19924915914686,1,660.0,synthetic
base_3_trucks,optimized,308,51.55916976928711,180.1192169189453,231.67838668823242,0.0,0.0,0,660.0,synthetic
base_3_trucks,optimized,309,521.2014770507812,663.7298374176025,660.0,20.94611658281292,503.985197885571,1,660.0,synthetic
base_3_trucks,optimized,311,11.650199890136719,131.7266914844513,143.376891374588,0.0,0.0,0,240.0,synthetic
base_3_trucks,optimized,312,40.77111053466797,228.8415149450302,269.6126254796982,0.0,0.0,0,660.0,synthetic
base_3_trucks,optimized,313,92.54998016357422,578.4080362319946,536.9705033743537,0.0,133.9875130212151,1,660.0,synthetic
base_3_trucks,optimized,314,333.53472900390625,276.75512981414795,255.11073618076517,0.0,355.179122637289,1,660.0,synthetic
base_3_trucks,optimized,315,660.0,489.6087803840637,514.9456504064145,7.6631299776491915,627.0,1,660.0,synthetic
base_3_trucks,optimized,317,37.930091857910156,578.8365426063538,573.9874558189339,0.0,42.779178645330006,1,660.0,synthetic
base_3_trucks,optimized,318,649.0396728515625,442.0022373199463,451.57714540324844,0.0,639.4647647682604,1,1100.0,synthetic
base_3_trucks,optimized,320,165.09568786621094,131.71783964708447,135.41331886943408,0.0,161.40020864386133,1,240.0,synthetic
base_3_trucks,optimized,362,434.3858337402344,361.37388825416565,380.5777929299483,0.0,415.1819290644517,1,660.0,synthetic
base_3_trucks,optimized,367,164.33395385742188,757.9893741607666,761.4819914084145,0.0,160.84133660977398,1,1100.0,synthetic
base_3_trucks,optimized,381,315.4707946777344,762.0489473342896,775.3341078460542,0.0,302.1856341659698,1,1100.0,synthetic
base_3_trucks,optimized,382,286.9560852050781,316.83329725265503,317.13736348559183,0.0,286.6520189721413,1,660.0,synthetic
base_3_trucks,optimized,383,69.93218994140625,689.5759439468384,759.5081338882446,0.0,0.0,0,1100.0,synthetic
base_3_trucks,optimized,384,418.6301574707031,407.10661935806274,416.0640990496711,0.0,409.67267777909484,1,660.0,synthetic
base_3_trucks,optimized,386,51.340301513671875,441.5885877609253,492.92888927459717,0.0,0.0,0,1100.0,synthetic
base_3_trucks,optimized,387,34.70240020751953,308.85002756118774,343.5524277687073,0.0,0.0,0,660.0,synthetic
base_3_trucks,optimized,388,71.13208770751953,439.0710537433624,442.30540451176626,0.0,67.89773693911572,1,660.0,synthetic
base_3_trucks,optimized,389,72.4708480834961,460.3200397491455,455.73761871496305,0.0,77.05326911767855,1,660.0,synthetic
base_3_trucks,optimized,390,41.14801025390625,393.80251026153564,434.9505205154419,0.0,0.0,0,660.0,synthetic
base_3_trucks,optimized,391,99.36604309082031,1022.9796648025513,1100.0,22.345707893371582,0.0,0,1100.0,synthetic
base_3_trucks,optimized,392,52.76163101196289,251.9660301208496,304.7276611328125,0.0,0.0,0,660.0,synthetic
base_3_trucks,optimized,393,450.453369140625,442.26722240448,424.076417323384,0.0,468.64417422172096,1,660.0,synthetic
base_3_trucks,optimized,394,156.76327514648438,498.0496129989624,453.02551467443385,0.0,201.78737347101293,1,1100.0,synthetic
base_3_trucks,optimized,395,41.02906036376953,274.3901324272156,315.4191927909851,0.0,0.0,0,660.0,synthetic
base_3_trucks,optimized,496,111.67051696777344,494.6992931365967,480.06212979179384,0.0,126.3076803125763,1,660.0,synthetic
base_3_trucks,optimized,497,39.3043098449707,209.8156031370163,249.119912981987,0.0,0.0,0,660.0,synthetic
base_3_trucks,optimized,498,92.80413055419922,767.303957939148,765.8751269857455,0.0,94.2329615076016,1,1100.0,synthetic
base_3_trucks,optimized,571,62.153079986572266,274.0397484302521,336.19282841682434,0.0,0.0,0,660.0,synthetic
base_3_trucks,optimized,572,660.0,419.5948724746704,428.3535246843798,24.24134779029066,627.0,1,660.0,synthetic
base_3_trucks,optimized,574,305.6520690917969,346.15446615219116,348.4096610637459,0.0,303.39687418024215,1,660.0,synthetic
trigger_70,baseline,271,83.2823715209961,539.1504483222961,622.4328198432922,0.0,0.0,0,1100.0,synthetic
trigger_70,baseline,272,55.6998291015625,460.0019178390503,515.7017469406128,0.0,0.0,0,660.0,synthetic
trigger_70,baseline,273,150.4479217529297,774.9242858886719,776.9842136547663,0.0,148.3879939868352,1,1100.0,synthetic
trigger_70,baseline,275,121.88603210449219,478.15131187438965,479.85647971098064,0.0,120.1808642679012,1,660.0,synthetic
trigger_70,baseline,276,55.148860931396484,272.28371477127075,270.07790373734247,0.0,57.354671965324776,1,660.0,synthetic
trigger_70,baseline,277,224.82020568847656,120.45546042919159,97.31117357250156,19.964492545166593,228.0,1,240.0,synthetic
trigger_70,baseline,279,57.67197036743164,391.1500916481018,362.6978225407913,0.0,86.12423947474215,1,660.0,synthetic
trigger_70,baseline,280,405.8956298828125,388.73234128952026,397.5308968489294,0.0,397.0970743234034,1,660.0,synthetic
trigger_70,baseline,286,495.178466796875,427.8490934371948,438.5515134537531,0.0,484.4760467803167,1,660.0,synthetic
trigger_70,baseline,287,402.5976867675781,413.7656066417694,421.8035847983599,0.0,394.5597086109876,1,660.0,synthetic
trigger_70,baseline,288,606.498779296875,767.9066958427429,758.4958142632723,0.0,615.9096608763456,1,1100.0,synthetic
trigger_70,baseline,289,201.93939208984375,224.0832992196083,230.22619105070686,0.0,195.7965002587452,1,660.0,synthetic
trigger_70,baseline,290,28.026309967041016,241.02780640125275,269.05411636829376,0.0,0.0,0,660.0,synthetic
trigger_70,baseline,291,61.720481872558594,379.227091550827,440.9475734233856,0.0,0.0,0,660.0,synthetic
trigger_70,baseline,292,337.47979736328125,402.87474513053894,408.9926830228852,0.0,331.361859470935,1,660.0,synthetic
trigger_70,baseline,293,328.85528564453125,235.7955687046051,248.16198205885223,0.0,316.4888722902841,1,660.0,synthetic
trigger_70,baseline,294,240.0,179.26902827620506,189.98146552027595,1.2875627559290876,228.0,1,240.0,synthetic
trigger_70,baseline,295,50.176109313964844,375.9925365447998,426.16864585876465,0.0,0.0,0,660.0,synthetic
trigger_70,baseline,296,54.9179801940918,405.26786828041077,365.2328698815721,0.0,94.95297859293045,1,660.0,synthetic
trigger_70,baseline,297,219.19366455078125,761.6779117584229,770.2443992640495,0.0,210.62717704515453,1,1100.0,synthetic
trigger_70,baseline,298,79.91767883300781,508.29969692230225,588.2173757553101,0.0,0.0,0,1100.0,synthetic
trigger_70,baseline,299,106.964111328125,150.17304956912994,146.15580921489232,0.0,110.98135168236263,1,240.0,synthetic
trigger_70,baseline,300,331.3371887207031,244.07901811599731,238.1809901177481,0.0,337.2352167189523,1,660.0,synthetic
trigger_70,baseline,301,24.37550926208496,212.7550082206726,237.13051748275757,0.0,0.0,0,660.0,synthetic
trigger_70,baseline,303,466.32574462890625,190.70054054260254,202.92437633771863,0.0,454.10190883379016,1,660.0,synthetic
trigger_70,baseline,304,361.5086669921875,238.13038301467896,231.72224644267047,0.0,367.916803564196,1,660.0,synthetic
trigger_70,baseline,306,72.78732299804688,504.7591829299927,498.894329172898,0.0,78.65217675514157,1,660.0,synthetic
trigger_70,baseline,307,470.6075439453125,391.0901708602905,412.2883561109953,0.0,449.4093586946077,1,660.0,synthetic
trigger_70,baseline,308,51.55916976928711,180.1192169189453,231.67838668823242,0.0,0.0,0,660.0,synthetic
trigger_70,baseline,309,521.2014770507812,663.7298374176025,646.1158759499467,0.0,538.8154385184371,1,660.0,synthetic
trigger_70,baseline,311,11.650199890136719,131.7266914844513,143.376891374588,0.0,0.0,0,240.0,synthetic
trigger_70,baseline,312,40.77111053466797,228.8415149450302,269.6126254796982,0.0,0.0,0,660.0,synthetic
trigger_70,baseline,313,92.54998016357422,578.4080362319946,569.9956187926624,0.0,100.96239760290645,1,660.0,synthetic
trigger_70,baseline,314,333.53472900390625,276.75512981414795,283.7581000297047,0.0,326.5317587883495,1,660.0,synthetic
trigger_70,baseline,315,660.0,489.6087803840637,521.1398349256702,1.4689454583934776,627.0,1,660.0,synthetic
trigger_70,baseline,317,37.930091857910156,578.8365426063538,572.1660097221948,0.0,44.60062474206923,1,660.0,synthetic
trigger_70,baseline,318,649.0396728515625,442.0022373199463,452.1897758217548,0.0,638.852134349754,1,1100.0,synthetic
trigger_70,baseline,320,165.09568786621094,131.71783964708447,129.92772890236802,0.0,166.88579861092742,1,240.0,synthetic
trigger_70,baseline,362,434.3858337402344,361.37388825416565,376.5889962155659,0.0,419.17072577883414,1,660.0,synthetic
trigger_70,baseline,367,164.33395385742188,757.9893741607666,751.8739736959376,0.0,170.44935432225083,1,1100.0,synthetic
trigger_70,baseline,381,315.4707946777344,762.0489473342896,774.0808337727211,0.0,303.4389082393028,1,1100.0,synthetic
trigger_70,baseline,382,286.9560852050781,316.83329725265503,312.12778651094555,0.0,291.6615959467876,1,660.0,synthetic
trigger_70,baseline,383,69.93218994140625,689.5759439468384,654.9192026457602,0.0,104.58893124248443,1,1100.0,synthetic
trigger_70,baseline,384,418.6301574707031,407.10661935806274,409.42328249319047,0.0,416.3134943355754,1,660.0,synthetic
trigger_70,baseline,386,51.340301513671875,441.5885877609253,415.4033819091709,0.0,77.52550736542631,1,1100.0,synthetic
trigger_70,baseline,387,34.70240020751953,308.85002756118774,343.5524277687073,0.0,0.0,0,660.0,synthetic
trigger_70,baseline,388,71.13208770751953,439.0710537433624,441.982260160082,0.0,68.22088129079997,1,660.0,synthetic
trigger_70,baseline,389,72.4708480834961,460.3200397491455,449.7810813824098,0.0,83.00980645023179,1,660.0,synthetic
trigger_70,baseline,390,41.14801025390625,393.80251026153564,388.68698580676096,0.0,46.263534708680936,1,660.0,synthetic
trigger_70,baseline,391,99.36604309082031,1022.9796648025513,1007.8823525490966,0.0,114.46335534427502,1,1100.0,synthetic
trigger_70,baseline,392,52.76163101196289,251.9660301208496,304.7276611328125,0.0,0.0,0,660.0,synthetic
trigger_70,baseline,393,450.453369140625,442.26722240448,444.6073947067225,0.0,448.11319683838246,1,660.0,synthetic
trigger_70,baseline,394,156.76327514648438,498.0496129989624,474.78960391220335,0.0,180.02328423324343,1,1100.0,synthetic
trigger_70,baseline,395,41.02906036376953,274.3901324272156,315.4191927909851,0.0,0.0,0,660.0,synthetic
trigger_70,baseline,496,111.67051696777344,494.6992931365967,460.16361552181513,0.0,146.206194582555,1,660.0,synthetic
trigger_70,baseline,497,39.3043098449707,209.8156031370163,204.0309326721553,0.0,45.08898030983171,1,660.0,synthetic
trigger_70,baseline,498,92.80413055419922,767.303957939148,739.8751130418264,0.0,120.23297545152077,1,1100.0,synthetic
trigger_70,baseline,571,62.153079986572266,274.0397484302521,336.19282841682434,0.0,0.0,0,660.0,synthetic
trigger_70,baseline,572,660.0,419.5948724746704,430.3395967567449,22.25527571792543,627.0,1,660.0,synthetic
trigger_70,baseline,574,305.6520690917969,346.15446615219116,342.97341600661986,0.0,308.8331192373682,1,660.0,synthetic
trigger_70,optimized,271,83.2823715209961,539.1504483222961,622.4328198432922,0.0,0.0,0,1100.0,synthetic
trigger_70,optimized,272,55.6998291015625,460.0019178390503,515.7017469406128,0.0,0.0,0,660.0,synthetic
trigger_70,optimized,273,150.4479217529297,774.9242858886719,765.2726802069003,0.0,160.09952743470132,1,1100.0,synthetic
trigger_70,optimized,275,121.88603210449219,478.15131187438965,468.5782914894491,0.0,131.4590524894327,1,660.0,synthetic
trigger_70,optimized,276,55.148860931396484,272.28371477127075,263.5752328519042,0.0,63.857342850763025,1,660.0,synthetic
trigger_70,optimized,277,224.82020568847656,120.45546042919159,109.41129988951847,7.864366228149663,228.0,1,240.0,synthetic
trigger_70,optimized,279,57.67197036743164,391.1500916481018,344.1403711500479,0.0,104.68169086548558,1,660.0,synthetic
trigger_70,optimized,280,405.8956298828125,388.73234128952026,387.05710781671866,0.0,407.5708633556141,1,660.0,synthetic
trigger_70,optimized,286,495.178466796875,427.8490934371948,376.94689010987827,0.0,546.0806701241916,1,660.0,synthetic
trigger_70,optimized,287,402.5976867675781,413.7656066417694,421.5933807804556,0.0,394.7699126288919,1,660.0,synthetic
trigger_70,optimized,288,606.498779296875,767.9066958427429,751.2222325852774,0.0,623.1832425543405,1,1100.0,synthetic
trigger_70,optimized,289,201.93939208984375,224.0832992196083,230.22619105070686,0.0,195.7965002587452,1,660.0,synthetic
trigger_70,optimized,290,28.026309967041016,241.02780640125275,269.05411636829376,0.0,0.0,0,660.0,synthetic
trigger_70,optimized,291,61.720481872558594,379.227091550827,440.9475734233856,0.0,0.0,0,660.0,synthetic
trigger_70,optimized,292,337.47979736328125,402.87474513053894,344.3742589724221,0.0,395.9802835213981,1,660.0,synthetic
trigger_70,optimized,293,328.85528564453125,235.7955687046051,221.08780496834973,0.0,343.5630493807866,1,660.0,synthetic
trigger_70,optimized,294,240.0,179.26902827620506,172.60047506400355,18.668553212201516,228.0,1,240.0,synthetic
trigger_70,optimized,295,50.176109313964844,375.9925365447998,426.16864585876465,0.0,0.0,0,660.0,synthetic
trigger_70,optimized,296,54.9179801940918,405.26786828041077,379.1372969446359,0.0,81.04855152986666,1,660.0,synthetic
trigger_70,optimized,297,219.19366455078125,761.6779117584229,770.2443992640495,0.0,210.62717704515453,1,1100.0,synthetic
trigger_70,optimized,298,79.91767883300781,508.29969692230225,588.2173757553101,0.0,0.0,0,1100.0,synthetic
trigger_70,optimized,299,106.964111328125,150.17304956912994,153.99571813565836,0.0,103.1414427615966,1,240.0,synthetic
trigger_70,optimized,300,331.3371887207031,244.07901811599731,258.25588289815903,0.0,317.1603239385414,1,660.0,synthetic
trigger_70,optimized,301,24.37550926208496,212.7550082206726,237.13051748275757,0.0,0.0,0,660.0,synthetic
trigger_70,optimized,303,466.32574462890625,190.70054054260254,206.3235325397804,0.0,450.7027526317284,1,660.0,synthetic
trigger_70,optimized,304,361.5086669921875,238.13038301467896,240.23657998047702,0.0,359.40247002638944,1,660.0,synthetic
trigger_70,optimized,306,72.78732299804688,504.7591829299927,409.6238026997843,0.0,167.92270322825524,1,660.0,synthetic
trigger_70,optimized,307,470.6075439453125,391.0901708602905,399.08309807955504,0.0,462.614616726048,1,660.0,synthetic
trigger_70,optimized,308,51.55916976928711,180.1192169189453,231.67838668823242,0.0,0.0,0,660.0,synthetic
trigger_70,optimized,309,521.2014770507812,663.7298374176025,660.0,7.46602308720685,517.4652913811768,1,660.0,synthetic
trigger_70,optimized,311,11.650199890136719,131.7266914844513,143.376891374588,0.0,0.0,0,240.0,synthetic
trigger_70,optimized,312,40.77111053466797,228.8415149450302,269.6126254796982,0.0,0.0,0,660.0,synthetic
trigger_70,optimized,313,92.54998016357422,578.4080362319946,543.8263589597304,0.0,127.13165743583843,1,660.0,synthetic
trigger_70,optimized,314,333.53472900390625,276.75512981414795,259.5724542248704,0.0,350.71740459318374,1,660.0,synthetic
trigger_70,optimized,315,660.0,489.6087803840637,516.5379885023594,6.070791881704281,627.0,1,660.0,synthetic
trigger_70,optimized,317,37.930091857910156,578.8365426063538,567.6756255744291,0.0,49.09100888983483,1,660.0,synthetic
trigger_70,optimized,318,649.0396728515625,442.0022373199463,432.9699148426803,0.0,658.0719953288285,1,1100.0,synthetic
trigger_70,optimized,320,165.09568786621094,131.71783964708447,137.9892922222936,0.0,158.8242352910018,1,240.0,synthetic
trigger_70,optimized,362,434.3858337402344,361.37388825416565,380.22034230311067,0.0,415.53937969128935,1,660.0,synthetic
trigger_70,optimized,367,164.33395385742188,757.9893741607666,755.1625419894216,0.0,167.1607860287669,1,1100.0,synthetic
trigger_70,optimized,381,315.4707946777344,762.0489473342896,776.5551493971925,0.0,300.9645926148315,1,1100.0,synthetic
trigger_70,optimized,382,286.9560852050781,316.83329725265503,327.6988139972095,0.0,276.0905684605236,1,660.0,synthetic
trigger_70,optimized,383,69.93218994140625,689.5759439468384,686.5674697714488,0.0,72.9406641167958,1,1100.0,synthetic
trigger_70,optimized,384,418.6301574707031,407.10661935806274,423.3270694947646,0.0,402.4097073340012,1,660.0,synthetic
trigger_70,optimized,386,51.340301513671875,441.5885877609253,417.1823160250643,0.0,75.74657324953286,1,1100.0,synthetic
trigger_70,optimized,387,34.70240020751953,308.85002756118774,343.5524277687073,0.0,0.0,0,660.0,synthetic
trigger_70,optimized,388,71.13208770751953,439.0710537433624,441.9956967661391,0.0,68.20744468474285,1,660.0,synthetic
trigger_70,optimized,389,72.4708480834961,460.3200397491455,450.0287590694399,0.0,82.7621287632017,1,660.0,synthetic
trigger_70,optimized,390,41.14801025390625,393.80251026153564,382.0366752290976,0.0,52.91384528634427,1,660.0,synthetic
trigger_70,optimized,391,99.36604309082031,1022.9796648025513,993.5818120300366,0.0,128.76389586333494,1,1100.0,synthetic
trigger_70,optimized,392,52.76163101196289,251.9660301208496,304.7276611328125,0.0,0.0,0,660.0,synthetic
trigger_70,optimized,393,450.453369140625,442.26722240448,428.3910068419896,0.0,464.32958470311536,1,660.0,synthetic
trigger_70,optimized,394,156.76327514648438,498.0496129989624,455.15650837165106,0.0,199.65637977379572,1,1100.0,synthetic
trigger_70,optimized,395,41.02906036376953,274.3901324272156,315.4191927909851,0.0,0.0,0,660.0,synthetic
trigger_70,optimized,496,111.67051696777344,494.6992931365967,486.71275616666696,0.0,119.65705393770313,1,660.0,synthetic
trigger_70,optimized,497,39.3043098449707,209.8156031370163,207.93762484936912,0.0,41.1822881326179,1,660.0,synthetic
trigger_70,optimized,498,92.80413055419922,767.303957939148,750.3671175269819,0.0,109.7409709663652,1,1100.0,synthetic
trigger_70,optimized,571,62.153079986572266,274.0397484302521,336.19282841682434,0.0,0.0,0,660.0,synthetic
trigger_70,optimized,572,660.0,419.5948724746704,440.3347857120855,12.260086762584933,627.0,1,660.0,synthetic
trigger_70,optimized,574,305.6520690917969,346.15446615219116,353.8732286130012,0.0,297.93330663098686,1,660.0,synthetic
trigger_90,baseline,271,83.2823715209961,539.1504483222961,622.4328198432922,0.0,0.0,0,1100.0,synthetic
trigger_90,baseline,272,55.6998291015625,460.0019178390503,515.7017469406128,0.0,0.0,0,660.0,synthetic
trigger_90,baseline,273,150.4479217529297,774.9242858886719,925.3722076416016,0.0,0.0,0,1100.0,synthetic
trigger_90,baseline,275,121.88603210449219,478.15131187438965,481.6845116147298,0.0,118.35283236415202,1,660.0,synthetic
trigger_90,baseline,276,55.148860931396484,272.28371477127075,327.43257570266724,0.0,0.0,0,660.0,synthetic
trigger_90,baseline,277,224.82020568847656,120.45546042919159,93.85224234550996,23.423423772158202,228.0,1,240.0,synthetic
trigger_90,baseline,279,57.67197036743164,391.1500916481018,448.82206201553345,0.0,0.0,0,660.0,synthetic
trigger_90,baseline,280,405.8956298828125,388.73234128952026,403.39119690094816,0.0,391.2367742713846,1,660.0,synthetic
trigger_90,baseline,286,495.178466796875,427.8490934371948,446.40380280400734,0.0,476.6237574300625,1,660.0,synthetic
trigger_90,baseline,287,402.5976867675781,413.7656066417694,427.28660631965136,0.0,389.0766870896962,1,660.0,synthetic
trigger_90,baseline,288,606.498779296875,767.9066958427429,777.993461385445,0.0,596.4120137541729,1,1100.0,synthetic
trigger_90,baseline,289,201.93939208984375,224.0832992196083,426.02269130945206,0.0,0.0,0,660.0,synthetic
trigger_90,baseline,290,28.026309967041016,241.02780640125275,269.05411636829376,0.0,0.0,0,660.0,synthetic
trigger_90,baseline,291,61.720481872558594,379.227091550827,440.9475734233856,0.0,0.0,0,660.0,synthetic
trigger_90,baseline,292,337.47979736328125,402.87474513053894,408.9926830228852,0.0,331.361859470935,1,660.0,synthetic
trigger_90,baseline,293,328.85528564453125,235.7955687046051,248.16198205885223,0.0,316.4888722902841,1,660.0,synthetic
trigger_90,baseline,294,240.0,179.26902827620506,189.98146552027595,1.2875627559290876,228.0,1,240.0,synthetic
trigger_90,baseline,295,50.176109313964844,375.9925365447998,426.16864585876465,0.0,0.0,0,660.0,synthetic
trigger_90,baseline,296,54.9179801940918,405.26786828041077,460.18584847450256,0.0,0.0,0,660.0,synthetic
trigger_90,baseline,297,219.19366455078125,761.6779117584229,980.8715763092041,0.0,0.0,0,1100.0,synthetic
trigger_90,baseline,298,79.91767883300781,508.29969692230225,588.2173757553101,0.0,0.0,0,1100.0,synthetic
trigger_90,baseline,299,106.964111328125,150.17304956912994,147.13552271512697,0.0,110.00163818212798,1,240.0,synthetic
trigger_90,baseline,300,331.3371887207031,244.07901811599731,247.4831501866955,0.0,327.9330566500049,1,660.0,synthetic
trigger_90,baseline,301,24.37550926208496,212.7550082206726,237.13051748275757,0.0,0.0,0,660.0,synthetic
trigger_90,baseline,303,466.32574462890625,190.70054054260254,207.93466887550525,0.0,449.0916162960035,1,660.0,synthetic
trigger_90,baseline,304,361.5086669921875,238.13038301467896,215.50633543512518,0.0,384.1327145717413,1,660.0,synthetic
trigger_90,baseline,306,72.78732299804688,504.7591829299927,577.5465059280396,0.0,0.0,0,660.0,synthetic
trigger_90,baseline,307,470.6075439453125,391.0901708602905,402.07063619194594,0.0,459.62707861365703,1,660.0,synthetic
trigger_90,baseline,308,51.55916976928711,180.1192169189453,231.67838668823242,0.0,0.0,0,660.0,synthetic
trigger_90,baseline,309,521.2014770507812,663.7298374176025,660.0,5.40059661586497,519.5307178525188,1,660.0,synthetic
trigger_90,baseline,311,11.650199890136719,131.7266914844513,143.376891374588,0.0,0.0,0,240.0,synthetic
trigger_90,baseline,312,40.77111053466797,228.8415149450302,269.6126254796982,0.0,0.0,0,660.0,synthetic
trigger_90,baseline,313,92.54998016357422,578.4080362319946,545.0919226257547,0.0,125.8660937698141,1,660.0,synthetic
trigger_90,baseline,314,333.53472900390625,276.75512981414795,610.2898588180542,0.0,0.0,0,660.0,synthetic
trigger_90,baseline,315,660.0,489.6087803840637,516.3737964209699,6.234983963093782,627.0,1,660.0,synthetic
trigger_90,baseline,317,37.930091857910156,578.8365426063538,616.7666344642639,0.0,0.0,0,660.0,synthetic
trigger_90,baseline,318,649.0396728515625,442.0022373199463,434.2955545435889,0.0,656.7463556279199,1,1100.0,synthetic
trigger_90,baseline,320,165.09568786621094,131.71783964708447,130.93514142429254,0.0,165.87838608900287,1,240.0,synthetic
trigger_90,baseline,362,434.3858337402344,361.37388825416565,377.0231675738484,0.0,418.7365544205516,1,660.0,synthetic
trigger_90,baseline,367,164.33395385742188,757.9893741607666,922.3233280181885,0.0,0.0,0,1100.0,synthetic
trigger_90,baseline,381,315.4707946777344,762.0489473342896,775.9152806494269,0.0,301.60446136259696,1,1100.0,synthetic
trigger_90,baseline,382,286.9560852050781,316.83329725265503,603.7893824577332,0.0,0.0,0,660.0,synthetic
trigger_90,baseline,383,69.93218994140625,689.5759439468384,759.5081338882446,0.0,0.0,0,1100.0,synthetic
trigger_90,baseline,384,418.6301574707031,407.10661935806274,420.48439915057713,0.0,405.25237767818874,1,660.0,synthetic
trigger_90,baseline,386,51.340301513671875,441.5885877609253,492.92888927459717,0.0,0.0,0,1100.0,synthetic
trigger_90,baseline,387,34.70240020751953,308.85002756118774,343.5524277687073,0.0,0.0,0,660.0,synthetic
trigger_90,baseline,388,71.13208770751953,439.0710537433624,441.982260160082,0.0,68.22088129079997,1,660.0,synthetic
trigger_90,baseline,389,72.4708480834961,460.3200397491455,532.7908878326416,0.0,0.0,0,660.0,synthetic
trigger_90,baseline,390,41.14801025390625,393.80251026153564,434.9505205154419,0.0,0.0,0,660.0,synthetic
trigger_90,baseline,391,99.36604309082031,1022.9796648025513,1100.0,22.345707893371582,0.0,0,1100.0,synthetic
trigger_90,baseline,392,52.76163101196289,251.9660301208496,304.7276611328125,0.0,0.0,0,660.0,synthetic
trigger_90,baseline,393,450.453369140625,442.26722240448,448.92752833700865,0.0,443.79306320809627,1,660.0,synthetic
trigger_90,baseline,394,156.76327514648438,498.0496129989624,654.8128881454468,0.0,0.0,0,1100.0,synthetic
trigger_90,baseline,395,41.02906036376953,274.3901324272156,315.4191927909851,0.0,0.0,0,660.0,synthetic
trigger_90,baseline,496,111.67051696777344,494.6992931365967,480.95576042096866,0.0,125.4140496834015,1,660.0,synthetic
trigger_90,baseline,497,39.3043098449707,209.8156031370163,249.119912981987,0.0,0.0,0,660.0,synthetic
trigger_90,baseline,498,92.80413055419922,767.303957939148,860.1080884933472,0.0,0.0,0,1100.0,synthetic
trigger_90,baseline,571,62.153079986572266,274.0397484302521,336.19282841682434,0.0,0.0,0,660.0,synthetic
trigger_90,baseline,572,660.0,419.5948724746704,407.52481042805255,45.07006204661786,627.0,1,660.0,synthetic
trigger_90,baseline,574,305.6520690917969,346.15446615219116,338.65326462569027,0.0,313.15327061829777,1,660.0,synthetic
trigger_90,optimized,271,83.2823715209961,539.1504483222961,622.4328198432922,0.0,0.0,0,1100.0,synthetic
trigger_90,optimized,272,55.6998291015625,460.0019178390503,515.7017469406128,0.0,0.0,0,660.0,synthetic
trigger_90,optimized,273,150.4479217529297,774.9242858886719,925.3722076416016,0.0,0.0,0,1100.0,synthetic
trigger_90,optimized,275,121.88603210449219,478.15131187438965,468.4961627830048,0.0,131.54118119587702,1,660.0,synthetic
trigger_90,optimized,276,55.148860931396484,272.28371477127075,327.43257570266724,0.0,0.0,0,660.0,synthetic
trigger_90,optimized,277,224.82020568847656,120.45546042919159,106.48182754817901,10.79383856948914,228.0,1,240.0,synthetic
trigger_90,optimized,279,57.67197036743164,391.1500916481018,448.82206201553345,0.0,0.0,0,660.0,synthetic
trigger_90,optimized,280,405.8956298828125,388.73234128952026,385.7064855221196,0.0,408.9214856502132,1,660.0,synthetic
trigger_90,optimized,286,495.178466796875,427.8490934371948,380.7881303413027,0.0,542.2394298927671,1,660.0,synthetic
trigger_90,optimized,287,402.5976867675781,413.7656066417694,419.74729261180767,0.0,396.61600079753987,1,660.0,synthetic
trigger_90,optimized,288,606.498779296875,767.9066958427429,744.6575354508699,0.0,629.747939688748,1,1100.0,synthetic
trigger_90,optimized,289,201.93939208984375,224.0832992196083,426.02269130945206,0.0,0.0,0,660.0,synthetic
trigger_90,optimized,290,28.026309967041016,241.02780640125275,269.05411636829376,0.0,0.0,0,660.0,synthetic
trigger_90,optimized,291,61.720481872558594,379.227091550827,440.9475734233856,0.0,0.0,0,660.0,synthetic
trigger_90,optimized,292,337.47979736328125,402.87474513053894,416.13195589286306,0.0,324.22258660095713,1,660.0,synthetic
trigger_90,optimized,293,328.85528564453125,235.7955687046051,207.78730247775508,0.0,356.8635518713813,1,660.0,synthetic
trigger_90,optimized,294,240.0,179.26902827620506,163.99628134438427,27.27274693182079,228.0,1,240.0,synthetic
trigger_90,optimized,295,50.176109313964844,375.9925365447998,426.16864585876465,0.0,0.0,0,660.0,synthetic
trigger_90,optimized,296,54.9179801940918,405.26786828041077,460.18584847450256,0.0,0.0,0,660.0,synthetic
trigger_90,optimized,297,219.19366455078125,761.6779117584229,980.8715763092041,0.0,0.0,0,1100.0,synthetic
trigger_90,optimized,298,79.91767883300781,508.29969692230225,588.2173757553101,0.0,0.0,0,1100.0,synthetic
trigger_90,optimized,299,106.964111328125,150.17304956912994,153.46458250196935,0.0,103.67257839528558,1,240.0,synthetic
trigger_90,optimized,300,331.3371887207031,244.07901811599731,245.39485466058335,0.0,330.0213521761171,1,660.0,synthetic
trigger_90,optimized,301,24.37550926208496,212.7550082206726,237.13051748275757,0.0,0.0,0,660.0,synthetic
trigger_90,optimized,303,466.32574462890625,190.70054054260254,204.9998157837593,0.0,452.0264693877495,1,660.0,synthetic
trigger_90,optimized,304,361.5086669921875,238.13038301467896,238.15123985238662,0.0,361.4878101544798,1,660.0,synthetic
trigger_90,optimized,306,72.78732299804688,504.7591829299927,577.5465059280396,0.0,0.0,0,660.0,synthetic
trigger_90,optimized,307,470.6075439453125,391.0901708602905,413.033425274257,0.0,448.664289531346,1,660.0,synthetic
trigger_90,optimized,308,51.55916976928711,180.1192169189453,231.67838668823242,0.0,0.0,0,660.0,synthetic
trigger_90,optimized,309,521.2014770507812,663.7298374176025,660.0,5.460807077985464,519.4705073903983,1,660.0,synthetic
trigger_90,optimized,311,11.650199890136719,131.7266914844513,143.376891374588,0.0,0.0,0,240.0,synthetic
trigger_90,optimized,312,40.77111053466797,228.8415149450302,269.6126254796982,0.0,0.0,0,660.0,synthetic
trigger_90,optimized,313,92.54998016357422,578.4080362319946,550.448148188432,0.0,120.50986820713683,1,660.0,synthetic
trigger_90,optimized,314,333.53472900390625,276.75512981414795,610.2898588180542,0.0,0.0,0,660.0,synthetic
trigger_90,optimized,315,660.0,489.6087803840637,517.3156850187145,5.293095365349245,627.0,1,660.0,synthetic
trigger_90,optimized,317,37.930091857910156,578.8365426063538,616.7666344642639,0.0,0.0,0,660.0,synthetic
trigger_90,optimized,318,649.0396728515625,442.0022373199463,464.51097067569185,0.0,626.5309394958169,1,1100.0,synthetic
trigger_90,optimized,320,165.09568786621094,131.71783964708447,137.44314001750064,0.0,159.37038749579477,1,240.0,synthetic
trigger_90,optimized,362,434.3858337402344,361.37388825416565,381.5510755612143,0.0,414.2086464331857,1,660.0,synthetic
trigger_90,optimized,367,164.33395385742188,757.9893741607666,922.3233280181885,0.0,0.0,0,1100.0,synthetic
trigger_90,optimized,381,315.4707946777344,762.0489473342896,775.9219374999857,0.0,301.59780451203824,1,1100.0,synthetic
trigger_90,optimized,382,286.9560852050781,316.83329725265503,603.7893824577332,0.0,0.0,0,660.0,synthetic
trigger_90,optimized,383,69.93218994140625,689.5759439468384,759.5081338882446,0.0,0.0,0,1100.0,synthetic
trigger_90,optimized,384,418.6301574707031,407.10661935806274,420.51397276506447,0.0,405.2228040637014,1,660.0,synthetic
trigger_90,optimized,386,51.340301513671875,441.5885877609253,492.92888927459717,0.0,0.0,0,1100.0,synthetic
trigger_90,optimized,387,34.70240020751953,308.85002756118774,343.5524277687073,0.0,0.0,0,660.0,synthetic
trigger_90,optimized,388,71.13208770751953,439.0710537433624,442.30540451176626,0.0,67.89773693911572,1,660.0,synthetic
trigger_90,optimized,389,72.4708480834961,460.3200397491455,532.7908878326416,0.0,0.0,0,660.0,synthetic
trigger_90,optimized,390,41.14801025390625,393.80251026153564,434.9505205154419,0.0,0.0,0,660.0,synthetic
trigger_90,optimized,391,99.36604309082031,1022.9796648025513,1100.0,22.345707893371582,0.0,0,1100.0,synthetic
trigger_90,optimized,392,52.76163101196289,251.9660301208496,304.7276611328125,0.0,0.0,0,660.0,synthetic
trigger_90,optimized,393,450.453369140625,442.26722240448,402.7991678648573,0.0,489.92142368024776,1,660.0,synthetic
trigger_90,optimized,394,156.76327514648438,498.0496129989624,654.8128881454468,0.0,0.0,0,1100.0,synthetic
trigger_90,optimized,395,41.02906036376953,274.3901324272156,315.4191927909851,0.0,0.0,0,660.0,synthetic
trigger_90,optimized,496,111.67051696777344,494.6992931365967,481.01565311064917,0.0,125.35415699372093,1,660.0,synthetic
trigger_90,optimized,497,39.3043098449707,209.8156031370163,249.119912981987,0.0,0.0,0,660.0,synthetic
trigger_90,optimized,498,92.80413055419922,767.303957939148,860.1080884933472,0.0,0.0,0,1100.0,synthetic
trigger_90,optimized,571,62.153079986572266,274.0397484302521,336.19282841682434,0.0,0.0,0,660.0,synthetic
trigger_90,optimized,572,660.0,419.5948724746704,437.79454510003967,14.800327374630797,627.0,1,660.0,synthetic
trigger_90,optimized,574,305.6520690917969,346.15446615219116,352.7148550375336,0.0,299.09168020645444,1,660.0,synthetic
demand_plus20,baseline,271,83.2823715209961,646.9805379867554,730.2629095077515,0.0,0.0,0,1100.0,synthetic
demand_plus20,baseline,272,55.6998291015625,552.0023014068603,607.7021305084229,0.0,0.0,0,660.0,synthetic
demand_plus20,baseline,273,150.4479217529297,929.9091430664062,930.8765771681902,0.0,149.4804876511456,1,1100.0,synthetic
demand_plus20,baseline,275,121.88603210449219,573.7815742492676,574.6089153321318,0.0,121.05869102162792,1,660.0,synthetic
demand_plus20,baseline,276,55.148860931396484,326.7404577255249,323.54199587549704,0.0,58.34732278142441,1,660.0,synthetic
demand_plus20,baseline,277,224.82020568847656,144.5465525150299,136.23571150598974,5.1310466975167515,228.0,1,240.0,synthetic
demand_plus20,baseline,279,57.67197036743164,469.38010997772216,434.6606673452752,0.0,92.39141299987858,1,660.0,synthetic
demand_plus20,baseline,280,405.8956298828125,466.4788095474243,472.978119919887,0.0,399.3963195103497,1,660.0,synthetic
demand_plus20,baseline,286,495.178466796875,513.4189121246337,521.310031476535,0.0,487.2873474449739,1,660.0,synthetic
demand_plus20,baseline,287,402.5976867675781,496.5187279701233,501.18540573946717,0.0,397.93100899823423,1,660.0,synthetic
demand_plus20,baseline,288,606.498779296875,921.4880350112915,900.7414048959511,0.0,627.2454094122154,1,1100.0,synthetic
demand_plus20,baseline,289,201.93939208984375,268.89995906352993,274.25203533994977,0.0,196.58731581342394,1,660.0,synthetic
demand_plus20,baseline,290,28.026309967041016,289.2333676815033,317.2596776485443,0.0,0.0,0,660.0,synthetic
demand_plus20,baseline,291,61.720481872558594,455.0725098609924,516.792991733551,0.0,0.0,0,660.0,synthetic
demand_plus20,baseline,292,337.47979736328125,483.44969415664673,487.4164216538294,0.0,333.5130698660986,1,660.0,synthetic
demand_plus20,baseline,293,328.85528564453125,282.9546824455261,294.50582561417735,0.0,317.30414247588,1,660.0,synthetic
demand_plus20,baseline,294,240.0,215.12283393144608,225.57775862433112,1.545075307114928,228.0,1,240.0,synthetic
demand_plus20,baseline,295,50.176109313964844,451.19104385375977,501.3671531677246,0.0,0.0,0,660.0,synthetic
demand_plus20,baseline,296,54.9179801940918,486.3214419364929,434.9352714809855,0.0,106.30415064959932,1,660.0,synthetic
demand_plus20,baseline,297,219.19366455078125,914.0134941101074,922.1013424713517,0.0,211.10581618953697,1,1100.0,synthetic
demand_plus20,baseline,298,79.91767883300781,609.9596363067627,489.9862217483885,0.0,199.89109339138193,1,1100.0,synthetic
demand_plus20,baseline,299,106.964111328125,180.20765948295593,180.2261262271291,0.0,106.9456445839518,1,240.0,synthetic
demand_plus20,baseline,300,331.3371887207031,292.89482173919674,279.79661495138123,0.0,344.43539550851864,1,660.0,synthetic
demand_plus20,baseline,301,24.37550926208496,255.30600986480712,279.68151912689206,0.0,0.0,0,660.0,synthetic
demand_plus20,baseline,303,466.32574462890625,228.84064865112305,238.16271420052527,0.0,457.00367907950397,1,660.0,synthetic
demand_plus20,baseline,304,361.5086669921875,285.7564596176147,272.74010387584997,0.0,374.52502273395226,1,660.0,synthetic
demand_plus20,baseline,306,72.78732299804688,605.7110195159912,597.945321777497,0.0,80.55302073654099,1,660.0,synthetic
demand_plus20,baseline,307,470.6075439453125,469.3082050323486,490.03995189374115,0.0,449.87579708391985,1,660.0,synthetic
demand_plus20,baseline,308,51.55916976928711,216.14306030273437,267.7022300720215,0.0,0.0,0,660.0,synthetic
demand_plus20,baseline,309,521.2014770507812,796.4758049011231,660.0,101.94744341086334,555.7298385410409,1,660.0,synthetic
demand_plus20,baseline,311,11.650199890136719,158.07202978134154,169.7222296714783,0.0,0.0,0,240.0,synthetic
demand_plus20,baseline,312,40.77111053466797,274.60981793403624,315.3809284687042,0.0,0.0,0,660.0,synthetic
demand_plus20,baseline,313,92.54998016357422,694.0896434783936,660.0,23.06924274955918,103.57038089240862,1,660.0,synthetic
demand_plus20,baseline,314,333.53472900390625,332.1061557769775,337.1743727456065,0.0,328.4665120352773,1,660.0,synthetic
demand_plus20,baseline,315,660.0,587.5305364608764,618.7678019108042,1.7627345500721958,627.0,1,660.0,synthetic
demand_plus20,baseline,317,37.930091857910156,694.6038511276245,660.0,26.21991074805453,46.31403223748015,1,660.0,synthetic
demand_plus20,baseline,318,649.0396728515625,530.4026847839356,536.1373342575902,0.0,643.305023377908,1,1100.0,synthetic
demand_plus20,baseline,320,165.09568786621094,158.06140757650135,160.33817096237917,0.0,162.81892448033315,1,240.0,synthetic
demand_plus20,baseline,362,434.3858337402344,433.6486659049988,444.36250202611944,0.0,423.67199761911365,1,660.0,synthetic
demand_plus20,baseline,367,164.33395385742188,909.5872489929199,892.8963779511798,0.0,181.02482489916196,1,1100.0,synthetic
demand_plus20,baseline,381,315.4707946777344,914.4587368011474,926.4118921137656,0.0,303.51763936511617,1,1100.0,synthetic
demand_plus20,baseline,382,286.9560852050781,380.19995670318605,371.878745037979,0.0,295.27729687028517,1,660.0,synthetic
demand_plus20,baseline,383,69.93218994140625,827.491132736206,785.2037212754983,0.0,112.21960140211412,1,1100.0,synthetic
demand_plus20,baseline,384,418.6301574707031,488.52794322967526,493.5901091251788,0.0,413.5679915751996,1,660.0,synthetic
demand_plus20,baseline,386,51.340301513671875,529.9063053131104,481.0413884318923,0.0,100.20521839488987,1,1100.0,synthetic
demand_plus20,baseline,387,34.70240020751953,370.6200330734253,405.3224332809448,0.0,0.0,0,660.0,synthetic
demand_plus20,baseline,388,71.13208770751953,526.8852644920349,529.6673913150232,0.0,68.34996088453124,1,660.0,synthetic
demand_plus20,baseline,389,72.4708480834961,552.3840476989745,539.0125891780568,0.0,85.84230660441389,1,660.0,synthetic
demand_plus20,baseline,390,41.14801025390625,472.56301231384276,466.01290286557406,0.0,47.698119702174935,1,660.0,synthetic
demand_plus20,baseline,391,99.36604309082031,1227.5755977630615,1100.0,108.46516262800765,118.47647822587416,1,1100.0,synthetic
demand_plus20,baseline,392,52.76163101196289,302.3592361450195,298.36325940576955,0.0,56.75760775121289,1,660.0,synthetic
demand_plus20,baseline,393,450.453369140625,530.720666885376,529.0243399566607,0.0,452.1496960693402,1,660.0,synthetic
demand_plus20,baseline,394,156.76327514648438,597.6595355987548,568.1798919431791,0.0,186.24291880206007,1,1100.0,synthetic
demand_plus20,baseline,395,41.02906036376953,329.2681589126587,370.29721927642817,0.0,0.0,0,660.0,synthetic
demand_plus20,baseline,496,111.67051696777344,593.639151763916,562.2489407799922,0.0,143.06072795169732,1,660.0,synthetic
demand_plus20,baseline,497,39.3043098449707,251.77872376441954,243.9982162427418,0.0,47.08481736664846,1,660.0,synthetic
demand_plus20,baseline,498,92.80413055419922,920.7647495269775,854.4116888007043,0.0,159.15719128047232,1,1100.0,synthetic
demand_plus20,baseline,571,62.153079986572266,328.84769811630247,391.00077810287473,0.0,0.0,0,660.0,synthetic
demand_plus20,baseline,572,660.0,503.51384696960446,505.0667674671862,31.44707950241832,627.0,1,660.0,synthetic
demand_plus20,baseline,574,305.6520690917969,415.38535938262936,413.96004770348935,0.0,307.07738077093694,1,660.0,synthetic
demand_plus20,optimized,271,83.2823715209961,646.9805379867554,730.2629095077515,0.0,0.0,0,1100.0,synthetic
demand_plus20,optimized,272,55.6998291015625,552.0023014068603,607.7021305084229,0.0,0.0,0,660.0,synthetic
demand_plus20,optimized,273,150.4479217529297,929.9091430664062,920.9961240682138,0.0,159.36094075112203,1,1100.0,synthetic
demand_plus20,optimized,275,121.88603210449219,573.7815742492676,565.0940545949281,0.0,130.57355175883157,1,660.0,synthetic
demand_plus20,optimized,276,55.148860931396484,326.7404577255249,318.8588923792107,0.0,63.03042627771069,1,660.0,synthetic
demand_plus20,optimized,277,224.82020568847656,144.5465525150299,136.48432424726914,4.8824339562373495,228.0,1,240.0,synthetic
demand_plus20,optimized,279,57.67197036743164,469.38010997772216,427.8181393608461,0.0,99.23394098430768,1,660.0,synthetic
demand_plus20,optimized,280,405.8956298828125,466.4788095474243,466.7652205763612,0.0,405.6092188538756,1,660.0,synthetic
demand_plus20,optimized,286,495.178466796875,513.4189121246337,464.6479004829718,0.0,543.949478438537,1,660.0,synthetic
demand_plus20,optimized,287,402.5976867675781,496.5187279701233,506.66961057533166,0.0,392.44680416236974,1,660.0,synthetic
demand_plus20,optimized,288,606.498779296875,921.4880350112915,912.4119455005882,0.0,615.5748688075784,1,1100.0,synthetic
demand_plus20,optimized,289,201.93939208984375,268.89995906352993,247.72218797193472,0.0,223.117163181439,1,660.0,synthetic
demand_plus20,optimized,290,28.026309967041016,289.2333676815033,317.2596776485443,0.0,0.0,0,660.0,synthetic
demand_plus20,optimized,291,61.720481872558594,455.0725098609924,516.792991733551,0.0,0.0,0,660.0,synthetic
demand_plus20,optimized,292,337.47979736328125,483.44969415664673,495.98354909780284,0.0,324.94594242212514,1,660.0,synthetic
demand_plus20,optimized,293,328.85528564453125,282.9546824455261,297.0702263170571,0.0,314.7397417730002,1,660.0,synthetic
demand_plus20,optimized,294,240.0,215.12283393144608,201.68001686548646,25.44281706595956,228.0,1,240.0,synthetic
demand_plus20,optimized,295,50.176109313964844,451.19104385375977,501.3671531677246,0.0,0.0,0,660.0,synthetic
demand_plus20,optimized,296,54.9179801940918,486.3214419364929,471.1195411569593,0.0,70.11988097362547,1,660.0,synthetic
demand_plus20,optimized,297,219.19366455078125,914.0134941101074,922.1013424713517,0.0,211.10581618953697,1,1100.0,synthetic
demand_plus20,optimized,298,79.91767883300781,609.9596363067627,594.3729663354965,0.0,95.50434880427417,1,1100.0,synthetic
demand_plus20,optimized,299,106.964111328125,180.20765948295593,178.6900633847522,0.0,108.48170742632871,1,240.0,synthetic
demand_plus20,optimized,300,331.3371887207031,292.89482173919674,303.3153534142134,0.0,320.91665704568646,1,660.0,synthetic
demand_plus20,optimized,301,24.37550926208496,255.30600986480712,279.68151912689206,0.0,0.0,0,660.0,synthetic
demand_plus20,optimized,303,466.32574462890625,228.84064865112305,247.00852885569327,0.0,448.157864424336,1,660.0,synthetic
demand_plus20,optimized,304,361.5086669921875,285.7564596176147,289.29607129441746,0.0,357.96905531538476,1,660.0,synthetic
demand_plus20,optimized,306,72.78732299804688,605.7110195159912,471.83199056096197,0.0,206.6663519530761,1,660.0,synthetic
demand_plus20,optimized,307,470.6075439453125,469.3082050323486,470.67600006854667,0.0,469.23974890911444,1,660.0,synthetic
demand_plus20,optimized,308,51.55916976928711,216.14306030273437,267.7022300720215,0.0,0.0,0,660.0,synthetic
demand_plus20,optimized,309,521.2014770507812,796.4758049011231,660.0,142.29242819674278,515.3848537551614,1,660.0,synthetic
demand_plus20,optimized,311,11.650199890136719,158.07202978134154,169.7222296714783,0.0,0.0,0,240.0,synthetic
demand_plus20,optimized,312,40.77111053466797,274.60981793403624,315.3809284687042,0.0,0.0,0,660.0,synthetic
demand_plus20,optimized,313,92.54998016357422,694.0896434783936,642.3354243747224,0.0,144.30419926724534,1,660.0,synthetic
demand_plus20,optimized,314,333.53472900390625,332.1061557769775,301.7775145191805,0.0,363.86337026170327,1,660.0,synthetic
demand_plus20,optimized,315,660.0,587.5305364608764,611.1406991377526,9.389837323123743,627.0,1,660.0,synthetic
demand_plus20,optimized,317,37.930091857910156,694.6038511276245,660.0,23.896138280852938,48.6378047046817,1,660.0,synthetic
demand_plus20,optimized,318,649.0396728515625,530.4026847839356,522.1081809608108,0.0,657.3341766746873,1,1100.0,synthetic
demand_plus20,optimized,320,165.09568786621094,158.06140757650135,158.75867967078946,0.0,164.39841577192286,1,240.0,synthetic
demand_plus20,optimized,362,434.3858337402344,433.6486659049988,453.0819351923344,0.0,414.95256445289874,1,660.0,synthetic
demand_plus20,optimized,367,164.33395385742188,909.5872489929199,898.9302775392139,0.0,174.9909253111279,1,1100.0,synthetic
demand_plus20,optimized,381,315.4707946777344,914.4587368011474,927.9563107603341,0.0,301.9732207185477,1,1100.0,synthetic
demand_plus20,optimized,382,286.9560852050781,380.19995670318605,381.0089018421706,0.0,286.1471400660935,1,660.0,synthetic
demand_plus20,optimized,383,69.93218994140625,827.491132736206,775.3337322516359,0.0,122.08959042597662,1,1100.0,synthetic
demand_plus20,optimized,384,418.6301574707031,488.52794322967526,498.2452482599326,0.0,408.9128524404457,1,660.0,synthetic
demand_plus20,optimized,386,51.340301513671875,529.9063053131104,487.76056941358127,0.0,93.4860374132009,1,1100.0,synthetic
demand_plus20,optimized,387,34.70240020751953,370.6200330734253,405.3224332809448,0.0,0.0,0,660.0,synthetic
demand_plus20,optimized,388,71.13208770751953,526.8852644920349,530.0551645370442,0.0,67.96218766251013,1,660.0,synthetic
demand_plus20,optimized,389,72.4708480834961,552.3840476989745,546.1604339771206,0.0,78.69446180535002,1,660.0,synthetic
demand_plus20,optimized,390,41.14801025390625,472.56301231384276,452.256828616123,0.0,61.454193951625946,1,660.0,synthetic
demand_plus20,optimized,391,99.36604309082031,1227.5755977630615,1100.0,78.88469493553634,148.05694591834552,1,1100.0,synthetic
demand_plus20,optimized,392,52.76163101196289,302.3592361450195,298.26419308000214,0.0,56.85667407698025,1,660.0,synthetic
demand_plus20,optimized,393,450.453369140625,530.720666885376,495.48096887345,0.0,485.6930671525509,1,660.0,synthetic
demand_plus20,optimized,394,156.76327514648438,597.6595355987548,596.4376634129575,0.0,157.98514733228168,1,1100.0,synthetic
demand_plus20,optimized,395,41.02906036376953,329.2681589126587,370.29721927642817,0.0,0.0,0,660.0,synthetic
demand_plus20,optimized,496,111.67051696777344,593.639151763916,589.4492738446771,0.0,115.86039488701226,1,660.0,synthetic
demand_plus20,optimized,497,39.3043098449707,251.77872376441954,250.74765152257248,0.0,40.33538208681777,1,660.0,synthetic
demand_plus20,optimized,498,92.80413055419922,920.7647495269775,907.0423629458985,0.0,106.5265171352782,1,1100.0,synthetic
demand_plus20,optimized,571,62.153079986572266,328.84769811630247,391.00077810287473,0.0,0.0,0,660.0,synthetic
demand_plus20,optimized,572,660.0,503.51384696960446,497.7203027087225,38.79354426088196,627.0,1,660.0,synthetic
demand_plus20,optimized,574,305.6520690917969,415.38535938262936,410.60999078015925,0.0,310.427437694267,1,660.0,synthetic
