trigger_pct,interval_level,max_gap_hours,required_bins,pilot_required_bins,access_exceptions,full_capacity_l_required_pilot,data_origin
70,80,36,695,42,6,30880,synthetic
70,80,48,695,42,6,30880,synthetic
70,80,72,695,42,6,30880,synthetic
70,90,36,788,46,7,33520,synthetic
70,90,48,788,46,7,33520,synthetic
70,90,72,788,46,7,33520,synthetic
70,95,36,887,53,8,38580,synthetic
70,95,48,887,53,8,38580,synthetic
70,95,72,887,53,8,38580,synthetic
80,80,36,522,35,3,24500,synthetic
80,80,48,522,35,3,24500,synthetic
80,80,72,522,35,3,24500,synthetic
80,90,36,586,36,5,25160,synthetic
80,90,48,586,36,5,25160,synthetic
80,90,72,586,36,5,25160,synthetic
80,95,36,664,41,6,30220,synthetic
80,95,48,664,41,6,30220,synthetic
80,95,72,664,41,6,30220,synthetic
90,80,36,394,27,1,17460,synthetic
90,80,48,394,27,1,17460,synthetic
90,80,72,392,27,1,17460,synthetic
90,90,36,441,27,2,17460,synthetic
90,90,48,441,27,2,17460,synthetic
90,90,72,441,27,2,17460,synthetic
90,95,36,501,33,3,22300,synthetic
90,95,48,501,33,3,22300,synthetic
90,95,72,501,33,3,22300,synthetic
