scenario,method,vehicle,bins,distance_m,travel_seconds,load_l,duration_seconds,load_kg_assumed,matrix_indices,data_origin
base_3_trucks,baseline,1,18,27203.80370888847,4417.705158850852,11940,9637.705158850851,1432.8,"[0, 1, 3, 2, 15, 22, 21, 18, 49, 55, 53, 59, 46, 52, 57, 42, 39, 56, 41, 0]",synthetic
base_3_trucks,baseline,2,16,20899.992390714968,3483.3216403476044,11460,8223.321640347604,1375.2,"[0, 9, 25, 38, 33, 24, 23, 10, 45, 54, 51, 31, 27, 11, 4, 6, 13, 0]",synthetic
base_3_trucks,baseline,3,2,9240.085569301682,1263.7918117334866,1760,2643.7918117334866,211.2,"[0, 36, 29, 0]",synthetic
base_3_trucks,optimized,1,12,15979.072480574236,2578.449212702727,8820,6358.449212702727,1058.3999999999999,"[0, 2, 15, 22, 46, 52, 49, 55, 53, 59, 21, 18, 1, 0]",synthetic
base_3_trucks,optimized,2,16,21222.87842455445,3349.2079955636177,10600,8089.207995563618,1272.0,"[0, 3, 36, 29, 31, 27, 41, 51, 54, 45, 24, 10, 23, 6, 4, 13, 11, 0]",synthetic
base_3_trucks,optimized,3,8,8296.380413321913,1612.9235401673554,5740,4432.923540167356,688.8,"[0, 9, 33, 38, 56, 57, 42, 39, 25, 0]",synthetic
trigger_70,baseline,1,16,23384.569942898688,4053.9937954557154,11920,8793.993795455715,1430.3999999999999,"[0, 1, 3, 2, 15, 22, 28, 21, 17, 18, 34, 37, 46, 52, 53, 49, 56, 0]",synthetic
trigger_70,baseline,2,17,20367.158532608828,3269.8632176394094,11700,8249.86321763941,1404.0,"[0, 9, 20, 25, 39, 40, 42, 57, 60, 38, 33, 24, 16, 23, 10, 45, 41, 51, 0]",synthetic
trigger_70,baseline,3,13,22218.40039324726,4031.9886632082544,9900,8051.988663208254,1188.0,"[0, 12, 11, 4, 6, 13, 27, 31, 54, 36, 58, 55, 59, 29, 0]",synthetic
trigger_70,optimized,1,13,15952.535054617212,2384.75926603417,10360,6404.759266034171,1243.2,"[0, 9, 20, 15, 22, 52, 46, 37, 28, 21, 17, 18, 3, 1, 0]",synthetic
trigger_70,optimized,2,18,18697.27329319353,3156.600659733043,11500,8376.600659733043,1380.0,"[0, 10, 41, 51, 54, 45, 24, 16, 23, 33, 38, 56, 60, 57, 42, 39, 40, 25, 2, 0]",synthetic
trigger_70,optimized,3,15,15602.495962444167,2874.0819074292053,11660,7374.081907429205,1399.2,"[0, 34, 59, 53, 55, 49, 58, 36, 29, 31, 27, 4, 6, 13, 11, 12, 0]",synthetic
trigger_90,baseline,1,19,25436.00657650926,4448.635640170519,11740,9908.63564017052,1408.8,"[0, 1, 3, 2, 15, 21, 53, 55, 49, 29, 27, 11, 4, 13, 41, 51, 54, 45, 24, 56, 0]",synthetic
trigger_90,baseline,2,8,23608.187348643958,3423.949371995969,5720,6243.949371995969,686.4,"[0, 25, 39, 57, 38, 33, 23, 10, 52, 0]",synthetic
trigger_90,baseline,3,0,0.0,0.0,0,0.0,0.0,"[0, 0]",synthetic
trigger_90,optimized,1,9,18965.67675398665,2829.040826128676,6380,5889.040826128676,765.6,"[0, 2, 15, 52, 53, 55, 49, 29, 4, 13, 0]",synthetic
trigger_90,optimized,2,18,18469.79989729879,3435.534745530098,11080,8655.534745530098,1329.6,"[0, 11, 27, 41, 51, 54, 45, 24, 10, 23, 33, 38, 56, 57, 39, 25, 21, 3, 1, 0]",synthetic
trigger_90,optimized,3,0,0.0,0.0,0,0.0,0.0,"[0, 0]",synthetic
demand_plus20,baseline,1,16,10953.849892230364,2144.5488901542885,11900,6884.5488901542885,1428.0,"[0, 1, 3, 2, 15, 22, 28, 21, 17, 18, 34, 35, 53, 55, 49, 58, 59, 0]",synthetic
demand_plus20,baseline,2,16,15566.622131571772,2693.5010550845745,11900,7433.501055084575,1428.0,"[0, 9, 20, 25, 39, 40, 42, 57, 60, 56, 38, 33, 24, 16, 23, 7, 10, 0]",synthetic
demand_plus20,baseline,3,16,31681.380845664316,5065.984324695932,11480,9805.984324695932,1377.6,"[0, 12, 11, 4, 6, 13, 27, 31, 41, 51, 54, 45, 37, 46, 52, 36, 29, 0]",synthetic
demand_plus20,optimized,1,15,15941.584042531846,2633.204120105517,11680,7133.204120105517,1401.6,"[0, 2, 15, 22, 52, 55, 53, 59, 35, 34, 46, 37, 28, 21, 17, 1, 0]",synthetic
demand_plus20,optimized,2,16,13932.992166467046,2559.632867385651,11900,7299.6328673856515,1428.0,"[0, 9, 7, 10, 16, 23, 24, 33, 38, 56, 60, 57, 42, 39, 40, 25, 20, 0]",synthetic
demand_plus20,optimized,3,17,21291.759971157175,3516.851361461379,11700,8496.851361461378,1404.0,"[0, 3, 18, 49, 58, 36, 29, 31, 27, 41, 51, 54, 45, 6, 4, 13, 11, 12, 0]",synthetic
fuel_minus20,baseline,1,18,27203.80370888847,4417.705158850852,11940,9637.705158850851,1432.8,"[0, 1, 3, 2, 15, 22, 21, 18, 49, 55, 53, 59, 46, 52, 57, 42, 39, 56, 41, 0]",synthetic
fuel_minus20,baseline,2,16,20899.992390714968,3483.3216403476044,11460,8223.321640347604,1375.2,"[0, 9, 25, 38, 33, 24, 23, 10, 45, 54, 51, 31, 27, 11, 4, 6, 13, 0]",synthetic
fuel_minus20,baseline,3,2,9240.085569301682,1263.7918117334866,1760,2643.7918117334866,211.2,"[0, 36, 29, 0]",synthetic
fuel_minus20,optimized,1,12,15979.072480574236,2578.449212702727,8820,6358.449212702727,1058.3999999999999,"[0, 2, 15, 22, 46, 52, 49, 55, 53, 59, 21, 18, 1, 0]",synthetic
fuel_minus20,optimized,2,16,21222.87842455445,3349.2079955636177,10600,8089.207995563618,1272.0,"[0, 3, 36, 29, 31, 27, 41, 51, 54, 45, 24, 10, 23, 6, 4, 13, 11, 0]",synthetic
fuel_minus20,optimized,3,8,8296.380413321913,1612.9235401673554,5740,4432.923540167356,688.8,"[0, 9, 33, 38, 56, 57, 42, 39, 25, 0]",synthetic
fuel_plus20,baseline,1,18,27203.80370888847,4417.705158850852,11940,9637.705158850851,1432.8,"[0, 1, 3, 2, 15, 22, 21, 18, 49, 55, 53, 59, 46, 52, 57, 42, 39, 56, 41, 0]",synthetic
fuel_plus20,baseline,2,16,20899.992390714968,3483.3216403476044,11460,8223.321640347604,1375.2,"[0, 9, 25, 38, 33, 24, 23, 10, 45, 54, 51, 31, 27, 11, 4, 6, 13, 0]",synthetic
fuel_plus20,baseline,3,2,9240.085569301682,1263.7918117334866,1760,2643.7918117334866,211.2,"[0, 36, 29, 0]",synthetic
fuel_plus20,optimized,1,12,15979.072480574236,2578.449212702727,8820,6358.449212702727,1058.3999999999999,"[0, 2, 15, 22, 46, 52, 49, 55, 53, 59, 21, 18, 1, 0]",synthetic
fuel_plus20,optimized,2,16,21222.87842455445,3349.2079955636177,10600,8089.207995563618,1272.0,"[0, 3, 36, 29, 31, 27, 41, 51, 54, 45, 24, 10, 23, 6, 4, 13, 11, 0]",synthetic
fuel_plus20,optimized,3,8,8296.380413321913,1612.9235401673554,5740,4432.923540167356,688.8,"[0, 9, 33, 38, 56, 57, 42, 39, 25, 0]",synthetic
