scenario,method,vehicle,stop_sequence,matrix_index,bin_id,arrival_minutes_after_0800,planned_capacity_l,data_origin
base_3_trucks,baseline,1,0,0,0,0.0,0,synthetic
base_3_trucks,baseline,1,1,1,294,2.169393519306196,240,synthetic
base_3_trucks,baseline,1,2,3,293,7.059658031623929,660,synthetic
base_3_trucks,baseline,1,3,2,292,13.121085324129842,660,synthetic
base_3_trucks,baseline,1,4,15,388,18.696735985001773,660,synthetic
base_3_trucks,baseline,1,5,22,389,23.019571624541395,660,synthetic
base_3_trucks,baseline,1,6,21,393,29.664228057855283,660,synthetic
base_3_trucks,baseline,1,7,18,394,35.164035526313064,1100,synthetic
base_3_trucks,baseline,1,8,49,496,43.78349455836217,660,synthetic
base_3_trucks,baseline,1,9,55,381,49.172585396768866,1100,synthetic
base_3_trucks,baseline,1,10,53,384,53.800729331978914,660,synthetic
base_3_trucks,baseline,1,11,59,382,60.82886720511276,660,synthetic
base_3_trucks,baseline,1,12,46,367,69.73674197122176,1100,synthetic
base_3_trucks,baseline,1,13,52,362,75.9731952704036,660,synthetic
base_3_trucks,baseline,1,14,57,280,100.65422495071108,660,synthetic
base_3_trucks,baseline,1,15,42,276,106.25626975058907,660,synthetic
base_3_trucks,baseline,1,16,39,275,111.99716029682904,660,synthetic
base_3_trucks,baseline,1,17,56,277,120.25811026583031,240,synthetic
base_3_trucks,baseline,1,18,41,299,133.06884699902176,240,synthetic
base_3_trucks,baseline,1,19,0,0,145.62841931418086,0,synthetic
base_3_trucks,baseline,2,0,0,0,0.0,0,synthetic
base_3_trucks,baseline,2,1,9,297,3.1497642749896566,1100,synthetic
base_3_trucks,baseline,2,2,25,286,11.38032960553506,660,synthetic
base_3_trucks,baseline,2,3,38,288,20.85440637412728,1100,synthetic
base_3_trucks,baseline,2,4,33,287,25.781965236050254,660,synthetic
base_3_trucks,baseline,2,5,24,304,34.05102016602079,660,synthetic
base_3_trucks,baseline,2,6,23,303,39.921143664132885,660,synthetic
base_3_trucks,baseline,2,7,10,300,47.46636224111753,660,synthetic
base_3_trucks,baseline,2,8,45,574,56.22791970181507,660,synthetic
base_3_trucks,baseline,2,9,54,572,69.08308259219035,660,synthetic
base_3_trucks,baseline,2,10,51,320,76.17293540480172,240,synthetic
base_3_trucks,baseline,2,11,31,317,83.31112420088287,660,synthetic
base_3_trucks,baseline,2,12,27,318,88.67003295257928,1100,synthetic
base_3_trucks,baseline,2,13,11,307,96.8357469397663,660,synthetic
base_3_trucks,baseline,2,14,4,315,102.05132547363249,660,synthetic
base_3_trucks,baseline,2,15,6,314,107.13827378415806,660,synthetic
base_3_trucks,baseline,2,16,13,313,113.32987231236456,660,synthetic
base_3_trucks,baseline,2,17,0,0,122.05536067246005,0,synthetic
base_3_trucks,baseline,3,0,0,0,0.0,0,synthetic
base_3_trucks,baseline,3,1,36,498,5.04631885759485,1100,synthetic
base_3_trucks,baseline,3,2,29,309,13.871067128092532,660,synthetic
base_3_trucks,baseline,3,3,0,0,29.063196862224775,0,synthetic
base_3_trucks,optimized,1,0,0,0,0.0,0,synthetic
base_3_trucks,optimized,1,1,2,292,1.757055080138562,660,synthetic
base_3_trucks,optimized,1,2,15,388,7.3327057410104945,660,synthetic
base_3_trucks,optimized,1,3,22,389,11.655541380550117,660,synthetic
base_3_trucks,optimized,1,4,46,367,18.07085412992025,1100,synthetic
base_3_trucks,optimized,1,5,52,362,24.30730742910208,660,synthetic
base_3_trucks,optimized,1,6,49,496,46.27191385804703,660,synthetic
base_3_trucks,optimized,1,7,55,381,51.66100469645372,1100,synthetic
base_3_trucks,optimized,1,8,53,384,56.28914863166377,660,synthetic
base_3_trucks,optimized,1,9,59,382,63.31728650479762,660,synthetic
base_3_trucks,optimized,1,10,21,393,71.92243625654089,660,synthetic
base_3_trucks,optimized,1,11,18,394,77.42224372499867,1100,synthetic
base_3_trucks,optimized,1,12,1,294,84.67906878957766,240,synthetic
base_3_trucks,optimized,1,13,0,0,90.97415354504545,0,synthetic
base_3_trucks,optimized,2,0,0,0,0.0,0,synthetic
base_3_trucks,optimized,2,1,3,293,1.261703903247708,660,synthetic
base_3_trucks,optimized,2,2,36,498,9.04631885759485,1100,synthetic
base_3_trucks,optimized,2,3,29,309,17.871067128092534,660,synthetic
base_3_trucks,optimized,2,4,31,317,31.627795110009778,660,synthetic
base_3_trucks,optimized,2,5,27,318,36.986703861706175,1100,synthetic
base_3_trucks,optimized,2,6,41,299,43.3149782432275,240,synthetic
base_3_trucks,optimized,2,7,51,320,48.04875743751795,240,synthetic
base_3_trucks,optimized,2,8,54,572,55.49867612553263,660,synthetic
base_3_trucks,optimized,2,9,45,574,66.11885023150508,660,synthetic
base_3_trucks,optimized,2,10,24,304,73.15268085902053,660,synthetic
base_3_trucks,optimized,2,11,10,300,80.69089468153294,660,synthetic
base_3_trucks,optimized,2,12,23,303,86.70137385661819,660,synthetic
base_3_trucks,optimized,2,13,6,314,95.78795232379784,660,synthetic
base_3_trucks,optimized,2,14,4,315,100.87490063432341,660,synthetic
base_3_trucks,optimized,2,15,13,313,106.8606518926921,660,synthetic
base_3_trucks,optimized,2,16,11,307,111.68499290311732,660,synthetic
base_3_trucks,optimized,2,17,0,0,119.82013325939363,0,synthetic
base_3_trucks,optimized,3,0,0,0,0.0,0,synthetic
base_3_trucks,optimized,3,1,9,297,3.1497642749896566,1100,synthetic
base_3_trucks,optimized,3,2,33,287,11.557751989305125,660,synthetic
base_3_trucks,optimized,3,3,38,288,16.4853108512281,1100,synthetic
base_3_trucks,optimized,3,4,56,277,23.478011174337556,240,synthetic
base_3_trucks,optimized,3,5,57,280,29.836567473240468,660,synthetic
base_3_trucks,optimized,3,6,42,276,35.43861227311846,660,synthetic
base_3_trucks,optimized,3,7,39,275,41.179502819358426,660,synthetic
base_3_trucks,optimized,3,8,25,286,47.38179515977892,660,synthetic
base_3_trucks,optimized,3,9,0,0,58.88205900278926,0,synthetic
trigger_70,baseline,1,0,0,0,0.0,0,synthetic
trigger_70,baseline,1,1,1,294,2.169393519306196,240,synthetic
trigger_70,baseline,1,2,3,293,7.059658031623929,660,synthetic
trigger_70,baseline,1,3,2,292,13.121085324129842,660,synthetic
trigger_70,baseline,1,4,15,388,18.696735985001773,660,synthetic
trigger_70,baseline,1,5,22,389,23.019571624541395,660,synthetic
trigger_70,baseline,1,6,28,390,28.616733295132626,660,synthetic
trigger_70,baseline,1,7,21,393,33.636294441319556,660,synthetic
trigger_70,baseline,1,8,17,391,38.43127792950494,1100,synthetic
trigger_70,baseline,1,9,18,394,43.89963404881094,1100,synthetic
trigger_70,baseline,1,10,34,383,50.53130648706025,1100,synthetic
trigger_70,baseline,1,11,37,386,57.16965315672254,1100,synthetic
trigger_70,baseline,1,12,46,367,62.959411780158966,1100,synthetic
trigger_70,baseline,1,13,52,362,69.1958650793408,660,synthetic
trigger_70,baseline,1,14,53,384,89.72561381499884,660,synthetic
trigger_70,baseline,1,15,49,496,95.74284858861557,660,synthetic
trigger_70,baseline,1,16,56,277,114.92918179322825,240,synthetic
trigger_70,baseline,1,17,0,0,131.56656325759525,0,synthetic
trigger_70,baseline,2,0,0,0,0.0,0,synthetic
trigger_70,baseline,2,1,9,297,3.1497642749896566,1100,synthetic
trigger_70,baseline,2,2,20,289,10.900556533649757,660,synthetic
trigger_70,baseline,2,3,25,286,16.915571940709018,660,synthetic
trigger_70,baseline,2,4,39,275,24.053289021387485,660,synthetic
trigger_70,baseline,2,5,40,273,29.62168504318938,1100,synthetic
trigger_70,baseline,2,6,42,276,36.86175200959905,660,synthetic
trigger_70,baseline,2,7,57,280,42.463796809477046,660,synthetic
trigger_70,baseline,2,8,60,279,48.17902471020767,660,synthetic
trigger_70,baseline,2,9,38,288,56.00543508245102,1100,synthetic
trigger_70,baseline,2,10,33,287,60.932993944374,660,synthetic
trigger_70,baseline,2,11,24,304,69.20204887434454,660,synthetic
trigger_70,baseline,2,12,16,296,74.32419608333,660,synthetic
trigger_70,baseline,2,13,23,303,79.07217237245663,660,synthetic
trigger_70,baseline,2,14,10,300,86.61739094944127,660,synthetic
trigger_70,baseline,2,15,45,574,95.3789484101388,660,synthetic
trigger_70,baseline,2,16,41,299,105.93814797883103,240,synthetic
trigger_70,baseline,2,17,51,320,110.67192717312147,240,synthetic
trigger_70,baseline,2,18,0,0,122.49772029399014,0,synthetic
trigger_70,baseline,3,0,0,0,0.0,0,synthetic
trigger_70,baseline,3,1,12,306,6.0065764617128625,660,synthetic
trigger_70,baseline,3,2,11,307,10.887892167477496,660,synthetic
trigger_70,baseline,3,3,4,315,16.103470701343696,660,synthetic
trigger_70,baseline,3,4,6,314,21.19041901186927,660,synthetic
trigger_70,baseline,3,5,13,313,27.382017540075775,660,synthetic
trigger_70,baseline,3,6,27,318,35.88911158095627,1100,synthetic
trigger_70,baseline,3,7,31,317,41.248020332652665,660,synthetic
trigger_70,baseline,3,8,54,572,50.624002488658824,660,synthetic
trigger_70,baseline,3,9,36,498,64.93730210987016,1100,synthetic
trigger_70,baseline,3,10,58,497,73.64823025093092,660,synthetic
trigger_70,baseline,3,11,55,381,79.69471172212076,1100,synthetic
trigger_70,baseline,3,12,59,382,87.3302044198242,660,synthetic
trigger_70,baseline,3,13,29,309,104.00768131933864,660,synthetic
trigger_70,baseline,3,14,0,0,119.19981105347088,0,synthetic
trigger_70,optimized,1,0,0,0,0.0,0,synthetic
trigger_70,optimized,1,1,9,297,3.1497642749896566,1100,synthetic
trigger_70,optimized,1,2,20,289,10.900556533649757,660,synthetic
trigger_70,optimized,1,3,15,388,18.224210326379676,660,synthetic
trigger_70,optimized,1,4,22,389,22.5470459659193,660,synthetic
trigger_70,optimized,1,5,52,362,28.329934857584973,660,synthetic
trigger_70,optimized,1,6,46,367,47.59525531767616,1100,synthetic
trigger_70,optimized,1,7,37,386,53.38501394111259,1100,synthetic
trigger_70,optimized,1,8,28,390,58.85703378972325,660,synthetic
trigger_70,optimized,1,9,21,393,63.876594935910184,660,synthetic
trigger_70,optimized,1,10,17,391,68.67157842409557,1100,synthetic
trigger_70,optimized,1,11,18,394,74.13993454340158,1100,synthetic
trigger_70,optimized,1,12,3,293,80.51534067497461,660,synthetic
trigger_70,optimized,1,13,1,294,85.45090301176839,240,synthetic
trigger_70,optimized,1,14,0,0,91.74598776723619,0,synthetic
trigger_70,optimized,2,0,0,0,0.0,0,synthetic
trigger_70,optimized,2,1,10,300,5.640603833456146,660,synthetic
trigger_70,optimized,2,2,41,299,13.907819217669754,240,synthetic
trigger_70,optimized,2,3,51,320,18.641598411960203,240,synthetic
trigger_70,optimized,2,4,54,572,26.091517099974887,660,synthetic
trigger_70,optimized,2,5,45,574,36.71169120594733,660,synthetic
trigger_70,optimized,2,6,24,304,43.74552183346279,660,synthetic
trigger_70,optimized,2,7,16,296,48.86766904244824,660,synthetic
trigger_70,optimized,2,8,23,303,53.61564533157488,660,synthetic
trigger_70,optimized,2,9,33,287,62.061780094089215,660,synthetic
trigger_70,optimized,2,10,38,288,66.98933895601219,1100,synthetic
trigger_70,optimized,2,11,56,277,73.98203927912165,240,synthetic
trigger_70,optimized,2,12,60,279,79.08002691773794,660,synthetic
trigger_70,optimized,2,13,57,280,84.79525481846856,660,synthetic
trigger_70,optimized,2,14,42,276,90.39729961834655,660,synthetic
trigger_70,optimized,2,15,39,275,96.13819016458652,660,synthetic
trigger_70,optimized,2,16,40,273,101.70658618638842,1100,synthetic
trigger_70,optimized,2,17,25,286,108.58103822311071,660,synthetic
trigger_70,optimized,2,18,2,292,115.97830042183422,660,synthetic
trigger_70,optimized,2,19,0,0,124.61001099555071,0,synthetic
trigger_70,optimized,3,0,0,0,0.0,0,synthetic
trigger_70,optimized,3,1,34,383,5.297498228755694,1100,synthetic
trigger_70,optimized,3,2,59,382,12.692005072327746,660,synthetic
trigger_70,optimized,3,3,53,384,19.720142945461593,660,synthetic
trigger_70,optimized,3,4,55,381,24.34828688067164,1100,synthetic
trigger_70,optimized,3,5,49,496,29.73737771907833,660,synthetic
trigger_70,optimized,3,6,58,497,34.50601120736868,660,synthetic
trigger_70,optimized,3,7,36,498,42.383143168744844,1100,synthetic
trigger_70,optimized,3,8,29,309,51.20789143924253,660,synthetic
trigger_70,optimized,3,9,31,317,64.96461942115977,660,synthetic
trigger_70,optimized,3,10,27,318,70.32352817285617,1100,synthetic
trigger_70,optimized,3,11,4,315,79.08272171062693,660,synthetic
trigger_70,optimized,3,12,6,314,84.1696700211525,660,synthetic
trigger_70,optimized,3,13,13,313,90.36126854935901,660,synthetic
trigger_70,optimized,3,14,11,307,95.18560955978423,660,synthetic
trigger_70,optimized,3,15,12,306,99.995600039853,660,synthetic
trigger_70,optimized,3,16,0,0,107.90136512382009,0,synthetic
trigger_90,baseline,1,0,0,0,0.0,0,synthetic
trigger_90,baseline,1,1,1,294,2.169393519306196,240,synthetic
trigger_90,baseline,1,2,3,293,7.059658031623929,660,synthetic
trigger_90,baseline,1,3,2,292,13.121085324129842,660,synthetic
trigger_90,baseline,1,4,15,388,18.696735985001773,660,synthetic
trigger_90,baseline,1,5,21,393,25.580114467926244,660,synthetic
trigger_90,baseline,1,6,53,384,34.032968361241146,660,synthetic
trigger_90,baseline,1,7,55,381,38.66111229645119,1100,synthetic
trigger_90,baseline,1,8,49,496,44.05020313485789,660,synthetic
trigger_90,baseline,1,9,29,309,56.315775848587975,660,synthetic
trigger_90,baseline,1,10,27,318,67.94850424518332,1100,synthetic
trigger_90,baseline,1,11,11,307,76.11421823237033,660,synthetic
trigger_90,baseline,1,12,4,315,81.32979676623654,660,synthetic
trigger_90,baseline,1,13,13,313,87.31554802460523,660,synthetic
trigger_90,baseline,1,14,41,299,94.43758637415202,240,synthetic
trigger_90,baseline,1,15,51,320,99.17136556844247,240,synthetic
trigger_90,baseline,1,16,54,572,106.62128425645716,660,synthetic
trigger_90,baseline,1,17,45,574,117.2414583624296,660,synthetic
trigger_90,baseline,1,18,24,304,124.27528898994505,660,synthetic
trigger_90,baseline,1,19,56,277,133.50654587180833,240,synthetic
trigger_90,baseline,1,20,0,0,150.14392733617535,0,synthetic
trigger_90,baseline,2,0,0,0,0.0,0,synthetic
trigger_90,baseline,2,1,25,286,5.231647494688375,660,synthetic
trigger_90,baseline,2,2,39,275,12.369364575366843,660,synthetic
trigger_90,baseline,2,3,57,280,18.778476739614685,660,synthetic
trigger_90,baseline,2,4,38,288,26.561855394816412,1100,synthetic
trigger_90,baseline,2,5,33,287,31.489414256739387,660,synthetic
trigger_90,baseline,2,6,23,303,41.54972859846053,660,synthetic
trigger_90,baseline,2,7,10,300,49.09494717544518,660,synthetic
trigger_90,baseline,2,8,52,362,64.3098487085206,660,synthetic
trigger_90,baseline,2,9,0,0,89.06582286659949,0,synthetic
trigger_90,baseline,3,0,0,0,0.0,0,synthetic
trigger_90,baseline,3,1,0,0,0.0,0,synthetic
trigger_90,optimized,1,0,0,0,0.0,0,synthetic
trigger_90,optimized,1,1,2,292,1.757055080138562,660,synthetic
trigger_90,optimized,1,2,15,388,7.3327057410104945,660,synthetic
trigger_90,optimized,1,3,52,362,13.354316682286754,660,synthetic
trigger_90,optimized,1,4,53,384,33.88406541794478,660,synthetic
trigger_90,optimized,1,5,55,381,38.51220935315483,1100,synthetic
trigger_90,optimized,1,6,49,496,43.901300191561525,660,synthetic
trigger_90,optimized,1,7,29,309,56.16687290529161,660,synthetic
trigger_90,optimized,1,8,4,315,68.43944081701376,660,synthetic
trigger_90,optimized,1,9,13,313,74.42519207538245,660,synthetic
trigger_90,optimized,1,10,0,0,83.15068043547795,0,synthetic
trigger_90,optimized,2,0,0,0,0.0,0,synthetic
trigger_90,optimized,2,1,11,307,6.131632985504811,660,synthetic
trigger_90,optimized,2,2,27,318,13.814386015960086,1100,synthetic
trigger_90,optimized,2,3,41,299,20.142660397481414,240,synthetic
trigger_90,optimized,2,4,51,320,24.876439591771863,240,synthetic
trigger_90,optimized,2,5,54,572,32.32635827978655,660,synthetic
trigger_90,optimized,2,6,45,574,42.94653238575899,660,synthetic
trigger_90,optimized,2,7,24,304,49.98036301327445,660,synthetic
trigger_90,optimized,2,8,10,300,57.51857683578685,660,synthetic
trigger_90,optimized,2,9,23,303,63.529056010872104,660,synthetic
trigger_90,optimized,2,10,33,287,71.97519077338644,660,synthetic
trigger_90,optimized,2,11,38,288,76.90274963530942,1100,synthetic
trigger_90,optimized,2,12,56,277,83.89544995841888,240,synthetic
trigger_90,optimized,2,13,57,280,90.25400625732179,660,synthetic
trigger_90,optimized,2,14,39,275,96.66311842156964,660,synthetic
trigger_90,optimized,2,15,25,286,102.86541076199012,660,synthetic
trigger_90,optimized,2,16,21,393,111.60022533579287,660,synthetic
trigger_90,optimized,2,17,3,293,118.02826533324006,660,synthetic
trigger_90,optimized,2,18,1,294,122.96382767003384,240,synthetic
trigger_90,optimized,2,19,0,0,129.25891242550162,0,synthetic
trigger_90,optimized,3,0,0,0,0.0,0,synthetic
trigger_90,optimized,3,1,0,0,0.0,0,synthetic
demand_plus20,baseline,1,0,0,0,0.0,0,synthetic
demand_plus20,baseline,1,1,1,294,2.169393519306196,240,synthetic
demand_plus20,baseline,1,2,3,293,7.059658031623929,660,synthetic
demand_plus20,baseline,1,3,2,292,13.121085324129842,660,synthetic
demand_plus20,baseline,1,4,15,388,18.696735985001773,660,synthetic
demand_plus20,baseline,1,5,22,389,23.019571624541395,660,synthetic
demand_plus20,baseline,1,6,28,390,28.616733295132626,660,synthetic
demand_plus20,baseline,1,7,21,393,33.636294441319556,660,synthetic
demand_plus20,baseline,1,8,17,391,38.43127792950494,1100,synthetic
demand_plus20,baseline,1,9,18,394,43.89963404881094,1100,synthetic
demand_plus20,baseline,1,10,34,383,50.53130648706025,1100,synthetic
demand_plus20,baseline,1,11,35,392,55.96145655309145,660,synthetic
demand_plus20,baseline,1,12,53,384,62.58502209002706,660,synthetic
demand_plus20,baseline,1,13,55,381,67.21316602523711,1100,synthetic
demand_plus20,baseline,1,14,49,496,72.6022568636438,660,synthetic
demand_plus20,baseline,1,15,58,497,77.37089035193415,660,synthetic
demand_plus20,baseline,1,16,59,382,86.55142802600886,660,synthetic
demand_plus20,baseline,1,17,0,0,99.74248150257147,0,synthetic
demand_plus20,baseline,2,0,0,0,0.0,0,synthetic
demand_plus20,baseline,2,1,9,297,3.1497642749896566,1100,synthetic
demand_plus20,baseline,2,2,20,289,10.900556533649757,660,synthetic
demand_plus20,baseline,2,3,25,286,16.915571940709018,660,synthetic
demand_plus20,baseline,2,4,39,275,24.053289021387485,660,synthetic
demand_plus20,baseline,2,5,40,273,29.62168504318938,1100,synthetic
demand_plus20,baseline,2,6,42,276,36.86175200959905,660,synthetic
demand_plus20,baseline,2,7,57,280,42.463796809477046,660,synthetic
demand_plus20,baseline,2,8,60,279,48.17902471020767,660,synthetic
demand_plus20,baseline,2,9,56,277,53.27701234882396,240,synthetic
demand_plus20,baseline,2,10,38,288,60.26971267193341,1100,synthetic
demand_plus20,baseline,2,11,33,287,65.1972715338564,660,synthetic
demand_plus20,baseline,2,12,24,304,73.46632646382693,660,synthetic
demand_plus20,baseline,2,13,16,296,78.58847367281238,660,synthetic
demand_plus20,baseline,2,14,23,303,83.33644996193902,660,synthetic
demand_plus20,baseline,2,15,7,298,89.88773746956157,1100,synthetic
demand_plus20,baseline,2,16,10,300,95.71750030691756,660,synthetic
demand_plus20,baseline,2,17,0,0,108.89168425140957,0,synthetic
demand_plus20,baseline,3,0,0,0,0.0,0,synthetic
demand_plus20,baseline,3,1,12,306,6.0065764617128625,660,synthetic
demand_plus20,baseline,3,2,11,307,10.887892167477496,660,synthetic
demand_plus20,baseline,3,3,4,315,16.103470701343696,660,synthetic
demand_plus20,baseline,3,4,6,314,21.19041901186927,660,synthetic
demand_plus20,baseline,3,5,13,313,27.382017540075775,660,synthetic
demand_plus20,baseline,3,6,27,318,35.88911158095627,1100,synthetic
demand_plus20,baseline,3,7,31,317,41.248020332652665,660,synthetic
demand_plus20,baseline,3,8,41,299,48.13683187930317,240,synthetic
demand_plus20,baseline,3,9,51,320,52.87061107359362,240,synthetic
demand_plus20,baseline,3,10,54,572,60.320529761608306,660,synthetic
demand_plus20,baseline,3,11,45,574,70.94070386758075,660,synthetic
demand_plus20,baseline,3,12,37,386,87.18349057056523,1100,synthetic
demand_plus20,baseline,3,13,46,367,92.97324919400165,1100,synthetic
demand_plus20,baseline,3,14,52,362,99.20970249318349,660,synthetic
demand_plus20,baseline,3,15,36,498,124.41619407363561,1100,synthetic
demand_plus20,baseline,3,16,29,309,133.2409423441333,660,synthetic
demand_plus20,baseline,3,17,0,0,148.43307207826552,0,synthetic
demand_plus20,optimized,1,0,0,0,0.0,0,synthetic
demand_plus20,optimized,1,1,2,292,1.757055080138562,660,synthetic
demand_plus20,optimized,1,2,15,388,7.3327057410104945,660,synthetic
demand_plus20,optimized,1,3,22,389,11.655541380550117,660,synthetic
demand_plus20,optimized,1,4,52,362,17.43843027221579,660,synthetic
demand_plus20,optimized,1,5,55,381,38.4247171774542,1100,synthetic
demand_plus20,optimized,1,6,53,384,43.052861112664246,660,synthetic
demand_plus20,optimized,1,7,59,382,50.08099898579809,660,synthetic
demand_plus20,optimized,1,8,35,392,56.85686038116207,660,synthetic
demand_plus20,optimized,1,9,34,383,62.28701044719327,1100,synthetic
demand_plus20,optimized,1,10,46,367,69.48131970877145,1100,synthetic
demand_plus20,optimized,1,11,37,386,75.27107833220788,1100,synthetic
demand_plus20,optimized,1,12,28,390,80.74309818081854,660,synthetic
demand_plus20,optimized,1,13,21,393,85.76265932700547,660,synthetic
demand_plus20,optimized,1,14,17,391,90.55764281519085,1100,synthetic
demand_plus20,optimized,1,15,1,294,97.59165057962416,240,synthetic
demand_plus20,optimized,1,16,0,0,103.88673533509194,0,synthetic
demand_plus20,optimized,2,0,0,0,0.0,0,synthetic
demand_plus20,optimized,2,1,9,297,3.1497642749896566,1100,synthetic
demand_plus20,optimized,2,2,7,298,10.830782322762765,1100,synthetic
demand_plus20,optimized,2,3,10,300,16.66054516011875,660,synthetic
demand_plus20,optimized,2,4,16,296,23.38268470099778,660,synthetic
demand_plus20,optimized,2,5,23,303,28.13066099012442,660,synthetic
demand_plus20,optimized,2,6,24,304,32.216529830958144,660,synthetic
demand_plus20,optimized,2,7,33,287,40.65565983900024,660,synthetic
demand_plus20,optimized,2,8,38,288,45.58321870092322,1100,synthetic
demand_plus20,optimized,2,9,56,277,52.57591902403267,240,synthetic
demand_plus20,optimized,2,10,60,279,57.67390666264896,660,synthetic
demand_plus20,optimized,2,11,57,280,63.389134563379585,660,synthetic
demand_plus20,optimized,2,12,42,276,68.99117936325757,660,synthetic
demand_plus20,optimized,2,13,39,275,74.73206990949754,660,synthetic
demand_plus20,optimized,2,14,40,273,80.30046593129944,1100,synthetic
demand_plus20,optimized,2,15,25,286,87.17491796802173,660,synthetic
demand_plus20,optimized,2,16,20,289,94.21317563878847,660,synthetic
demand_plus20,optimized,2,17,0,0,106.66054778976084,0,synthetic
demand_plus20,optimized,3,0,0,0,0.0,0,synthetic
demand_plus20,optimized,3,1,3,293,1.261703903247708,660,synthetic
demand_plus20,optimized,3,2,18,394,7.6290971048470695,1100,synthetic
demand_plus20,optimized,3,3,49,496,16.248556136896177,660,synthetic
demand_plus20,optimized,3,4,58,497,21.017189625186525,660,synthetic
demand_plus20,optimized,3,5,36,498,28.89432158656269,1100,synthetic
demand_plus20,optimized,3,6,29,309,37.719069857060376,660,synthetic
demand_plus20,optimized,3,7,31,317,51.47579783897762,660,synthetic
demand_plus20,optimized,3,8,27,318,56.83470659067402,1100,synthetic
demand_plus20,optimized,3,9,41,299,63.16298097219534,240,synthetic
demand_plus20,optimized,3,10,51,320,67.89676016648579,240,synthetic
demand_plus20,optimized,3,11,54,572,75.34667885450048,660,synthetic
demand_plus20,optimized,3,12,45,574,85.96685296047292,660,synthetic
demand_plus20,optimized,3,13,6,314,98.00139321433429,660,synthetic
demand_plus20,optimized,3,14,4,315,103.08834152485986,660,synthetic
demand_plus20,optimized,3,15,13,313,109.07409278322855,660,synthetic
demand_plus20,optimized,3,16,11,307,113.89843379365377,660,synthetic
demand_plus20,optimized,3,17,12,306,118.70842427372254,660,synthetic
demand_plus20,optimized,3,18,0,0,126.61418935768964,0,synthetic
fuel_minus20,baseline,1,0,0,0,0.0,0,synthetic
fuel_minus20,baseline,1,1,1,294,2.169393519306196,240,synthetic
fuel_minus20,baseline,1,2,3,293,7.059658031623929,660,synthetic
fuel_minus20,baseline,1,3,2,292,13.121085324129842,660,synthetic
fuel_minus20,baseline,1,4,15,388,18.696735985001773,660,synthetic
fuel_minus20,baseline,1,5,22,389,23.019571624541395,660,synthetic
fuel_minus20,baseline,1,6,21,393,29.664228057855283,660,synthetic
fuel_minus20,baseline,1,7,18,394,35.164035526313064,1100,synthetic
fuel_minus20,baseline,1,8,49,496,43.78349455836217,660,synthetic
fuel_minus20,baseline,1,9,55,381,49.172585396768866,1100,synthetic
fuel_minus20,baseline,1,10,53,384,53.800729331978914,660,synthetic
fuel_minus20,baseline,1,11,59,382,60.82886720511276,660,synthetic
fuel_minus20,baseline,1,12,46,367,69.73674197122176,1100,synthetic
fuel_minus20,baseline,1,13,52,362,75.9731952704036,660,synthetic
fuel_minus20,baseline,1,14,57,280,100.65422495071108,660,synthetic
fuel_minus20,baseline,1,15,42,276,106.25626975058907,660,synthetic
fuel_minus20,baseline,1,16,39,275,111.99716029682904,660,synthetic
fuel_minus20,baseline,1,17,56,277,120.25811026583031,240,synthetic
fuel_minus20,baseline,1,18,41,299,133.06884699902176,240,synthetic
fuel_minus20,baseline,1,19,0,0,145.62841931418086,0,synthetic
fuel_minus20,baseline,2,0,0,0,0.0,0,synthetic
fuel_minus20,baseline,2,1,9,297,3.1497642749896566,1100,synthetic
fuel_minus20,baseline,2,2,25,286,11.38032960553506,660,synthetic
fuel_minus20,baseline,2,3,38,288,20.85440637412728,1100,synthetic
fuel_minus20,baseline,2,4,33,287,25.781965236050254,660,synthetic
fuel_minus20,baseline,2,5,24,304,34.05102016602079,660,synthetic
fuel_minus20,baseline,2,6,23,303,39.921143664132885,660,synthetic
fuel_minus20,baseline,2,7,10,300,47.46636224111753,660,synthetic
fuel_minus20,baseline,2,8,45,574,56.22791970181507,660,synthetic
fuel_minus20,baseline,2,9,54,572,69.08308259219035,660,synthetic
fuel_minus20,baseline,2,10,51,320,76.17293540480172,240,synthetic
fuel_minus20,baseline,2,11,31,317,83.31112420088287,660,synthetic
fuel_minus20,baseline,2,12,27,318,88.67003295257928,1100,synthetic
fuel_minus20,baseline,2,13,11,307,96.8357469397663,660,synthetic
fuel_minus20,baseline,2,14,4,315,102.05132547363249,660,synthetic
fuel_minus20,baseline,2,15,6,314,107.13827378415806,660,synthetic
fuel_minus20,baseline,2,16,13,313,113.32987231236456,660,synthetic
fuel_minus20,baseline,2,17,0,0,122.05536067246005,0,synthetic
fuel_minus20,baseline,3,0,0,0,0.0,0,synthetic
fuel_minus20,baseline,3,1,36,498,5.04631885759485,1100,synthetic
fuel_minus20,baseline,3,2,29,309,13.871067128092532,660,synthetic
fuel_minus20,baseline,3,3,0,0,29.063196862224775,0,synthetic
fuel_minus20,optimized,1,0,0,0,0.0,0,synthetic
fuel_minus20,optimized,1,1,2,292,1.757055080138562,660,synthetic
fuel_minus20,optimized,1,2,15,388,7.3327057410104945,660,synthetic
fuel_minus20,optimized,1,3,22,389,11.655541380550117,660,synthetic
fuel_minus20,optimized,1,4,46,367,18.07085412992025,1100,synthetic
fuel_minus20,optimized,1,5,52,362,24.30730742910208,660,synthetic
fuel_minus20,optimized,1,6,49,496,46.27191385804703,660,synthetic
fuel_minus20,optimized,1,7,55,381,51.66100469645372,1100,synthetic
fuel_minus20,optimized,1,8,53,384,56.28914863166377,660,synthetic
fuel_minus20,optimized,1,9,59,382,63.31728650479762,660,synthetic
fuel_minus20,optimized,1,10,21,393,71.92243625654089,660,synthetic
fuel_minus20,optimized,1,11,18,394,77.42224372499867,1100,synthetic
fuel_minus20,optimized,1,12,1,294,84.67906878957766,240,synthetic
fuel_minus20,optimized,1,13,0,0,90.97415354504545,0,synthetic
fuel_minus20,optimized,2,0,0,0,0.0,0,synthetic
fuel_minus20,optimized,2,1,3,293,1.261703903247708,660,synthetic
fuel_minus20,optimized,2,2,36,498,9.04631885759485,1100,synthetic
fuel_minus20,optimized,2,3,29,309,17.871067128092534,660,synthetic
fuel_minus20,optimized,2,4,31,317,31.627795110009778,660,synthetic
fuel_minus20,optimized,2,5,27,318,36.986703861706175,1100,synthetic
fuel_minus20,optimized,2,6,41,299,43.3149782432275,240,synthetic
fuel_minus20,optimized,2,7,51,320,48.04875743751795,240,synthetic
fuel_minus20,optimized,2,8,54,572,55.49867612553263,660,synthetic
fuel_minus20,optimized,2,9,45,574,66.11885023150508,660,synthetic
fuel_minus20,optimized,2,10,24,304,73.15268085902053,660,synthetic
fuel_minus20,optimized,2,11,10,300,80.69089468153294,660,synthetic
fuel_minus20,optimized,2,12,23,303,86.70137385661819,660,synthetic
fuel_minus20,optimized,2,13,6,314,95.78795232379784,660,synthetic
fuel_minus20,optimized,2,14,4,315,100.87490063432341,660,synthetic
fuel_minus20,optimized,2,15,13,313,106.8606518926921,660,synthetic
fuel_minus20,optimized,2,16,11,307,111.68499290311732,660,synthetic
fuel_minus20,optimized,2,17,0,0,119.82013325939363,0,synthetic
fuel_minus20,optimized,3,0,0,0,0.0,0,synthetic
fuel_minus20,optimized,3,1,9,297,3.1497642749896566,1100,synthetic
fuel_minus20,optimized,3,2,33,287,11.557751989305125,660,synthetic
fuel_minus20,optimized,3,3,38,288,16.4853108512281,1100,synthetic
fuel_minus20,optimized,3,4,56,277,23.478011174337556,240,synthetic
fuel_minus20,optimized,3,5,57,280,29.836567473240468,660,synthetic
fuel_minus20,optimized,3,6,42,276,35.43861227311846,660,synthetic
fuel_minus20,optimized,3,7,39,275,41.179502819358426,660,synthetic
fuel_minus20,optimized,3,8,25,286,47.38179515977892,660,synthetic
fuel_minus20,optimized,3,9,0,0,58.88205900278926,0,synthetic
fuel_plus20,baseline,1,0,0,0,0.0,0,synthetic
fuel_plus20,baseline,1,1,1,294,2.169393519306196,240,synthetic
fuel_plus20,baseline,1,2,3,293,7.059658031623929,660,synthetic
fuel_plus20,baseline,1,3,2,292,13.121085324129842,660,synthetic
fuel_plus20,baseline,1,4,15,388,18.696735985001773,660,synthetic
fuel_plus20,baseline,1,5,22,389,23.019571624541395,660,synthetic
fuel_plus20,baseline,1,6,21,393,29.664228057855283,660,synthetic
fuel_plus20,baseline,1,7,18,394,35.164035526313064,1100,synthetic
fuel_plus20,baseline,1,8,49,496,43.78349455836217,660,synthetic
fuel_plus20,baseline,1,9,55,381,49.172585396768866,1100,synthetic
fuel_plus20,baseline,1,10,53,384,53.800729331978914,660,synthetic
fuel_plus20,baseline,1,11,59,382,60.82886720511276,660,synthetic
fuel_plus20,baseline,1,12,46,367,69.73674197122176,1100,synthetic
fuel_plus20,baseline,1,13,52,362,75.9731952704036,660,synthetic
fuel_plus20,baseline,1,14,57,280,100.65422495071108,660,synthetic
fuel_plus20,baseline,1,15,42,276,106.25626975058907,660,synthetic
fuel_plus20,baseline,1,16,39,275,111.99716029682904,660,synthetic
fuel_plus20,baseline,1,17,56,277,120.25811026583031,240,synthetic
fuel_plus20,baseline,1,18,41,299,133.06884699902176,240,synthetic
fuel_plus20,baseline,1,19,0,0,145.62841931418086,0,synthetic
fuel_plus20,baseline,2,0,0,0,0.0,0,synthetic
fuel_plus20,baseline,2,1,9,297,3.1497642749896566,1100,synthetic
fuel_plus20,baseline,2,2,25,286,11.38032960553506,660,synthetic
fuel_plus20,baseline,2,3,38,288,20.85440637412728,1100,synthetic
fuel_plus20,baseline,2,4,33,287,25.781965236050254,660,synthetic
fuel_plus20,baseline,2,5,24,304,34.05102016602079,660,synthetic
fuel_plus20,baseline,2,6,23,303,39.921143664132885,660,synthetic
fuel_plus20,baseline,2,7,10,300,47.46636224111753,660,synthetic
fuel_plus20,baseline,2,8,45,574,56.22791970181507,660,synthetic
fuel_plus20,baseline,2,9,54,572,69.08308259219035,660,synthetic
fuel_plus20,baseline,2,10,51,320,76.17293540480172,240,synthetic
fuel_plus20,baseline,2,11,31,317,83.31112420088287,660,synthetic
fuel_plus20,baseline,2,12,27,318,88.67003295257928,1100,synthetic
fuel_plus20,baseline,2,13,11,307,96.8357469397663,660,synthetic
fuel_plus20,baseline,2,14,4,315,102.05132547363249,660,synthetic
fuel_plus20,baseline,2,15,6,314,107.13827378415806,660,synthetic
fuel_plus20,baseline,2,16,13,313,113.32987231236456,660,synthetic
fuel_plus20,baseline,2,17,0,0,122.05536067246005,0,synthetic
fuel_plus20,baseline,3,0,0,0,0.0,0,synthetic
fuel_plus20,baseline,3,1,36,498,5.04631885759485,1100,synthetic
fuel_plus20,baseline,3,2,29,309,13.871067128092532,660,synthetic
fuel_plus20,baseline,3,3,0,0,29.063196862224775,0,synthetic
fuel_plus20,optimized,1,0,0,0,0.0,0,synthetic
fuel_plus20,optimized,1,1,2,292,1.757055080138562,660,synthetic
fuel_plus20,optimized,1,2,15,388,7.3327057410104945,660,synthetic
fuel_plus20,optimized,1,3,22,389,11.655541380550117,660,synthetic
fuel_plus20,optimized,1,4,46,367,18.07085412992025,1100,synthetic
fuel_plus20,optimized,1,5,52,362,24.30730742910208,660,synthetic
fuel_plus20,optimized,1,6,49,496,46.27191385804703,660,synthetic
fuel_plus20,optimized,1,7,55,381,51.66100469645372,1100,synthetic
fuel_plus20,optimized,1,8,53,384,56.28914863166377,660,synthetic
fuel_plus20,optimized,1,9,59,382,63.31728650479762,660,synthetic
fuel_plus20,optimized,1,10,21,393,71.92243625654089,660,synthetic
fuel_plus20,optimized,1,11,18,394,77.42224372499867,1100,synthetic
fuel_plus20,optimized,1,12,1,294,84.67906878957766,240,synthetic
fuel_plus20,optimized,1,13,0,0,90.97415354504545,0,synthetic
fuel_plus20,optimized,2,0,0,0,0.0,0,synthetic
fuel_plus20,optimized,2,1,3,293,1.261703903247708,660,synthetic
fuel_plus20,optimized,2,2,36,498,9.04631885759485,1100,synthetic
fuel_plus20,optimized,2,3,29,309,17.871067128092534,660,synthetic
fuel_plus20,optimized,2,4,31,317,31.627795110009778,660,synthetic
fuel_plus20,optimized,2,5,27,318,36.986703861706175,1100,synthetic
fuel_plus20,optimized,2,6,41,299,43.3149782432275,240,synthetic
fuel_plus20,optimized,2,7,51,320,48.04875743751795,240,synthetic
fuel_plus20,optimized,2,8,54,572,55.49867612553263,660,synthetic
fuel_plus20,optimized,2,9,45,574,66.11885023150508,660,synthetic
fuel_plus20,optimized,2,10,24,304,73.15268085902053,660,synthetic
fuel_plus20,optimized,2,11,10,300,80.69089468153294,660,synthetic
fuel_plus20,optimized,2,12,23,303,86.70137385661819,660,synthetic
fuel_plus20,optimized,2,13,6,314,95.78795232379784,660,synthetic
fuel_plus20,optimized,2,14,4,315,100.87490063432341,660,synthetic
fuel_plus20,optimized,2,15,13,313,106.8606518926921,660,synthetic
fuel_plus20,optimized,2,16,11,307,111.68499290311732,660,synthetic
fuel_plus20,optimized,2,17,0,0,119.82013325939363,0,synthetic
fuel_plus20,optimized,3,0,0,0,0.0,0,synthetic
fuel_plus20,optimized,3,1,9,297,3.1497642749896566,1100,synthetic
fuel_plus20,optimized,3,2,33,287,11.557751989305125,660,synthetic
fuel_plus20,optimized,3,3,38,288,16.4853108512281,1100,synthetic
fuel_plus20,optimized,3,4,56,277,23.478011174337556,240,synthetic
fuel_plus20,optimized,3,5,57,280,29.836567473240468,660,synthetic
fuel_plus20,optimized,3,6,42,276,35.43861227311846,660,synthetic
fuel_plus20,optimized,3,7,39,275,41.179502819358426,660,synthetic
fuel_plus20,optimized,3,8,25,286,47.38179515977892,660,synthetic
fuel_plus20,optimized,3,9,0,0,58.88205900278926,0,synthetic
