scenario,vehicles_available,trigger_pct,demand_multiplier,fuel_price_multiplier,required_bins,full_capacity_l_required,data_origin,distance_origin,solver_status,runtime_seconds,optimality,status,bins_serviced,baseline_complete,baseline_km,baseline_vehicle_hours,baseline_travel_hours,optimized_km,optimized_vehicle_hours,optimized_travel_hours,km_saved,distance_reduction_pct,travel_hours_saved,vehicle_hours_saved,fuel_l_saved_assumed,fuel_cost_inr_saved_historical_proxy,tailpipe_co2_kg_saved_proxy,reason
base_3_trucks,3,80,1.0,1.0,36,25160,synthetic,derived OSM road paths; hypothetical stops/depot,1.0,5.001564299993333,Feasible bounded search; global optimality not claimed,feasible,36,True,57.34388166890512,5.695782947481096,2.5457829474810953,45.498331318450596,5.244605763453805,2.0946057634538056,11.845550350454523,20.65704309807441,0.4511771840272898,0.4511771840272907,2.6323445223232276,243.202310417443,7.078374420527159,
one_truck,1,80,1.0,1.0,36,25160,synthetic,derived OSM road paths; hypothetical stops/depot,,,,proven_infeasible_capacity,0,,,,,,,,,,,,,,,Total planned volume exceeds fleet capacity; no partial-route savings claimed
two_trucks,2,80,1.0,1.0,36,25160,synthetic,derived OSM road paths; hypothetical stops/depot,,,,proven_infeasible_capacity,0,,,,,,,,,,,,,,,Total planned volume exceeds fleet capacity; no partial-route savings claimed
trigger_70,3,70,1.0,1.0,46,33520,synthetic,derived OSM road paths; hypothetical stops/depot,1.0,5.000425100006396,Feasible bounded search; global optimality not claimed,feasible,46,True,65.97012886875478,6.971068243417606,3.1544015767509386,50.252304310254914,6.154289398110117,2.33762273144345,15.71782455849987,23.825669023278582,0.8167788453074887,0.8167788453074891,3.49284990188886,322.7044024355118,9.392273386179145,
trigger_90,3,90,1.0,1.0,27,17460,synthetic,derived OSM road paths; hypothetical stops/depot,1.0,5.000598300001002,Feasible bounded search; global optimality not claimed,feasible,27,True,49.044193925153216,4.486829170046247,2.1868291700462468,37.43547665128544,4.040159881016326,1.7401598810163261,11.608717273867775,23.669911450851743,0.44666928902992065,0.44666928902992087,2.5797149497483947,238.33986420725418,6.9368534998734335,
demand_plus20,3,80,1.2,1.0,48,35280,synthetic,derived OSM road paths; hypothetical stops/depot,1.0,5.000526699994225,Feasible bounded search; global optimality not claimed,feasible,48,True,58.20185286946646,6.701120630537443,2.751120630537443,51.166336180156065,6.369357874709042,2.4193578747090405,7.035516689310391,12.088131807572275,0.3317627558284024,0.3317627558284011,1.563448153180087,144.44697487230823,4.204112083901254,
truck_unavailable,2,80,1.0,1.0,36,25160,synthetic,derived OSM road paths; hypothetical stops/depot,,,,proven_infeasible_capacity,0,,,,,,,,,,,,,,,Total planned volume exceeds fleet capacity; no partial-route savings claimed
fuel_minus20,3,80,1.0,0.8,36,25160,synthetic,derived OSM road paths; hypothetical stops/depot,1.0,5.001564299993333,Feasible bounded search; global optimality not claimed,feasible,36,True,57.34388166890512,5.695782947481096,2.5457829474810953,45.498331318450596,5.244605763453805,2.0946057634538056,11.845550350454523,20.65704309807441,0.4511771840272898,0.4511771840272907,2.6323445223232276,194.5618483339544,7.078374420527159,
fuel_plus20,3,80,1.0,1.2,36,25160,synthetic,derived OSM road paths; hypothetical stops/depot,1.0,5.001564299993333,Feasible bounded search; global optimality not claimed,feasible,36,True,57.34388166890512,5.695782947481096,2.5457829474810953,45.498331318450596,5.244605763453805,2.0946057634538056,11.845550350454523,20.65704309807441,0.4511771840272898,0.4511771840272907,2.6323445223232276,291.8427725009316,7.078374420527159,
