bin_id,routing_node_id,latitude,longitude,capacity_l,snap_m,matrix_index,city_id,city_name
0,778242791,11.01683,76.9557605,0,0.0,0,CBE,Coimbatore
340,11962064111,11.0189495,76.9580189,660,0.0,1,CBE,Coimbatore
335,12375018397,11.012885,76.959022,1100,0.0,2,CBE,Coimbatore
369,12377519517,11.0191557,76.951032,1100,0.0,3,CBE,Coimbatore
336,1445281329,11.0220943,76.9559533,240,0.0,4,CBE,Coimbatore
343,2966170594,11.0110916,76.9575159,660,0.0,5,CBE,Coimbatore
344,12587197702,11.0217463,76.9523761,1100,0.0,6,CBE,Coimbatore
341,330041040,11.0111564,76.9581813,660,0.0,7,CBE,Coimbatore
353,802057935,11.0116379,76.9524726,660,0.0,8,CBE,Coimbatore
339,4523458131,11.0234415,76.9546466,1100,0.0,9,CBE,Coimbatore
338,4523458130,11.0236864,76.9546359,660,0.0,10,CBE,Coimbatore
337,3132681373,11.0170728,76.9630292,660,0.0,11,CBE,Coimbatore
345,14032184442,11.0244235,76.9516245,240,0.0,12,CBE,Coimbatore
352,802057898,11.011989,76.9476278,660,0.0,13,CBE,Coimbatore
230,11642066457,11.0241566,76.9620878,660,0.0,14,CBE,Coimbatore
368,9926142085,11.0155815,76.9456882,1100,0.0,15,CBE,Coimbatore
226,1482386119,11.026623,76.9580014,660,0.0,16,CBE,Coimbatore
351,330042768,11.0074414,76.9509187,1100,0.0,17,CBE,Coimbatore
229,8498714582,11.0256229,76.9619338,660,0.0,18,CBE,Coimbatore
235,12374998252,11.0249685,76.9630169,660,0.0,19,CBE,Coimbatore
342,1425187077,11.0226434,76.9465203,660,0.0,20,CBE,Coimbatore
331,1830373917,11.0146484,76.9671396,660,0.0,21,CBE,Coimbatore
360,12241205042,11.0054924,76.9512875,1100,0.0,22,CBE,Coimbatore
154,1481569890,11.0271455,76.962457,660,0.0,23,CBE,Coimbatore
354,12377519759,11.0117928,76.9441272,1100,0.0,24,CBE,Coimbatore
228,1482386180,11.0287172,76.9598024,660,0.0,25,CBE,Coimbatore
225,11367791488,11.0282601,76.9505024,660,0.0,26,CBE,Coimbatore
355,12377519772,11.0131512,76.9432005,240,0.0,27,CBE,Coimbatore
227,1482386175,11.0286263,76.9611587,1100,0.0,28,CBE,Coimbatore
333,6950332842,11.0143164,76.9687933,660,0.0,29,CBE,Coimbatore
156,5658672983,11.0301807,76.9549137,660,0.0,30,CBE,Coimbatore
332,6110284182,11.0115084,76.9684485,240,0.0,31,CBE,Coimbatore
222,5658672978,11.0300096,76.952977,240,0.0,32,CBE,Coimbatore
359,11482126972,11.0035482,76.9529255,1100,0.0,33,CBE,Coimbatore
356,802037950,11.0027434,76.9545864,1100,0.0,34,CBE,Coimbatore
231,5586186119,11.0270201,76.9657423,660,0.0,35,CBE,Coimbatore
346,330043451,11.0023172,76.9562917,660,0.0,36,CBE,Coimbatore
160,11642074529,11.0313409,76.9574448,660,0.0,37,CBE,Coimbatore
364,5668229923,11.0055893,76.9457684,660,0.0,38,CBE,Coimbatore
238,5563626087,11.0204329,76.9708653,660,0.0,39,CBE,Coimbatore
358,5668231555,11.0040996,76.9469507,660,0.0,40,CBE,Coimbatore
234,11379071562,11.0287968,76.9656346,1100,0.0,41,CBE,Coimbatore
224,9179391674,11.0319225,76.9524124,1100,0.0,42,CBE,Coimbatore
157,11050957467,11.0317489,76.9604301,1100,0.0,43,CBE,Coimbatore
361,1436626167,11.0031596,76.9478764,240,0.0,44,CBE,Coimbatore
237,3213855357,11.0226276,76.9706751,1100,0.0,45,CBE,Coimbatore
349,6965141049,11.0010652,76.9561882,1100,0.0,46,CBE,Coimbatore
413,11524969000,11.0041325,76.9653167,660,0.0,47,CBE,Coimbatore
367,9169449852,11.0172778,76.9395304,1100,0.0,48,CBE,Coimbatore
232,11379071517,11.0294542,76.9658726,660,0.0,49,CBE,Coimbatore
152,1445247767,11.0318148,76.9620776,660,0.0,50,CBE,Coimbatore
223,5658673002,11.03306,76.9533526,660,0.0,51,CBE,Coimbatore
240,9926154428,11.0178275,76.9727544,660,0.0,52,CBE,Coimbatore
347,778230460,11.0014452,76.9624918,1100,0.0,53,CBE,Coimbatore
348,2966170018,11.0014794,76.9626001,660,0.0,54,CBE,Coimbatore
350,12118040929,11.0016471,76.9633304,660,0.0,55,CBE,Coimbatore
409,9827276705,11.0017197,76.9637001,660,0.0,56,CBE,Coimbatore
233,11379071556,11.0308983,76.9665262,660,0.0,57,CBE,Coimbatore
357,5668230791,10.9999069,76.9501761,660,0.0,58,CBE,Coimbatore
159,11630306113,11.0344751,76.9580376,1100,0.0,59,CBE,Coimbatore
221,1481349406,11.0328406,76.9465487,660,0.0,60,CBE,Coimbatore
