osm_node_id,longitude,latitude,zone_id,city_id,source_id,data_origin,bin_id,capacity_l,demand_factor,coordinate_origin,scenario,city_name,snap_m,routing_node_id,network_accessible,center_distance_m,nearest_other_hypothetical_bin_m,nearest_mapped_commercial_poi_m,mapped_commercial_pois_within500m,nearest_mapped_residential_landuse_m,ward_match_count,assigned_ward_matches_polygon
11962064111,76.9580189,11.0189495,068,CBE,S09,synthetic,340,660,1.62,real_osm_road_node,independent Coimbatore hypothetical bins; demand scale0.9 assumption,Coimbatore,0.0,11962064111,True,340.2643943481535,414.7507200730514,118.53210843177985,5,134.52621893337528,1,True
12375018397,76.959022,11.012885,067,CBE,S09,synthetic,335,1100,1.0106979138865608,real_osm_road_node,independent Coimbatore hypothetical bins; demand scale0.9 assumption,Coimbatore,0.0,12375018397,True,559.626936551991,212.17133530101157,386.8188170558587,3,714.5539577137415,1,True
12377519517,76.951032,11.0191557,074,CBE,S09,synthetic,369,1100,0.9289850535110992,real_osm_road_node,independent Coimbatore hypothetical bins; demand scale0.9 assumption,Coimbatore,0.0,12377519517,True,582.6102459873554,322.06273477349674,261.4403362793868,2,506.4322575016128,1,True
1445281329,76.9559533,11.0220943,068,CBE,S09,synthetic,336,240,1.3966570596010683,real_osm_road_node,independent Coimbatore hypothetical bins; demand scale0.9 assumption,Coimbatore,0.0,1445281329,True,588.9370273235091,206.425619809536,362.70898208962416,2,32.09799059272977,1,True
2966170594,76.9575159,11.0110916,069,CBE,S09,synthetic,343,660,1.0171312446458094,real_osm_road_node,independent Coimbatore hypothetical bins; demand scale0.9 assumption,Coimbatore,0.0,2966170594,True,661.798332069091,73.08177578733985,336.97374951745536,2,873.582206805149,1,True
12587197702,76.9523761,11.0217463,069,CBE,S09,synthetic,344,1100,0.7054895633464918,real_osm_road_node,independent Coimbatore hypothetical bins; demand scale0.9 assumption,Coimbatore,0.0,12587197702,True,664.9482764250162,307.36716877416615,299.4717108591097,2,338.6232091918624,1,True
330041040,76.9581813,11.0111564,069,CBE,S09,synthetic,341,660,0.7987140221895412,real_osm_road_node,independent Coimbatore hypothetical bins; demand scale0.9 assumption,Coimbatore,0.0,330041040,True,679.2347973641765,73.08177578733985,410.0195686429138,2,876.1189477841261,1,True
802057935,76.9524726,11.0116379,071,CBE,S09,synthetic,353,660,1.441337356327164,real_osm_road_node,independent Coimbatore hypothetical bins; demand scale0.9 assumption,Coimbatore,0.0,802057935,True,679.2430354611274,494.36227806351707,158.67477270748762,10,887.2520036355273,1,True
4523458131,76.9546466,11.0234415,068,CBE,S09,synthetic,339,1100,1.0613607305029278,real_osm_road_node,independent Coimbatore hypothetical bins; demand scale0.9 assumption,Coimbatore,0.0,4523458131,True,749.1538478956755,27.119264051522556,419.0950544934481,2,148.11400822741297,1,True
4523458130,76.9546359,11.0236864,068,CBE,S09,synthetic,338,660,1.3597974997591975,real_osm_road_node,independent Coimbatore hypothetical bins; demand scale0.9 assumption,Coimbatore,0.0,4523458130,True,776.2020504413986,27.119264051522556,400.4827120237938,1,170.6206226320284,1,True
3132681373,76.9630292,11.0170728,068,CBE,S09,synthetic,337,660,1.2795069567476185,real_osm_road_node,independent Coimbatore hypothetical bins; demand scale0.9 assumption,Coimbatore,0.0,3132681373,True,789.6188645856115,523.2436618373316,45.90632810661724,8,713.2225186305988,1,True
14032184442,76.9516245,11.0244235,069,CBE,S09,synthetic,345,240,0.7447150457889068,real_osm_road_node,independent Coimbatore hypothetical bins; demand scale0.9 assumption,Coimbatore,0.0,14032184442,True,962.4332548322398,307.36716877416615,174.19160057235572,4,479.1965084733091,1,True
802057898,76.9476278,11.011989,071,CBE,S09,synthetic,352,660,0.7753397802065273,real_osm_road_node,independent Coimbatore hypothetical bins; demand scale0.9 assumption,Coimbatore,0.0,802057898,True,1040.0903637227102,383.2328279202936,303.7740912398934,7,1177.14207764787,1,True
11642066457,76.9620878,11.0241566,046,CBE,S09,synthetic,230,660,1.0793727907323591,real_osm_road_node,independent Coimbatore hypothetical bins; demand scale0.9 assumption,Coimbatore,0.0,11642066457,True,1067.7680579303997,135.57359143945666,562.0375373748286,0,652.8588468574551,1,True
9926142085,76.9456882,11.0155815,074,CBE,S09,synthetic,368,1100,1.050693662127854,real_osm_road_node,independent Coimbatore hypothetical bins; demand scale0.9 assumption,Coimbatore,0.0,9926142085,True,1111.947817505412,382.3912367992706,195.5322673796128,3,1161.3214376709943,1,True
1482386119,76.9580014,11.026623,046,CBE,S09,synthetic,226,660,0.5420279252264645,real_osm_road_node,independent Coimbatore hypothetical bins; demand scale0.9 assumption,Coimbatore,0.0,1482386119,True,1118.3819832672875,304.0164740271901,680.6194658432628,0,540.7489260705233,1,True
330042768,76.9509187,11.0074414,071,CBE,S09,synthetic,351,1100,0.97616051263598,real_osm_road_node,independent Coimbatore hypothetical bins; demand scale0.9 assumption,Coimbatore,0.0,330042768,True,1169.0870658601325,219.3588826502292,49.18054364738567,13,1380.9411101674773,1,True
8498714582,76.9619338,11.0256229,046,CBE,S09,synthetic,229,660,0.8020817619906052,real_osm_road_node,independent Coimbatore hypothetical bins; demand scale0.9 assumption,Coimbatore,0.0,8498714582,True,1187.7161313350664,138.7631131677887,725.1138138717181,0,750.6242657531153,1,True
12374998252,76.9630169,11.0249685,047,CBE,S09,synthetic,235,660,0.5771647233425359,real_osm_road_node,independent Coimbatore hypothetical bins; demand scale0.9 assumption,Coimbatore,0.0,12374998252,True,1202.266854208335,135.57359143945666,648.7663455009003,0,751.0145306896209,1,True
1425187077,76.9465203,11.0226434,069,CBE,S09,synthetic,342,660,0.5385628536938327,real_osm_road_node,independent Coimbatore hypothetical bins; demand scale0.9 assumption,Coimbatore,0.0,1425187077,True,1203.3317487711638,591.6117554726549,260.7211605694052,5,918.2098336659628,1,True
1830373917,76.9671396,11.0146484,067,CBE,S09,synthetic,331,660,1.419853605661349,real_osm_road_node,independent Coimbatore hypothetical bins; demand scale0.9 assumption,Coimbatore,0.0,1830373917,True,1260.5851314979082,184.4453469452176,39.95053024537517,10,957.6489539780276,1,True
12241205042,76.9512875,11.0054924,072,CBE,S09,synthetic,360,1100,0.8139787208257978,real_osm_road_node,independent Coimbatore hypothetical bins; demand scale0.9 assumption,Coimbatore,0.0,12241205042,True,1350.3735681670778,219.3588826502292,60.75483474541763,11,1569.3187656407315,1,True
1481569890,76.962457,11.0271455,031,CBE,S09,synthetic,154,660,1.2656871941046517,real_osm_road_node,independent Coimbatore hypothetical bins; demand scale0.9 assumption,Coimbatore,0.0,1481569890,True,1360.6061278737764,177.89213906146202,889.0980131572217,0,882.1372461486849,1,True
12377519759,76.9441272,11.0117928,071,CBE,S09,synthetic,354,1100,1.1348071284494805,real_osm_road_node,independent Coimbatore hypothetical bins; demand scale0.9 assumption,Coimbatore,0.0,12377519759,True,1390.3937983605256,181.23000196192825,88.04276426948788,3,1398.2840021686477,1,True
1482386180,76.9598024,11.0287172,046,CBE,S09,synthetic,228,660,0.7125029875327453,real_osm_road_node,independent Coimbatore hypothetical bins; demand scale0.9 assumption,Coimbatore,0.0,1482386180,True,1395.2781184401297,148.5779544762957,924.5288455509088,0,841.7898955030756,1,True
11367791488,76.9505024,11.0282601,045,CBE,S09,synthetic,225,660,0.6111472229762349,real_osm_road_node,independent Coimbatore hypothetical bins; demand scale0.9 assumption,Coimbatore,0.0,11367791488,True,1399.3453778692303,332.58276722317805,78.03750476154114,8,847.6246414039136,1,True
12377519772,76.9432005,11.0131512,071,CBE,S09,synthetic,355,240,1.2601947108370126,real_osm_road_node,independent Coimbatore hypothetical bins; demand scale0.9 assumption,Coimbatore,0.0,12377519772,True,1433.7933711893215,181.23000196192825,134.3567528852652,3,1218.1940755211806,1,True
1482386175,76.9611587,11.0286263,046,CBE,S09,synthetic,227,1100,0.8869923128067355,real_osm_road_node,independent Coimbatore hypothetical bins; demand scale0.9 assumption,Coimbatore,0.0,1482386175,True,1439.221870768536,148.5779544762957,1062.9307584899575,0,925.1754502481256,1,True
6950332842,76.9687933,11.0143164,067,CBE,S09,synthetic,333,660,0.9700128981249786,real_osm_road_node,independent Coimbatore hypothetical bins; demand scale0.9 assumption,Coimbatore,0.0,6950332842,True,1444.8081265736328,184.4453469452176,147.31538950607816,11,955.6459809644856,1,True
5658672983,76.9549137,11.0301807,032,CBE,S09,synthetic,156,660,1.62,real_osm_road_node,independent Coimbatore hypothetical bins; demand scale0.9 assumption,Coimbatore,0.0,5658672983,True,1491.007210629528,212.5151185654533,390.7901969709952,2,862.7586242003689,1,True
6110284182,76.9684485,11.0115084,067,CBE,S09,synthetic,332,240,1.111549568335609,real_osm_road_node,independent Coimbatore hypothetical bins; demand scale0.9 assumption,Coimbatore,0.0,6110284182,True,1500.7033034226313,312.93757707235994,344.5799664698491,3,1268.5793441777903,1,True
5658672978,76.952977,11.0300096,045,CBE,S09,synthetic,222,240,0.9071423531842716,real_osm_road_node,independent Coimbatore hypothetical bins; demand scale0.9 assumption,Coimbatore,0.0,5658672978,True,1500.8081549765357,212.5151185654533,182.04056419946068,7,885.5619702405043,1,True
11482126972,76.9529255,11.0035482,072,CBE,S09,synthetic,359,1100,0.9589184929582448,real_osm_road_node,independent Coimbatore hypothetical bins; demand scale0.9 assumption,Coimbatore,0.0,11482126972,True,1506.5643520975432,202.2021202475256,170.37469171437724,8,1734.357520808386,1,True
802037950,76.9545864,11.0027434,072,CBE,S09,synthetic,356,1100,1.3499412182818546,real_osm_road_node,independent Coimbatore hypothetical bins; demand scale0.9 assumption,Coimbatore,0.0,802037950,True,1568.6255006647566,192.2685816018847,261.68110048362746,2,1800.1745553634394,1,True
5586186119,76.9657423,11.0270201,047,CBE,S09,synthetic,231,660,0.4909060378577398,real_osm_road_node,independent Coimbatore hypothetical bins; demand scale0.9 assumption,Coimbatore,0.0,5586186119,True,1571.3015077208895,196.91521091633356,635.7735908408943,0,567.1867953540448,1,True
330043451,76.9562917,11.0023172,070,CBE,S09,synthetic,346,660,1.2112960212941757,real_osm_road_node,independent Coimbatore hypothetical bins; demand scale0.9 assumption,Coimbatore,0.0,330043451,True,1611.3079037402474,138.97376344471576,303.6289158285195,1,1840.1203654887504,1,True
11642074529,76.9574448,11.0313409,032,CBE,S09,synthetic,160,660,1.2024970998793667,real_osm_road_node,independent Coimbatore hypothetical bins; demand scale0.9 assumption,Coimbatore,0.0,11642074529,True,1626.809580751681,304.96259835119145,676.6726688954968,0,1011.2237991438196,1,True
5668229923,76.9457684,11.0055893,073,CBE,S09,synthetic,364,660,0.8968171469138255,real_osm_road_node,independent Coimbatore hypothetical bins; demand scale0.9 assumption,Coimbatore,0.0,5668229923,True,1659.159357146303,209.43309356360152,31.82016623685385,3,1839.427885324904,1,True
5563626087,76.9708653,11.0204329,048,CBE,S09,synthetic,238,660,0.663193815942334,real_osm_road_node,independent Coimbatore hypothetical bins; demand scale0.9 assumption,Coimbatore,0.0,5563626087,True,1693.1971141515958,243.69692318931249,355.50296476157604,5,271.38055630869485,1,True
5668231555,76.9469507,11.0040996,072,CBE,S09,synthetic,358,660,0.9163226460524536,real_osm_road_node,independent Coimbatore hypothetical bins; demand scale0.9 assumption,Coimbatore,0.0,5668231555,True,1710.934759046756,145.09565763920986,233.44162967267425,4,1906.159637724486,1,True
11379071562,76.9656346,11.0287968,047,CBE,S09,synthetic,234,1100,0.804488565029248,real_osm_road_node,independent Coimbatore hypothetical bins; demand scale0.9 assumption,Coimbatore,0.0,11379071562,True,1712.2096893331582,77.24241577787105,698.048955554265,0,714.5448494612868,1,True
9179391674,76.9524124,11.0319225,045,CBE,S09,synthetic,224,1100,0.4283044650991585,real_osm_road_node,independent Coimbatore hypothetical bins; demand scale0.9 assumption,Coimbatore,0.0,9179391674,True,1721.7133076450843,162.46880870197148,173.09103224333268,4,1105.9064966071203,1,True
11050957467,76.9604301,11.0317489,032,CBE,S09,synthetic,157,1100,1.4291097489482163,real_osm_road_node,independent Coimbatore hypothetical bins; demand scale0.9 assumption,Coimbatore,0.0,11050957467,True,1737.359868415074,180.2097406238,1005.9520011430752,0,1165.6792823452784,1,True
1436626167,76.9478764,11.0031596,073,CBE,S09,synthetic,361,240,0.6336144892759461,real_osm_road_node,independent Coimbatore hypothetical bins; demand scale0.9 assumption,Coimbatore,0.0,1436626167,True,1745.987066889145,145.09565763920986,376.72794928788375,4,1949.8995888137997,1,True
3213855357,76.9706751,11.0226276,048,CBE,S09,synthetic,237,1100,0.808426502686682,real_osm_road_node,independent Coimbatore hypothetical bins; demand scale0.9 assumption,Coimbatore,0.0,3213855357,True,1748.0783723474374,243.69692318931249,406.1778499343328,2,28.8122325747993,1,True
6965141049,76.9561882,11.0010652,070,CBE,S09,synthetic,349,1100,0.7216522632610695,real_osm_road_node,independent Coimbatore hypothetical bins; demand scale0.9 assumption,Coimbatore,0.0,6965141049,True,1750.1429206646071,138.97376344471576,435.7397543626483,1,1978.792509674312,1,True
11524969000,76.9653167,11.0041325,083,CBE,S09,synthetic,413,660,1.1583220429312453,real_osm_road_node,independent Coimbatore hypothetical bins; demand scale0.9 assumption,Coimbatore,0.0,11524969000,True,1750.1443640969765,320.1233598020275,465.06668602654247,1,1886.300761079952,1,True
9169449852,76.9395304,11.0172778,074,CBE,S09,synthetic,367,1100,0.4641684597673784,real_osm_road_node,independent Coimbatore hypothetical bins; demand scale0.9 assumption,Coimbatore,0.0,9169449852,True,1776.5506438886066,607.73021631635,293.8251887284128,2,646.5343742903148,1,True
11379071517,76.9658726,11.0294542,047,CBE,S09,synthetic,232,660,0.6966365180733868,real_osm_road_node,independent Coimbatore hypothetical bins; demand scale0.9 assumption,Coimbatore,0.0,11379071517,True,1785.6285958185226,77.24241577787105,706.5837240256335,0,757.1052626132024,1,True
1445247767,76.9620776,11.0318148,031,CBE,S09,synthetic,152,660,0.7641431352991588,real_osm_road_node,independent Coimbatore hypothetical bins; demand scale0.9 assumption,Coimbatore,0.0,1445247767,True,1804.688631260738,180.2097406238,1185.105579818926,0,1222.5494301906228,1,True
5658673002,76.9533526,11.03306,045,CBE,S09,synthetic,223,660,0.5198563592265913,real_osm_road_node,independent Coimbatore hypothetical bins; demand scale0.9 assumption,Coimbatore,0.0,5658673002,True,1827.6546718512564,162.46880870197148,255.95072965042405,3,1202.0990289943522,1,True
9926154428,76.9727544,11.0178275,048,CBE,S09,synthetic,240,660,0.770136265920105,real_osm_road_node,independent Coimbatore hypothetical bins; demand scale0.9 assumption,Coimbatore,0.0,9926154428,True,1854.0209734728016,354.568648593674,176.98261522434723,5,586.964577046579,1,True
778230460,76.9624918,11.0014452,070,CBE,S09,synthetic,347,1100,0.9515777908028324,real_osm_road_node,independent Coimbatore hypothetical bins; demand scale0.9 assumption,Coimbatore,0.0,778230460,True,1857.045286496276,12.427760662583182,426.1814275972469,1,2035.0123637574704,1,True
2966170018,76.9626001,11.0014794,070,CBE,S09,synthetic,348,660,1.2813714693776628,real_osm_road_node,independent Coimbatore hypothetical bins; demand scale0.9 assumption,Coimbatore,0.0,2966170018,True,1858.2393021056869,12.427760662583182,432.78988631946,1,2035.0750201875692,1,True
12118040929,76.9633304,11.0016471,070,CBE,S09,synthetic,350,660,0.9050453599052388,real_osm_road_node,independent Coimbatore hypothetical bins; demand scale0.9 assumption,Coimbatore,0.0,12118040929,True,1874.71246912579,41.200723227484325,476.9966550347962,1,2043.9972165895847,1,True
9827276705,76.9637001,11.0017197,082,CBE,S09,synthetic,409,660,0.7713923900334213,real_osm_road_node,independent Coimbatore hypothetical bins; demand scale0.9 assumption,Coimbatore,0.0,9827276705,True,1885.5688084051608,41.200723227484325,501.7929180361904,0,2051.0131395651265,1,True
11379071556,76.9665262,11.0308983,047,CBE,S09,synthetic,233,660,0.6227013041169447,real_osm_road_node,independent Coimbatore hypothetical bins; demand scale0.9 assumption,Coimbatore,0.0,11379071556,True,1956.5462936990996,175.00937772011042,742.7566813917543,0,861.5677928831828,1,True
5668230791,76.9501761,10.9999069,072,CBE,S09,synthetic,357,660,1.59283641093034,real_osm_road_node,independent Coimbatore hypothetical bins; demand scale0.9 assumption,Coimbatore,0.0,5668230791,True,1976.1807716254837,179.9746656440706,400.6704644265995,1,2195.7399338184564,1,True
11630306113,76.9580376,11.0344751,032,CBE,S09,synthetic,159,1100,0.989818167817676,real_osm_road_node,independent Coimbatore hypothetical bins; demand scale0.9 assumption,Coimbatore,0.0,11630306113,True,1980.496467692458,303.85393479491927,789.6629849976728,0,1363.8784095838944,1,True
1481349406,76.9465487,11.0328406,045,CBE,S09,synthetic,221,660,0.5689791709515585,real_osm_road_node,independent Coimbatore hypothetical bins; demand scale0.9 assumption,Coimbatore,0.0,1481349406,True,2049.601686113556,605.0957358137575,314.3342528653272,3,1224.041891277906,1,True
