bin_id,routing_node_id,latitude,longitude,capacity_l,snap_m,matrix_index
0,254497595,13.0825329,80.2706992,0,0.0,0
294,11420101013,13.0843627,80.2675819,240,0.0,1
292,2214510355,13.0873518,80.2707382,660,82.35546160629251,2
293,10542355413,13.0852436,80.2665941,660,0.0,3
315,10270761707,13.0789242,80.2675473,660,0.0,4
312,248468233,13.0778198,80.2703422,660,0.0,5
314,3672835985,13.0779706,80.2688948,660,0.0,6
298,10918138022,13.0784789,80.2752449,1100,9.75627909049015,7
311,248468148,13.0769946,80.2665597,240,0.0,8
297,600643473,13.0840791,80.2778981,1100,0.0,9
300,12213569522,13.0789472,80.2776272,660,0.0,10
307,10942180709,13.0761544,80.2651137,660,0.0,11
306,2197640122,13.0781006,80.2633186,660,0.0,12
313,2241832997,13.0747338,80.2665531,660,0.0,13
395,13337811021,13.0919356,80.2694895,660,0.0,14
388,10277778741,13.092873,80.2689956,660,0.0,15
296,309061755,13.0762045,80.2790161,660,0.0,16
391,254498031,13.0918181,80.2655687,1100,0.0,17
394,11721802782,13.0910572,80.264162,1100,0.0,18
295,11593774036,13.0816368,80.2598149,660,0.0,19
289,3681672609,13.0897704,80.2793411,660,0.0,20
393,11721452157,13.0922589,80.2644061,660,0.0,21
389,11292812957,13.0940109,80.2684607,660,0.0,22
303,9572798773,13.0789113,80.2819268,660,0.0,23
304,9572798777,13.0789407,80.2820326,660,0.0,24
286,258915973,13.0928369,80.2770742,660,0.0,25
291,333218928,13.0868898,80.2591714,660,0.0,26
318,2241930178,13.07088,80.2662029,1100,0.0,27
390,11721802858,13.0944743,80.2646032,660,0.0,28
309,11495672519,13.0752735,80.258292,660,16.821914803933847,29
308,11495672462,13.0783742,80.2566557,660,89.86455778334076,30
317,266204304,13.0692218,80.2647493,660,0.0,31
271,254149580,13.0960454,80.2773379,1100,0.0,32
287,258916949,13.0906827,80.2838594,660,0.0,33
383,610963202,13.0944897,80.2610002,1100,0.0,34
392,11363847025,13.0930358,80.2589733,660,14.552573787798448,35
498,611733904,13.0816468,80.2546839,1100,0.0,36
386,610828268,13.097619,80.2646734,1100,0.0,37
288,3672798658,13.092034,80.2841934,1100,0.0,38
275,10943490871,13.0966335,80.2792626,660,0.0,39
273,603480749,13.0979671,80.2766899,1100,0.0,40
299,11786022493,13.0662883,80.2689925,240,0.0,41
276,254149753,13.0967028,80.2808074,660,0.0,42
290,10933187062,13.0941505,80.2840665,660,0.0,43
272,254149629,13.0990948,80.2777123,660,0.0,44
574,663690632,13.0679422,80.2814764,660,0.0,45
367,610828377,13.0999166,80.2646422,1100,0.0,46
571,259057575,13.0645892,80.2725821,660,0.0,47
387,610828324,13.0989285,80.2619798,660,0.0,48
496,254498097,13.0893314,80.2530827,660,0.0,49
301,30237373,13.0858778,80.2893593,660,0.0,50
320,12625054048,13.0643256,80.2658662,240,0.0,51
362,610889125,13.101686,80.270563,660,0.0,52
384,2174581506,13.092141,80.2536877,660,0.0,53
572,259057716,13.0635775,80.2711827,660,0.0,54
381,276518300,13.0913878,80.2530383,1100,0.0,55
277,258917053,13.0960277,80.2853832,240,0.0,56
280,9913683221,13.0986565,80.2827221,660,0.0,57
497,344454478,13.089127,80.2514513,660,0.0,58
382,344454283,13.0966674,80.2556261,660,0.0,59
279,3672805778,13.0975291,80.2853706,660,0.0,60
