bin_id,zone_id,latitude,longitude,osm_node_id,capacity_l,demand_factor,coordinate_origin,data_origin,source_id,scenario,snap_m,routing_node_id,network_accessible,center_distance_m,nearest_other_hypothetical_bin_m,nearest_mapped_commercial_poi_m,mapped_commercial_pois_within500m,nearest_mapped_residential_landuse_m,ward_match_count,assigned_ward_matches_polygon
294,058,13.0843627,80.2675819,11420101013,240,0.8669089985039211,real_osm_road_node,synthetic,S09,hypothetical community bins,0.0,11420101013,True,385.0122818080687,144.7746267131336,387.228262343246,3,276.2278220558574,1,True
292,058,13.0873518,80.2707382,2249215802,660,0.8829641987393356,real_osm_road_node,synthetic,S09,hypothetical community bins,82.35546160629251,2214510355,True,517.27310614534,475.7861308866578,545.576868530353,0,106.46007991106373,1,True
293,058,13.0852436,80.2665941,10542355413,660,0.7353246293549909,real_osm_road_node,synthetic,S09,hypothetical community bins,0.0,10542355413,True,527.0260207626037,144.7746267131336,496.32625870471935,1,333.6708840424754,1,True
315,062,13.0789242,80.2675473,10270761707,660,1.3445080823445323,real_osm_road_node,synthetic,S09,hypothetical community bins,0.0,10270761707,True,541.1784134929,180.18030517005243,214.27720771455742,6,195.45531654905628,1,True
312,062,13.0778198,80.2703422,248468233,660,0.9580585857600918,real_osm_road_node,synthetic,S09,hypothetical community bins,0.0,248468233,True,544.035491768229,157.80488718915444,273.9968030539783,5,104.49211561138006,1,True
314,062,13.0779706,80.2688948,3672835985,660,0.716781322861928,real_osm_road_node,synthetic,S09,hypothetical community bins,0.0,3672835985,True,561.0559314393836,157.80488718915444,274.44923690358456,5,105.9631702153759,1,True
298,059,13.0784789,80.2752449,966544020,1100,0.8307082576714269,real_osm_road_node,synthetic,S09,hypothetical community bins,9.75627909049015,10918138022,True,680.1618983556033,263.4195216718337,432.6965947475088,4,21.368246648129297,1,True
311,062,13.0769946,80.2665597,248468148,240,0.9000620577308323,real_osm_road_node,synthetic,S09,hypothetical community bins,0.0,248468148,True,776.8995485246804,182.24020366259163,245.53909600835587,5,300.25464672626384,1,True
297,059,13.0840791,80.2778981,600643473,1100,1.3848068193603686,real_osm_road_node,synthetic,S09,hypothetical community bins,0.0,600643473,True,794.5539325343323,568.3234854881659,31.623061119419393,16,189.02841343533478,1,True
300,059,13.0789472,80.2776272,12213569522,660,0.7369831000656557,real_osm_road_node,synthetic,S09,hypothetical community bins,0.0,12213569522,True,858.5199532930247,263.4195216718337,369.37613784913054,6,2.549349853260778,1,True
307,061,13.0761544,80.2651137,10942180709,660,0.9028587105228872,real_osm_road_node,synthetic,S09,hypothetical community bins,0.0,10942180709,True,946.4867119528458,182.24020366259163,89.63375545143765,8,179.56077642264566,1,True
306,061,13.0781006,80.2633186,2197640122,660,1.1487676382086334,real_osm_road_node,synthetic,S09,hypothetical community bins,0.0,2197640122,True,949.0656495721637,290.18092440732744,189.21923640928108,7,202.05319628805407,1,True
313,062,13.0747338,80.2665531,2241832997,660,1.7619056907409016,real_osm_road_node,synthetic,S09,hypothetical community bins,0.0,2241832997,True,993.1675863558415,221.4441084869592,306.603517753779,5,129.30186809910882,1,True
395,078,13.0919356,80.2694895,13337811021,660,0.643319140024282,real_osm_road_node,synthetic,S09,hypothetical community bins,0.0,13337811021,True,1035.2867916581743,116.68270324900459,712.9654456984223,0,316.7650716336211,1,True
388,077,13.092873,80.2689956,10277778741,660,1.5687104913389176,real_osm_road_node,synthetic,S09,hypothetical community bins,0.0,10277778741,True,1146.1492266496355,116.68270324900459,785.8440327965145,0,200.2505970581727,1,True
296,059,13.0762045,80.2790161,309061755,660,1.0828457785813,real_osm_road_node,synthetic,S09,hypothetical community bins,0.0,309061755,True,1154.5402129290578,338.64852225933663,679.3861756502444,0,235.6464782678705,1,True
391,078,13.0918181,80.2655687,254498031,1100,1.382196159010801,real_osm_road_node,synthetic,S09,hypothetical community bins,0.0,254498031,True,1156.2131951391586,135.13695917518766,473.625346296886,1,373.06586374808103,1,True
394,078,13.0910572,80.264162,11721802782,1100,1.0277021213958248,real_osm_road_node,synthetic,S09,hypothetical community bins,0.0,11721802782,True,1168.3231810198047,135.51183848891841,349.87386798510227,3,505.0417786761273,1,True
295,058,13.0816368,80.2598149,11593774036,660,0.9179425035818022,real_osm_road_node,synthetic,S09,hypothetical community bins,0.0,11593774036,True,1184.8672530386573,497.5017336581459,470.86515179362345,1,68.43603106361184,1,True
289,057,13.0897704,80.2793411,3681672609,660,0.5561399212305266,real_osm_road_node,synthetic,S09,hypothetical community bins,0.0,3681672609,True,1222.291202460395,418.82164506420185,48.67656167885351,19,621.1472633879818,1,True
393,078,13.0922589,80.2644061,11721452157,660,1.1191455465946145,real_osm_road_node,synthetic,S09,hypothetical community bins,0.0,11721452157,True,1262.7093634260355,135.13695917518766,343.5336153553277,3,371.3063007728631,1,True
389,077,13.0940109,80.2684607,11292812957,660,1.4411484640614656,real_osm_road_node,synthetic,S09,hypothetical community bins,0.0,11292812957,True,1280.8853217912676,138.5641334581052,802.706127281098,0,64.46785461635025,1,True
303,060,13.0789113,80.2819268,9572798773,660,0.7216005386234824,real_osm_road_node,synthetic,S09,hypothetical community bins,0.0,9572798773,True,1286.8817319578536,11.922268240802376,564.5013756422466,0,68.44681983618003,1,True
304,060,13.0789407,80.2820326,9572798777,660,0.8221716847254309,real_osm_road_node,synthetic,S09,hypothetical community bins,0.0,9572798777,True,1296.6572181569472,11.922268240802376,571.0947947264785,0,79.6893271743615,1,True
286,057,13.0928369,80.2770742,258915973,660,0.9512419400223653,real_osm_road_node,synthetic,S09,hypothetical community bins,0.0,258915973,True,1321.7881615100519,355.9951452844485,227.65314692014223,31,262.7126781007226,1,True
291,058,13.0868898,80.2591714,333218928,660,0.8451156604246636,real_osm_road_node,synthetic,S09,hypothetical community bins,0.0,333218928,True,1332.7210952697774,585.1333635389702,557.0915994155503,0,387.99515935560225,1,True
318,063,13.07088,80.2662029,2241930178,1100,0.7516028326194756,real_osm_road_node,synthetic,S09,hypothetical community bins,0.0,2241930178,True,1401.6781162173952,241.8035472631806,119.9884075580401,1,240.22757776272803,1,True
390,077,13.0944743,80.2646032,11721802858,660,1.0537963435678375,real_osm_road_node,synthetic,S09,hypothetical community bins,0.0,11721802858,True,1466.3355343166406,245.9437342194425,430.62087344543386,1,152.36168137906802,1,True
309,061,13.0752735,80.258292,11495672521,660,1.597559823279533,real_osm_road_node,synthetic,S09,hypothetical community bins,16.821914803933847,11495672519,True,1577.351299830556,142.43889253295626,29.551479956686954,9,90.25335867428038,1,True
308,061,13.0783742,80.2566557,11495672414,660,0.7368450388140305,real_osm_road_node,synthetic,S09,hypothetical community bins,89.86455778334076,11495672462,True,1595.3739064234903,386.0939661059337,355.09651419486136,4,250.00140648618623,1,True
317,063,13.0692218,80.2647493,266204304,660,1.1466515486991522,real_osm_road_node,synthetic,S09,hypothetical community bins,0.0,266204304,True,1631.423892633463,241.8035472631806,214.20442648561257,1,83.09666196191273,1,True
271,054,13.0960454,80.2773379,254149580,1100,0.7761852838721673,real_osm_road_node,synthetic,S09,hypothetical community bins,0.0,254149580,True,1648.9181790461607,218.55445459303374,250.3900870262534,31,325.4876913977066,1,True
287,057,13.0906827,80.2838594,258916949,660,0.9396256309248525,real_osm_road_node,synthetic,S09,hypothetical community bins,0.0,258916949,True,1679.0624785925738,153.7712433378562,179.92905766772748,21,847.4257090878649,1,True
383,076,13.0944897,80.2610002,610963202,1100,1.0739280332695584,real_osm_road_node,synthetic,S09,hypothetical community bins,0.0,610963202,True,1679.9567482562854,272.2836223115787,232.4010160963131,3,4.450781044976246,1,True
392,078,13.0930358,80.2589733,11363829211,660,0.8684106423181094,real_osm_road_node,synthetic,S09,hypothetical community bins,14.552573787798448,11363847025,True,1712.8813185659274,272.2836223115787,171.98452360696922,3,203.0868840537852,1,True
498,099,13.0816468,80.2546839,611733904,1100,1.4117342709209049,real_osm_road_node,synthetic,S09,hypothetical community bins,0.0,611733904,True,1738.6367600761605,420.3529199579936,466.2249599375061,1,134.42331197947348,1,True
386,077,13.097619,80.2646734,610828268,1100,0.915205935683571,real_osm_road_node,synthetic,S09,hypothetical community bins,0.0,610828268,True,1782.7062433353328,254.12735495087074,538.6681630168647,0,54.874899509109134,1,True
288,057,13.092034,80.2841934,3672798658,1100,0.9304341958021762,real_osm_road_node,synthetic,S09,hypothetical community bins,0.0,3672798658,True,1792.4813115051813,153.7712433378562,133.04257924632913,22,953.4759194111531,1,True
275,054,13.0966335,80.2792626,10943490871,660,1.4142464242464154,real_osm_road_node,synthetic,S09,hypothetical community bins,0.0,10943490871,True,1805.6767607931056,167.6430525905046,76.39289888951117,33,539.9472115916556,1,True
273,054,13.0979671,80.2766899,603480749,1100,1.0478968258608325,real_osm_road_node,synthetic,S09,hypothetical community bins,0.0,603480749,True,1817.357809539439,166.8505280074965,296.16894637524086,22,435.6022128700087,1,True
299,059,13.0662883,80.2689925,11786022493,240,1.1367567739467177,real_osm_road_node,synthetic,S09,hypothetical community bins,0.0,11786022493,True,1834.2453393166722,382.45351939883597,101.19080494186346,3,560.6824638471546,1,True
276,055,13.0967028,80.2808074,254149753,660,1.0508888833804035,real_osm_road_node,synthetic,S09,hypothetical community bins,0.0,254149753,True,1903.3441478588172,167.6430525905046,66.79525464779336,35,478.6611240171713,1,True
290,057,13.0941505,80.2840665,10933187062,660,0.8117080782455085,real_osm_road_node,synthetic,S09,hypothetical community bins,0.0,10933187062,True,1927.9261007271261,234.47880592562578,32.502352676628654,32,720.0813172593546,1,True
272,054,13.0990948,80.2777123,254149629,660,1.0638447921847947,real_osm_road_node,synthetic,S09,hypothetical community bins,0.0,254149629,True,1974.889646470211,166.8505280074965,174.28912137790908,17,383.82837021962916,1,True
574,114,13.0679422,80.2814764,663690632,660,0.8991099070881472,real_osm_road_node,synthetic,S09,hypothetical community bins,0.0,663690632,True,2013.7637250157175,380.6767758620422,565.8761722718804,0,106.47532281487415,1,True
367,073,13.0999166,80.2646422,610828377,1100,1.3746931799719624,real_osm_road_node,synthetic,S09,hypothetical community bins,0.0,610828377,True,2023.7035572778739,254.12735495087074,528.3233373895557,0,148.38926389927076,1,True
571,114,13.0645892,80.2725821,259057575,660,0.7920774515643265,real_osm_road_node,synthetic,S09,hypothetical community bins,0.0,259057575,True,2024.1206983353038,188.52013179748704,158.26951524742674,12,262.8876135402266,1,True
387,077,13.0989285,80.2619798,610828324,660,0.7713477441986575,real_osm_road_node,synthetic,S09,hypothetical community bins,0.0,610828324,True,2036.7351850725252,308.6171445149876,227.6627267717886,1,159.29375418554562,1,True
496,099,13.0893314,80.2530827,254498097,660,1.542345306944786,real_osm_road_node,synthetic,S09,hypothetical community bins,0.0,254498097,True,2045.6065926001668,178.30104183652796,404.14584941978643,1,235.37398312930756,1,True
301,060,13.0858778,80.2893593,30237373,660,0.6741685213183516,real_osm_road_node,synthetic,S09,hypothetical community bins,0.0,30237373,True,2051.611988744412,798.6850471318056,343.3598131782965,7,1052.6053960978088,1,True
320,063,13.0643256,80.2658662,12625054048,240,1.3203679203543066,real_osm_road_node,synthetic,S09,hypothetical community bins,0.0,12625054048,True,2109.155999808728,381.55239021413723,87.90617392564302,3,364.75575007864927,1,True
362,072,13.101686,80.270563,610889125,660,1.3596641829653078,real_osm_road_node,synthetic,S09,hypothetical community bins,0.0,610889125,True,2111.1990185047866,454.9606460625801,409.8867068335568,2,404.6035235645004,1,True
384,076,13.092141,80.2536877,2174581506,660,1.0942711359758182,real_osm_road_node,synthetic,S09,hypothetical community bins,0.0,2174581506,True,2120.622280909057,109.06612268433541,699.8069928812914,0,394.01858266079614,1,True
572,114,13.0635775,80.2711827,259057716,660,1.2183721685089337,real_osm_road_node,synthetic,S09,hypothetical community bins,0.0,259057716,True,2126.9676582941656,188.52013179748704,252.31852904732196,8,398.23677906413366,1,True
381,076,13.0913878,80.2530383,276518300,1100,1.6097549036244296,real_osm_road_node,synthetic,S09,hypothetical community bins,0.0,276518300,True,2142.9782557257404,109.06612268433541,626.3847959387175,0,286.72321807299585,1,True
277,055,13.0960277,80.2853832,258917053,240,0.8720367899266653,real_osm_road_node,synthetic,S09,hypothetical community bins,0.0,258917053,True,2173.757726341648,166.0533593819492,170.85990840307295,16,567.4078419509167,1,True
280,055,13.0986565,80.2827221,9913683221,660,0.9235048918050983,real_osm_road_node,synthetic,S09,hypothetical community bins,0.0,9913683221,True,2200.779045754678,299.6168668085255,69.9872214099186,32,212.30426190161404,1,True
497,099,13.089127,80.2514513,344454478,660,0.9598686471769168,real_osm_road_node,synthetic,S09,hypothetical community bins,0.0,344454478,True,2203.863953956816,178.30104183652796,467.40123093530974,1,61.0345646585779,1,True
382,076,13.0966674,80.2556261,344454283,660,0.7104407008248361,real_osm_road_node,synthetic,S09,hypothetical community bins,0.0,344454283,True,2253.3266442944796,247.96352080696448,523.1820490259602,0,416.5552756815646,1,True
279,055,13.0975291,80.2853706,3672805778,660,1.0119399659667303,real_osm_road_node,synthetic,S09,hypothetical community bins,0.0,3672805778,True,2289.883260835111,108.62426388373993,29.154219053360922,17,426.6600912992058,1,True
