bin_id,service_date_local,zone_id,fill_level_pct,weight_kg,collection_status,sensor_status,capacity_l,data_origin
1,2026-01-01,001,43.45000076293945,34.599998474121094,none,ok,660,synthetic
2,2026-01-01,001,31.989999771118164,25.375999450683594,none,ok,660,synthetic
3,2026-01-01,001,36.650001525878906,28.110000610351562,none,ok,660,synthetic
4,2026-01-01,001,17.520000457763672,15.435999870300293,none,ok,660,synthetic
5,2026-01-01,001,23.40999984741211,31.27400016784668,none,ok,1100,synthetic
6,2026-01-01,002,50.47999954223633,67.08999633789062,none,ok,1100,synthetic
7,2026-01-01,002,17.479999542236328,15.616000175476074,none,ok,660,synthetic
8,2026-01-01,002,13.1899995803833,18.309999465942383,none,ok,1100,synthetic
9,2026-01-01,002,19.59000015258789,13.067000389099121,none,ok,660,synthetic
10,2026-01-01,002,32.79999923706055,25.573999404907227,none,ok,660,synthetic
11,2026-01-01,003,38.68000030517578,28.996999740600586,none,ok,660,synthetic
12,2026-01-01,003,19.049999237060547,16.927000045776367,none,ok,660,synthetic
13,2026-01-01,003,47.79999923706055,76.4729995727539,none,stuck,1100,synthetic
14,2026-01-01,003,33.45000076293945,25.374000549316406,none,ok,660,synthetic
15,2026-01-01,003,32.849998474121094,28.691999435424805,none,ok,660,synthetic
16,2026-01-01,004,43.130001068115234,33.68299865722656,none,ok,660,synthetic
17,2026-01-01,004,38.38999938964844,30.618999481201172,none,ok,660,synthetic
18,2026-01-01,004,17.389999389648438,20.826000213623047,none,ok,1100,synthetic
19,2026-01-01,004,27.829999923706055,38.38399887084961,none,ok,1100,synthetic
20,2026-01-01,004,43.310001373291016,57.43899917602539,none,ok,1100,synthetic
21,2026-01-01,005,43.209999084472656,55.57500076293945,none,ok,1100,synthetic
22,2026-01-01,005,33.61000061035156,10.211000442504883,none,ok,240,synthetic
23,2026-01-01,005,28.139999389648438,7.548999786376953,none,ok,240,synthetic
24,2026-01-01,005,43.7599983215332,36.470001220703125,none,ok,660,synthetic
25,2026-01-01,005,52.970001220703125,42.44499969482422,none,ok,660,synthetic
26,2026-01-01,006,12.369999885559082,11.230999946594238,none,ok,660,synthetic
27,2026-01-01,006,37.7400016784668,48.67499923706055,none,ok,1100,synthetic
28,2026-01-01,006,20.790000915527344,18.047000885009766,none,ok,660,synthetic
29,2026-01-01,006,24.600000381469727,36.42599868774414,none,ok,1100,synthetic
30,2026-01-01,006,33.459999084472656,25.496000289916992,none,ok,660,synthetic
31,2026-01-01,007,51.15999984741211,39.85300064086914,none,ok,660,synthetic
32,2026-01-01,007,24.3700008392334,35.279998779296875,none,ok,1100,synthetic
33,2026-01-01,007,26.700000762939453,21.624000549316406,none,ok,660,synthetic
34,2026-01-01,007,28.760000228881836,22.900999069213867,none,ok,660,synthetic
35,2026-01-01,007,45.75,36.284000396728516,none,ok,660,synthetic
36,2026-01-01,008,26.579999923706055,38.08599853515625,none,ok,1100,synthetic
37,2026-01-01,008,17.81999969482422,16.308000564575195,none,ok,660,synthetic
38,2026-01-01,008,30.309999465942383,23.683000564575195,none,ok,660,synthetic
39,2026-01-01,008,21.770000457763672,25.05299949645996,none,ok,1100,synthetic
40,2026-01-01,008,24.190000534057617,29.07699966430664,none,ok,1100,synthetic
41,2026-01-01,009,36.939998626708984,29.42300033569336,none,ok,660,synthetic
42,2026-01-01,009,31.8799991607666,40.284000396728516,none,ok,1100,synthetic
43,2026-01-01,009,23.65999984741211,7.953000068664551,none,ok,240,synthetic
44,2026-01-01,009,42.029998779296875,12.880999565124512,none,ok,240,synthetic
45,2026-01-01,009,32.63999938964844,43.111000061035156,none,ok,1100,synthetic
46,2026-01-01,010,36.90999984741211,28.780000686645508,none,ok,660,synthetic
47,2026-01-01,010,21.860000610351562,29.809999465942383,none,ok,1100,synthetic
48,2026-01-01,010,17.3799991607666,21.20400047302246,none,ok,1100,synthetic
49,2026-01-01,010,25.030000686645508,6.656000137329102,none,ok,240,synthetic
50,2026-01-01,010,44.130001068115234,53.65399932861328,none,ok,1100,synthetic
1,2026-01-02,001,6.050000190734863,4.190000057220459,collected,ok,660,synthetic
2,2026-01-02,001,43.150001525878906,33.569000244140625,partial,ok,660,synthetic
3,2026-01-02,001,68.1500015258789,52.198001861572266,none,ok,660,synthetic
4,2026-01-02,001,54.7599983215332,45.75699996948242,none,ok,660,synthetic
5,2026-01-02,001,60.630001068115234,83.2229995727539,none,ok,1100,synthetic
6,2026-01-02,002,5.179999828338623,6.038000106811523,collected,ok,1100,synthetic
7,2026-01-02,002,68.5999984741211,55.994998931884766,none,ok,660,synthetic
8,2026-01-02,002,54.939998626708984,74.36699676513672,none,ok,1100,synthetic
9,2026-01-02,002,49.34000015258789,38.327999114990234,none,ok,660,synthetic
10,2026-01-02,002,53.599998474121094,42.75199890136719,none,ok,660,synthetic
11,2026-01-02,003,67.04000091552734,54.72200012207031,none,ok,660,synthetic
12,2026-01-02,003,68.68000030517578,56.63199996948242,none,ok,660,synthetic
13,2026-01-02,003,6.179999828338623,6.2230000495910645,collected,ok,1100,synthetic
14,2026-01-02,003,3.5999999046325684,3.260999917984009,collected,ok,660,synthetic
15,2026-01-02,003,5.239999771118164,3.2739999294281006,collected,ok,660,synthetic
16,2026-01-02,004,7.409999847412109,3.4019999504089355,collected,ok,660,synthetic
17,2026-01-02,004,4.159999847412109,3.944999933242798,collected,ok,660,synthetic
18,2026-01-02,004,56.22999954223633,76.77999877929688,none,ok,1100,synthetic
19,2026-01-02,004,7.090000152587891,4.940999984741211,collected,ok,1100,synthetic
20,2026-01-02,004,5.309999942779541,5.895999908447266,collected,ok,1100,synthetic
21,2026-01-02,005,4.929999828338623,6.526000022888184,collected,ok,1100,synthetic
22,2026-01-02,005,5.179999828338623,1.9010000228881836,collected,ok,240,synthetic
23,2026-01-02,005,3.869999885559082,1.8930000066757202,collected,ok,240,synthetic
24,2026-01-02,005,5.239999771118164,3.8489999771118164,collected,ok,660,synthetic
25,2026-01-02,005,0.30000001192092896,4.104000091552734,collected,ok,660,synthetic
26,2026-01-02,006,51.560001373291016,42.61800003051758,none,ok,660,synthetic
27,2026-01-02,006,69.98999786376953,95.40399932861328,none,ok,1100,synthetic
28,2026-01-02,006,7.130000114440918,3.1579999923706055,collected,ok,660,synthetic
29,2026-01-02,006,54.650001525878906,69.31300354003906,none,ok,1100,synthetic
30,2026-01-02,006,70.23999786376953,53.4640007019043,none,ok,660,synthetic
31,2026-01-02,007,0.3400000035762787,3.440000057220459,collected,ok,660,synthetic
32,2026-01-02,007,68.08000183105469,87.83300018310547,none,ok,1100,synthetic
33,2026-01-02,007,65.86000061035156,51.095001220703125,none,ok,660,synthetic
34,2026-01-02,007,4.519999980926514,3.3940000534057617,collected,ok,660,synthetic
35,2026-01-02,007,1.2400000095367432,3.989000082015991,collected,ok,660,synthetic
36,2026-01-02,008,60.88999938964844,78.177001953125,none,ok,1100,synthetic
37,2026-01-02,008,46.63999938964844,36.97999954223633,none,ok,660,synthetic
38,2026-01-02,008,4.769999980926514,2.628999948501587,collected,ok,660,synthetic
39,2026-01-02,008,51.15999984741211,67.05500030517578,none,ok,1100,synthetic
40,2026-01-02,008,56.189998626708984,75.06900024414062,none,ok,1100,synthetic
41,2026-01-02,009,5.110000133514404,3.8540000915527344,collected,ok,660,synthetic
42,2026-01-02,009,2.4000000953674316,6.830999851226807,collected,ok,1100,synthetic
43,2026-01-02,009,4.71999979019165,1.0609999895095825,collected,ok,240,synthetic
44,2026-01-02,009,0.8199999928474426,1.2430000305175781,collected,ok,240,synthetic
45,2026-01-02,009,5.130000114440918,5.381999969482422,collected,ok,1100,synthetic
46,2026-01-02,010,4.110000133514404,3.2809998989105225,collected,ok,660,synthetic
47,2026-01-02,010,70.08999633789062,90.64900207519531,none,ok,1100,synthetic
48,2026-01-02,010,45.470001220703125,59.638999938964844,none,ok,1100,synthetic
49,2026-01-02,010,4.019999980926514,1.7070000171661377,collected,ok,240,synthetic
50,2026-01-02,010,3.6500000953674316,4.4629998207092285,collected,ok,1100,synthetic
1,2026-01-03,001,4.099999904632568,3.4179999828338623,collected,ok,660,synthetic
2,2026-01-03,001,6.090000152587891,4.138999938964844,collected,ok,660,synthetic
3,2026-01-03,001,3.490000009536743,4.072000026702881,collected,ok,660,synthetic
4,2026-01-03,001,46.630001068115234,36.02799987792969,partial,ok,660,synthetic
5,2026-01-03,001,4.059999942779541,6.75,collected,ok,1100,synthetic
6,2026-01-03,002,3.4800000190734863,5.454999923706055,collected,ok,1100,synthetic
7,2026-01-03,002,6.210000038146973,4.236000061035156,collected,ok,660,synthetic
8,2026-01-03,002,4.349999904632568,6.368000030517578,collected,ok,1100,synthetic
9,2026-01-03,002,4.690000057220459,2.5739998817443848,collected,ok,660,synthetic
10,2026-01-03,002,7.900000095367432,2.8970000743865967,collected,ok,660,synthetic
11,2026-01-03,003,4.400000095367432,4.302000045776367,collected,ok,660,synthetic
12,2026-01-03,003,0.75,3.8970000743865967,collected,ok,660,synthetic
13,2026-01-03,003,79.25,103.52799987792969,missed,ok,1100,synthetic
14,2026-01-03,003,34.86000061035156,27.125,none,ok,660,synthetic
15,2026-01-03,003,65.97000122070312,53.12300109863281,none,ok,660,synthetic
16,2026-01-03,004,43.65999984741211,37.92399978637695,none,ok,660,synthetic
17,2026-01-03,004,3.0799999237060547,2.703000068664551,collected,ok,660,synthetic
18,2026-01-03,004,7.25,6.796999931335449,collected,ok,1100,synthetic
19,2026-01-03,004,45.34000015258789,57.8849983215332,none,ok,1100,synthetic
20,2026-01-03,004,37.31999969482422,50.013999938964844,none,ok,1100,synthetic
21,2026-01-03,005,68.80999755859375,89.22799682617188,none,ok,1100,synthetic
22,2026-01-03,005,53.04999923706055,15.744000434875488,none,ok,240,synthetic
23,2026-01-03,005,44.7599983215332,12.057000160217285,none,ok,240,synthetic
24,2026-01-03,005,1.399999976158142,3.5139999389648438,collected,ok,660,synthetic
25,2026-01-03,005,7.829999923706055,4.423999786376953,collected,ok,660,synthetic
26,2026-01-03,006,4.579999923706055,3.8480000495910645,collected,ok,660,synthetic
27,2026-01-03,006,2.0399999618530273,6.679999828338623,collected,ok,1100,synthetic
28,2026-01-03,006,61.59000015258789,46.25,none,ok,660,synthetic
29,2026-01-03,006,4.260000228881836,4.752999782562256,collected,ok,1100,synthetic
30,2026-01-03,006,5.360000133514404,4.039999961853027,collected,ok,660,synthetic
31,2026-01-03,007,48.90999984741211,39.733001708984375,none,ok,660,synthetic
32,2026-01-03,007,5.940000057220459,6.854000091552734,collected,ok,1100,synthetic
33,2026-01-03,007,6.880000114440918,3.256999969482422,collected,ok,660,synthetic
34,2026-01-03,007,41.5099983215332,34.027000427246094,none,ok,660,synthetic
35,2026-01-03,007,56.529998779296875,45.952999114990234,none,ok,660,synthetic
36,2026-01-03,008,4.21999979019165,5.75600004196167,collected,ok,1100,synthetic
37,2026-01-03,008,5.599999904632568,2.6389999389648438,collected,ok,660,synthetic
38,2026-01-03,008,44.310001373291016,38.73099899291992,none,ok,660,synthetic
39,2026-01-03,008,7.050000190734863,5.785999774932861,collected,ok,1100,synthetic
40,2026-01-03,008,3.759999990463257,6.757999897003174,collected,ok,1100,synthetic
41,2026-01-03,009,59.36000061035156,49.172000885009766,none,ok,660,synthetic
42,2026-01-03,009,36.9900016784668,48.75899887084961,none,ok,1100,synthetic
43,2026-01-03,009,62.83000183105469,17.909000396728516,none,ok,240,synthetic
44,2026-01-03,009,60.810001373291016,18.145000457763672,none,ok,240,synthetic
45,2026-01-03,009,50.88999938964844,64.6969985961914,none,ok,1100,synthetic
46,2026-01-03,010,37.7400016784668,30.569000244140625,none,ok,660,synthetic
47,2026-01-03,010,5.760000228881836,6.710000038146973,collected,ok,1100,synthetic
48,2026-01-03,010,5.389999866485596,5.552000045776367,collected,ok,1100,synthetic
49,2026-01-03,010,65.37000274658203,17.86400032043457,none,ok,240,synthetic
50,2026-01-03,010,54.2400016784668,67.50599670410156,none,ok,1100,synthetic
1,2026-01-04,001,53.290000915527344,42.98400115966797,none,ok,660,synthetic
2,2026-01-04,001,65.95999908447266,53.75299835205078,none,ok,660,synthetic
3,2026-01-04,001,33.970001220703125,28.320999145507812,none,ok,660,synthetic
4,2026-01-04,001,2.950000047683716,3.427000045776367,collected,ok,660,synthetic
5,2026-01-04,001,5.289999961853027,5.8379998207092285,collected,ok,1100,synthetic
6,2026-01-04,002,5.460000038146973,4.359000205993652,collected,ok,1100,synthetic
7,2026-01-04,002,5.800000190734863,3.4760000705718994,collected,ok,660,synthetic
8,2026-01-04,002,54.2400016784668,67.55699920654297,none,ok,1100,synthetic
9,2026-01-04,002,31.540000915527344,25.503000259399414,none,ok,660,synthetic
10,2026-01-04,002,48.40999984741211,39.183998107910156,none,ok,660,synthetic
11,2026-01-04,003,66.7300033569336,55.96099853515625,none,ok,660,synthetic
12,2026-01-04,003,55.029998779296875,44.875999450683594,none,ok,660,synthetic
13,2026-01-04,003,2.2200000286102295,6.810999870300293,collected,ok,1100,synthetic
14,2026-01-04,003,5.159999847412109,3.430000066757202,collected,ok,660,synthetic
15,2026-01-04,003,5.320000171661377,3.694000005722046,collected,ok,660,synthetic
16,2026-01-04,004,,,collected,missing,660,synthetic
17,2026-01-04,004,1.7999999523162842,4.056000232696533,collected,ok,660,synthetic
18,2026-01-04,004,,,none,missing,1100,synthetic
19,2026-01-04,004,5.380000114440918,6.111000061035156,collected,ok,1100,synthetic
20,2026-01-04,004,3.930000066757202,5.313000202178955,collected,ok,1100,synthetic
21,2026-01-04,005,5.760000228881836,6.173999786376953,collected,ok,1100,synthetic
22,2026-01-04,005,7.230000019073486,1.2970000505447388,collected,ok,240,synthetic
23,2026-01-04,005,5.739999771118164,1.3209999799728394,collected,ok,240,synthetic
24,2026-01-04,005,4.389999866485596,4.267000198364258,collected,ok,660,synthetic
25,2026-01-04,005,5.190000057220459,4.422999858856201,collected,ok,660,synthetic
26,2026-01-04,006,55.13999938964844,39.45500183105469,none,ok,660,synthetic
27,2026-01-04,006,41.380001068115234,56.946998596191406,none,ok,1100,synthetic
28,2026-01-04,006,8.920000076293945,3.1549999713897705,collected,ok,660,synthetic
29,2026-01-04,006,43.68000030517578,70.51899719238281,none,stuck,1100,synthetic
30,2026-01-04,006,58.93000030517578,43.37200164794922,none,ok,660,synthetic
31,2026-01-04,007,5.139999866485596,3.796999931335449,collected,ok,660,synthetic
32,2026-01-04,007,54.61000061035156,69.99600219726562,none,ok,1100,synthetic
33,2026-01-04,007,44.310001373291016,34.7400016784668,none,ok,660,synthetic
34,2026-01-04,007,1.2899999618530273,3.4660000801086426,collected,ok,660,synthetic
35,2026-01-04,007,1.6299999952316284,3.921999931335449,collected,ok,660,synthetic
36,2026-01-04,008,33.560001373291016,43.720001220703125,none,ok,1100,synthetic
37,2026-01-04,008,26.450000762939453,21.951000213623047,none,ok,660,synthetic
38,2026-01-04,008,4.960000038146973,3.313999891281128,collected,ok,660,synthetic
39,2026-01-04,008,42.41999816894531,58.24800109863281,none,ok,1100,synthetic
40,2026-01-04,008,61.130001068115234,76.94100189208984,none,ok,1100,synthetic
41,2026-01-04,009,0.5799999833106995,4.10099983215332,collected,ok,660,synthetic
42,2026-01-04,009,90.91999816894531,125.65299987792969,missed,ok,1100,synthetic
43,2026-01-04,009,4.119999885559082,1.2009999752044678,collected,ok,240,synthetic
44,2026-01-04,009,6.409999847412109,1.7319999933242798,collected,ok,240,synthetic
45,2026-01-04,009,5.809999942779541,6.940000057220459,collected,ok,1100,synthetic
46,2026-01-04,010,4.650000095367432,4.051000118255615,collected,ok,660,synthetic
47,2026-01-04,010,66.91000366210938,90.9990005493164,none,ok,1100,synthetic
48,2026-01-04,010,49.54999923706055,63.42900085449219,none,ok,1100,synthetic
49,2026-01-04,010,97.5,29.378999710083008,missed,ok,240,synthetic
50,2026-01-04,010,7.420000076293945,5.264999866485596,collected,ok,1100,synthetic
1,2026-01-05,001,4.460000038146973,3.865999937057495,collected,ok,660,synthetic
2,2026-01-05,001,7.050000190734863,4.434000015258789,collected,ok,660,synthetic
3,2026-01-05,001,3.640000104904175,2.5929999351501465,collected,ok,660,synthetic
4,2026-01-05,001,45.02000045776367,35.24700164794922,none,ok,660,synthetic
5,2026-01-05,001,38.2400016784668,53.90999984741211,none,ok,1100,synthetic
6,2026-01-05,002,46.70000076293945,60.04199981689453,none,ok,1100,synthetic
7,2026-01-05,002,55.36000061035156,43.76900100708008,none,ok,660,synthetic
8,2026-01-05,002,6.119999885559082,6.178999900817871,collected,ok,1100,synthetic
9,2026-01-05,002,1.399999976158142,2.2070000171661377,collected,ok,660,synthetic
10,2026-01-05,002,87.33999633789062,67.56199645996094,missed,ok,660,synthetic
11,2026-01-05,003,2.109999895095825,3.9779999256134033,collected,ok,660,synthetic
12,2026-01-05,003,97.56999969482422,77.2300033569336,missed,ok,660,synthetic
13,2026-01-05,003,0.0,4.925000190734863,collected,ok,1100,synthetic
14,2026-01-05,003,39.79999923706055,31.861000061035156,none,ok,660,synthetic
15,2026-01-05,003,67.5999984741211,49.779998779296875,none,ok,660,synthetic
16,2026-01-05,004,51.04999923706055,41.81399917602539,none,ok,660,synthetic
17,2026-01-05,004,,,collected,missing,660,synthetic
18,2026-01-05,004,4.96999979019165,6.38700008392334,collected,ok,1100,synthetic
19,2026-01-05,004,54.59000015258789,68.31700134277344,none,ok,1100,synthetic
20,2026-01-05,004,65.86000061035156,86.40299987792969,none,ok,1100,synthetic
21,2026-01-05,005,1.3899999856948853,5.238999843597412,collected,ok,1100,synthetic
22,2026-01-05,005,4.059999942779541,0.48399999737739563,collected,ok,240,synthetic
23,2026-01-05,005,1.6399999856948853,1.090999960899353,collected,ok,240,synthetic
24,2026-01-05,005,8.569999694824219,3.2070000171661377,collected,ok,660,synthetic
25,2026-01-05,005,5.639999866485596,4.061999797821045,collected,ok,660,synthetic
26,2026-01-05,006,4.679999828338623,4.5269999504089355,collected,ok,660,synthetic
27,2026-01-05,006,7.159999847412109,6.863999843597412,collected,ok,1100,synthetic
28,2026-01-05,006,52.540000915527344,42.99100112915039,none,ok,660,synthetic
29,2026-01-05,006,5.619999885559082,6.327000141143799,collected,ok,1100,synthetic
30,2026-01-05,006,4.840000152587891,4.007999897003174,collected,ok,660,synthetic
31,2026-01-05,007,59.849998474121094,46.77199935913086,none,ok,660,synthetic
32,2026-01-05,007,6.320000171661377,5.126999855041504,collected,ok,1100,synthetic
33,2026-01-05,007,5.150000095367432,4.059000015258789,collected,ok,660,synthetic
34,2026-01-05,007,62.630001068115234,47.66600036621094,none,ok,660,synthetic
35,2026-01-05,007,42.150001525878906,35.1619987487793,none,ok,660,synthetic
36,2026-01-05,008,4.010000228881836,4.511000156402588,collected,ok,1100,synthetic
37,2026-01-05,008,5.260000228881836,2.302999973297119,collected,ok,660,synthetic
38,2026-01-05,008,45.540000915527344,38.72600173950195,none,ok,660,synthetic
39,2026-01-05,008,5.309999942779541,5.630000114440918,collected,ok,1100,synthetic
40,2026-01-05,008,4.269999980926514,5.664999961853027,collected,ok,1100,synthetic
41,2026-01-05,009,7.21999979019165,4.0320000648498535,collected,ok,660,synthetic
42,2026-01-05,009,5.179999828338623,6.645999908447266,collected,ok,1100,synthetic
43,2026-01-05,009,51.349998474121094,16.239999771118164,none,ok,240,synthetic
44,2026-01-05,009,48.52000045776367,14.133999824523926,none,ok,240,synthetic
45,2026-01-05,009,71.33999633789062,92.86699676513672,none,ok,1100,synthetic
46,2026-01-05,010,5.130000114440918,3.75600004196167,collected,ok,660,synthetic
47,2026-01-05,010,5.150000095367432,5.5269999504089355,collected,ok,1100,synthetic
48,2026-01-05,010,2.4100000858306885,6.2170000076293945,collected,ok,1100,synthetic
49,2026-01-05,010,3.5999999046325684,1.5499999523162842,collected,ok,240,synthetic
50,2026-01-05,010,50.75,64.44300079345703,none,ok,1100,synthetic
1,2026-01-06,001,51.86000061035156,39.9739990234375,none,ok,660,synthetic
2,2026-01-06,001,58.13999938964844,48.87300109863281,none,ok,660,synthetic
3,2026-01-06,001,48.650001525878906,34.7400016784668,none,ok,660,synthetic
4,2026-01-06,001,4.789999961853027,3.6989998817443848,collected,ok,660,synthetic
5,2026-01-06,001,4.369999885559082,4.300000190734863,collected,ok,1100,synthetic
6,2026-01-06,002,5.800000190734863,6.666999816894531,collected,ok,1100,synthetic
7,2026-01-06,002,3.859999895095825,4.124000072479248,collected,ok,660,synthetic
8,2026-01-06,002,61.86000061035156,77.7490005493164,none,ok,1100,synthetic
9,2026-01-06,002,26.440000534057617,23.291000366210938,none,ok,660,synthetic
10,2026-01-06,002,4.139999866485596,4.099999904632568,collected,ok,660,synthetic
11,2026-01-06,003,72.69999694824219,56.53300094604492,none,ok,660,synthetic
12,2026-01-06,003,3.5299999713897705,4.544000148773193,collected,ok,660,synthetic
13,2026-01-06,003,3.4200000762939453,5.468999862670898,collected,ok,1100,synthetic
14,2026-01-06,003,2.4800000190734863,3.0850000381469727,collected,ok,660,synthetic
15,2026-01-06,003,10.050000190734863,3.7160000801086426,collected,ok,660,synthetic
16,2026-01-06,004,5.110000133514404,3.759999990463257,collected,ok,660,synthetic
17,2026-01-06,004,52.529998779296875,38.56100082397461,partial,ok,660,synthetic
18,2026-01-06,004,46.15999984741211,67.65299987792969,none,ok,1100,synthetic
19,2026-01-06,004,93.87000274658203,123.98799896240234,missed,ok,1100,synthetic
20,2026-01-06,004,4.380000114440918,6.8470001220703125,collected,ok,1100,synthetic
21,2026-01-06,005,41.4900016784668,53.233001708984375,none,ok,1100,synthetic
22,2026-01-06,005,68.58000183105469,20.48699951171875,none,ok,240,synthetic
23,2026-01-06,005,44.470001220703125,12.388999938964844,none,ok,240,synthetic
24,2026-01-06,005,5.46999979019165,4.044000148773193,collected,ok,660,synthetic
25,2026-01-06,005,100.0,79.0270004272461,missed,ok,660,synthetic
26,2026-01-06,006,38.20000076293945,30.13800048828125,none,ok,660,synthetic
27,2026-01-06,006,47.869998931884766,64.44300079345703,none,ok,1100,synthetic
28,2026-01-06,006,5.550000190734863,4.0920000076293945,collected,ok,660,synthetic
29,2026-01-06,006,32.75,45.23699951171875,none,ok,1100,synthetic
30,2026-01-06,006,50.29999923706055,39.92900085449219,none,ok,660,synthetic
31,2026-01-06,007,6.889999866485596,4.285999774932861,collected,ok,660,synthetic
32,2026-01-06,007,66.30999755859375,88.072998046875,none,ok,1100,synthetic
33,2026-01-06,007,54.599998474121094,43.729000091552734,none,ok,660,synthetic
34,2026-01-06,007,9.65999984741211,3.928999900817871,collected,ok,660,synthetic
35,2026-01-06,007,3.4000000953674316,4.02400016784668,collected,ok,660,synthetic
36,2026-01-06,008,28.209999084472656,35.96500015258789,none,ok,1100,synthetic
37,2026-01-06,008,26.59000015258789,17.378000259399414,none,ok,660,synthetic
38,2026-01-06,008,3.75,3.255000114440918,collected,ok,660,synthetic
39,2026-01-06,008,32.29999923706055,38.2239990234375,none,ok,1100,synthetic
40,2026-01-06,008,33.7599983215332,47.0880012512207,none,ok,1100,synthetic
41,2026-01-06,009,44.459999084472656,35.479000091552734,none,ok,660,synthetic
42,2026-01-06,009,51.58000183105469,66.1969985961914,none,ok,1100,synthetic
43,2026-01-06,009,3.700000047683716,1.4850000143051147,collected,ok,240,synthetic
44,2026-01-06,009,3.6500000953674316,1.628000020980835,collected,ok,240,synthetic
45,2026-01-06,009,6.900000095367432,6.670000076293945,collected,ok,1100,synthetic
46,2026-01-06,010,67.0199966430664,50.19900131225586,none,ok,660,synthetic
47,2026-01-06,010,59.08000183105469,77.37100219726562,none,ok,1100,synthetic
48,2026-01-06,010,23.649999618530273,31.674999237060547,none,ok,1100,synthetic
49,2026-01-06,010,68.83999633789062,19.400999069213867,none,ok,240,synthetic
50,2026-01-06,010,6.010000228881836,6.111000061035156,collected,ok,1100,synthetic
1,2026-01-07,001,4.929999828338623,4.927999973297119,collected,ok,660,synthetic
2,2026-01-07,001,3.190000057220459,4.089000225067139,collected,ok,660,synthetic
3,2026-01-07,001,4.289999961853027,2.6700000762939453,collected,ok,660,synthetic
4,2026-01-07,001,50.97999954223633,39.54100036621094,none,ok,660,synthetic
5,2026-01-07,001,38.90999984741211,53.481998443603516,none,ok,1100,synthetic
6,2026-01-07,002,51.25,68.10299682617188,none,ok,1100,synthetic
7,2026-01-07,002,4.380000114440918,3.6419999599456787,collected,ok,660,synthetic
8,2026-01-07,002,7.539999961853027,6.34499979019165,collected,ok,1100,synthetic
9,2026-01-07,002,1.8899999856948853,2.802000045776367,collected,ok,660,synthetic
10,2026-01-07,002,35.2400016784668,25.673999786376953,none,ok,660,synthetic
11,2026-01-07,003,1.6299999952316284,3.8469998836517334,collected,ok,660,synthetic
12,2026-01-07,003,49.65999984741211,37.74599838256836,none,ok,660,synthetic
13,2026-01-07,003,4.889999866485596,5.9019999504089355,collected,ok,1100,synthetic
14,2026-01-07,003,47.689998626708984,36.915000915527344,none,ok,660,synthetic
15,2026-01-07,003,45.29999923706055,37.231998443603516,none,ok,660,synthetic
16,2026-01-07,004,45.130001068115234,37.15800094604492,none,ok,660,synthetic
17,2026-01-07,004,5.179999828338623,4.539000034332275,collected,ok,660,synthetic
18,2026-01-07,004,7.579999923706055,5.359000205993652,collected,ok,1100,synthetic
19,2026-01-07,004,4.670000076293945,6.359000205993652,collected,ok,1100,synthetic
20,2026-01-07,004,31.829999923706055,45.345001220703125,none,ok,1100,synthetic
21,2026-01-07,005,7.480000019073486,5.693999767303467,collected,ok,1100,synthetic
22,2026-01-07,005,5.510000228881836,0.7760000228881836,collected,ok,240,synthetic
23,2026-01-07,005,3.950000047683716,1.3609999418258667,collected,ok,240,synthetic
24,2026-01-07,005,9.449999809265137,3.742000102996826,collected,ok,660,synthetic
25,2026-01-07,005,56.13999938964844,42.66299819946289,partial,ok,660,synthetic
26,2026-01-07,006,0.0,2.3929998874664307,collected,ok,660,synthetic
27,2026-01-07,006,5.329999923706055,5.9079999923706055,collected,ok,1100,synthetic
28,2026-01-07,006,71.75,56.69300079345703,none,ok,660,synthetic
29,2026-01-07,006,4.329999923706055,4.053999900817871,collected,ok,1100,synthetic
30,2026-01-07,006,6.989999771118164,3.1689999103546143,collected,ok,660,synthetic
31,2026-01-07,007,48.0099983215332,41.59299850463867,none,ok,660,synthetic
32,2026-01-07,007,4.179999828338623,6.979000091552734,collected,ok,1100,synthetic
33,2026-01-07,007,3.680000066757202,2.8259999752044678,collected,ok,660,synthetic
34,2026-01-07,007,50.88999938964844,40.948001861572266,none,ok,660,synthetic
35,2026-01-07,007,63.83000183105469,50.83599853515625,none,ok,660,synthetic
36,2026-01-07,008,0.0,4.086999893188477,collected,ok,1100,synthetic
37,2026-01-07,008,0.0,1.9490000009536743,collected,ok,660,synthetic
38,2026-01-07,008,4.659999847412109,3.384999990463257,collected,ok,660,synthetic
39,2026-01-07,008,5.900000095367432,3.740000009536743,collected,ok,1100,synthetic
40,2026-01-07,008,4.21999979019165,4.309000015258789,collected,ok,1100,synthetic
41,2026-01-07,009,6.809999942779541,3.934999942779541,collected,ok,660,synthetic
42,2026-01-07,009,2.9000000953674316,6.113999843597412,collected,ok,1100,synthetic
43,2026-01-07,009,40.2400016784668,12.07800006866455,none,ok,240,synthetic
44,2026-01-07,009,49.220001220703125,13.970999717712402,none,ok,240,synthetic
45,2026-01-07,009,37.65999984741211,50.483001708984375,none,ok,1100,synthetic
46,2026-01-07,010,3.9700000286102295,3.7990000247955322,collected,ok,660,synthetic
47,2026-01-07,010,5.210000038146973,6.3460001945495605,collected,ok,1100,synthetic
48,2026-01-07,010,5.579999923706055,3.74399995803833,collected,ok,1100,synthetic
49,2026-01-07,010,2.880000114440918,1.9869999885559082,collected,ok,240,synthetic
50,2026-01-07,010,51.20000076293945,69.74700164794922,none,ok,1100,synthetic
1,2026-01-08,001,64.23999786376953,50.698001861572266,none,ok,660,synthetic
2,2026-01-08,001,67.3499984741211,52.30099868774414,none,ok,660,synthetic
3,2026-01-08,001,38.7599983215332,29.767000198364258,none,ok,660,synthetic
4,2026-01-08,001,3.880000114440918,3.0350000858306885,collected,ok,660,synthetic
5,2026-01-08,001,0.0,4.497000217437744,collected,ok,1100,synthetic
6,2026-01-08,002,4.730000019073486,6.443999767303467,collected,ok,1100,synthetic
7,2026-01-08,002,59.93000030517578,46.38100051879883,none,ok,660,synthetic
8,2026-01-08,002,52.0099983215332,69.12799835205078,none,ok,1100,synthetic
9,2026-01-08,002,27.799999237060547,20.054000854492188,none,ok,660,synthetic
10,2026-01-08,002,6.590000152587891,2.986999988555908,collected,ok,660,synthetic
11,2026-01-08,003,50.470001220703125,42.263999938964844,none,ok,660,synthetic
12,2026-01-08,003,4.880000114440918,3.4110000133514404,collected,ok,660,synthetic
13,2026-01-08,003,0.0,5.872000217437744,collected,stuck,1100,synthetic
14,2026-01-08,003,4.349999904632568,3.183000087738037,collected,ok,660,synthetic
15,2026-01-08,003,7.820000171661377,3.6670000553131104,collected,ok,660,synthetic
16,2026-01-08,004,8.460000038146973,4.065999984741211,collected,ok,660,synthetic
17,2026-01-08,004,,,missed,missing,660,synthetic
18,2026-01-08,004,41.349998474121094,55.237998962402344,none,ok,1100,synthetic
19,2026-01-08,004,46.38999938964844,57.70899963378906,none,ok,1100,synthetic
20,2026-01-08,004,3.5199999809265137,5.165999889373779,collected,ok,1100,synthetic
21,2026-01-08,005,53.45000076293945,69.9729995727539,none,ok,1100,synthetic
22,2026-01-08,005,43.79999923706055,12.944000244140625,none,ok,240,synthetic
23,2026-01-08,005,45.66999816894531,12.789999961853027,none,ok,240,synthetic
24,2026-01-08,005,6.269999980926514,4.315999984741211,collected,ok,660,synthetic
25,2026-01-08,005,3.390000104904175,3.696000099182129,collected,ok,660,synthetic
26,2026-01-08,006,35.709999084472656,28.63800048828125,none,ok,660,synthetic
27,2026-01-08,006,38.81999969482422,54.266998291015625,none,ok,1100,synthetic
28,2026-01-08,006,3.2300000190734863,3.867000102996826,collected,ok,660,synthetic
29,2026-01-08,006,30.399999618530273,42.09299850463867,none,ok,1100,synthetic
30,2026-01-08,006,35.939998626708984,30.702999114990234,none,ok,660,synthetic
31,2026-01-08,007,3.5999999046325684,4.439000129699707,collected,ok,660,synthetic
32,2026-01-08,007,49.9900016784668,65.63899993896484,none,ok,1100,synthetic
33,2026-01-08,007,35.849998474121094,29.363000869750977,none,ok,660,synthetic
34,2026-01-08,007,0.3100000023841858,3.2119998931884766,collected,ok,660,synthetic
35,2026-01-08,007,55.18000030517578,43.47100067138672,partial,ok,660,synthetic
36,2026-01-08,008,46.0099983215332,63.83100128173828,none,ok,1100,synthetic
37,2026-01-08,008,26.459999084472656,19.312000274658203,none,ok,660,synthetic
38,2026-01-08,008,42.95000076293945,32.64699935913086,none,ok,660,synthetic
39,2026-01-08,008,40.400001525878906,54.779998779296875,none,ok,1100,synthetic
40,2026-01-08,008,52.43000030517578,66.36599731445312,none,ok,1100,synthetic
41,2026-01-08,009,1.5399999618530273,2.4830000400543213,collected,ok,660,synthetic
42,2026-01-08,009,42.54999923706055,53.5369987487793,none,ok,1100,synthetic
43,2026-01-08,009,6.590000152587891,1.128000020980835,collected,ok,240,synthetic
44,2026-01-08,009,100.0,29.586000442504883,missed,ok,240,synthetic
45,2026-01-08,009,2.7799999713897705,6.047999858856201,collected,ok,1100,synthetic
46,2026-01-08,010,51.61000061035156,38.52299880981445,none,ok,660,synthetic
47,2026-01-08,010,41.16999816894531,55.374000549316406,none,ok,1100,synthetic
48,2026-01-08,010,34.650001525878906,46.979000091552734,none,ok,1100,synthetic
49,2026-01-08,010,72.43000030517578,21.142000198364258,none,ok,240,synthetic
50,2026-01-08,010,5.099999904632568,6.763000011444092,collected,ok,1100,synthetic
1,2026-01-09,001,7.010000228881836,4.2820000648498535,collected,ok,660,synthetic
2,2026-01-09,001,5.139999866485596,4.13100004196167,collected,ok,660,synthetic
3,2026-01-09,001,2.4100000858306885,2.5409998893737793,collected,ok,660,synthetic
4,2026-01-09,001,27.729999542236328,22.360000610351562,none,ok,660,synthetic
5,2026-01-09,001,43.119998931884766,57.62799835205078,none,ok,1100,synthetic
6,2026-01-09,002,66.55999755859375,85.53800201416016,none,ok,1100,synthetic
7,2026-01-09,002,3.9600000381469727,3.7829999923706055,collected,ok,660,synthetic
8,2026-01-09,002,5.75,6.552000045776367,collected,ok,1100,synthetic
9,2026-01-09,002,0.46000000834465027,2.118000030517578,collected,ok,660,synthetic
10,2026-01-09,002,36.06999969482422,28.01799964904785,none,ok,660,synthetic
11,2026-01-09,003,4.369999885559082,4.261000156402588,collected,ok,660,synthetic
12,2026-01-09,003,42.83000183105469,34.35300064086914,none,ok,660,synthetic
13,2026-01-09,003,54.970001220703125,70.2490005493164,none,ok,1100,synthetic
14,2026-01-09,003,41.72999954223633,33.599998474121094,none,ok,660,synthetic
15,2026-01-09,003,51.849998474121094,41.44499969482422,none,ok,660,synthetic
16,2026-01-09,004,43.36000061035156,33.183998107910156,none,ok,660,synthetic
17,2026-01-09,004,5.059999942779541,4.256999969482422,collected,ok,660,synthetic
18,2026-01-09,004,0.7599999904632568,5.255000114440918,collected,ok,1100,synthetic
19,2026-01-09,004,4.340000152587891,5.261000156402588,collected,ok,1100,synthetic
20,2026-01-09,004,54.439998626708984,68.81600189208984,none,ok,1100,synthetic
21,2026-01-09,005,8.170000076293945,6.40500020980835,collected,ok,1100,synthetic
22,2026-01-09,005,4.960000038146973,1.621000051498413,collected,ok,240,synthetic
23,2026-01-09,005,5.690000057220459,1.4789999723434448,collected,ok,240,synthetic
24,2026-01-09,005,60.709999084472656,47.25400161743164,none,ok,660,synthetic
25,2026-01-09,005,3.740000009536743,3.311000108718872,collected,ok,660,synthetic
26,2026-01-09,006,4.710000038146973,2.5739998817443848,collected,ok,660,synthetic
27,2026-01-09,006,6.03000020980835,4.369999885559082,collected,ok,1100,synthetic
28,2026-01-09,006,49.619998931884766,41.69599914550781,none,ok,660,synthetic
29,2026-01-09,006,8.1899995803833,4.563000202178955,collected,ok,1100,synthetic
30,2026-01-09,006,5.96999979019165,4.053999900817871,collected,ok,660,synthetic
31,2026-01-09,007,44.65999984741211,36.744998931884766,none,ok,660,synthetic
32,2026-01-09,007,5.610000133514404,5.901000022888184,collected,ok,1100,synthetic
33,2026-01-09,007,6.599999904632568,3.8550000190734863,collected,ok,660,synthetic
34,2026-01-09,007,50.459999084472656,40.49399948120117,none,ok,660,synthetic
35,2026-01-09,007,1.0399999618530273,3.8959999084472656,collected,ok,660,synthetic
36,2026-01-09,008,2.0799999237060547,5.27400016784668,collected,ok,1100,synthetic
37,2026-01-09,008,2.0,2.055000066757202,collected,ok,660,synthetic
38,2026-01-09,008,3.9800000190734863,3.134000062942505,collected,ok,660,synthetic
39,2026-01-09,008,1.2899999618530273,4.614999771118164,collected,ok,1100,synthetic
40,2026-01-09,008,3.0899999141693115,5.929999828338623,collected,ok,1100,synthetic
41,2026-01-09,009,8.039999961853027,3.6500000953674316,collected,ok,660,synthetic
42,2026-01-09,009,6.550000190734863,5.1479997634887695,collected,ok,1100,synthetic
43,2026-01-09,009,40.91999816894531,11.331999778747559,none,ok,240,synthetic
44,2026-01-09,009,6.909999847412109,1.7999999523162842,collected,ok,240,synthetic
45,2026-01-09,009,46.31999969482422,62.88399887084961,none,ok,1100,synthetic
46,2026-01-09,010,5.980000019073486,4.236999988555908,collected,ok,660,synthetic
47,2026-01-09,010,84.2300033569336,111.00900268554688,missed,ok,1100,synthetic
48,2026-01-09,010,7.610000133514404,5.466000080108643,collected,ok,1100,synthetic
49,2026-01-09,010,2.559999942779541,1.9079999923706055,collected,ok,240,synthetic
50,2026-01-09,010,35.16999816894531,46.83700180053711,none,ok,1100,synthetic
1,2026-01-10,001,83.66000366210938,62.69900131225586,missed,ok,660,synthetic
2,2026-01-10,001,59.56999969482422,47.14699935913086,none,ok,660,synthetic
3,2026-01-10,001,33.22999954223633,26.562000274658203,none,ok,660,synthetic
4,2026-01-10,001,4.309999942779541,2.809000015258789,collected,ok,660,synthetic
5,2026-01-10,001,6.110000133514404,7.051000118255615,collected,ok,1100,synthetic
6,2026-01-10,002,6.710000038146973,6.620999813079834,collected,ok,1100,synthetic
7,2026-01-10,002,5.070000171661377,3.4149999618530273,collected,ok,660,synthetic
8,2026-01-10,002,54.540000915527344,73.43199920654297,none,ok,1100,synthetic
9,2026-01-10,002,40.02000045776367,30.195999145507812,none,ok,660,synthetic
10,2026-01-10,002,4.769999980926514,4.111000061035156,collected,ok,660,synthetic
11,2026-01-10,003,55.560001373291016,42.11899948120117,none,ok,660,synthetic
12,2026-01-10,003,3.1700000762939453,3.7119998931884766,collected,ok,660,synthetic
13,2026-01-10,003,5.559999942779541,6.1570000648498535,collected,ok,1100,synthetic
14,2026-01-10,003,5.090000152587891,3.7750000953674316,collected,ok,660,synthetic
15,2026-01-10,003,6.150000095367432,3.933000087738037,collected,ok,660,synthetic
16,2026-01-10,004,1.5800000429153442,2.947000026702881,collected,ok,660,synthetic
17,2026-01-10,004,1.6200000047683716,3.3299999237060547,collected,ok,660,synthetic
18,2026-01-10,004,48.529998779296875,68.24299621582031,none,ok,1100,synthetic
19,2026-01-10,004,47.38999938964844,60.07699966430664,none,ok,1100,synthetic
20,2026-01-10,004,3.6600000858306885,6.324999809265137,collected,ok,1100,synthetic
21,2026-01-10,005,0.1599999964237213,4.797999858856201,collected,ok,1100,synthetic
22,2026-01-10,005,4.179999828338623,1.0410000085830688,collected,ok,240,synthetic
23,2026-01-10,005,63.75,17.70800018310547,none,ok,240,synthetic
24,2026-01-10,005,9.779999732971191,3.878999948501587,collected,ok,660,synthetic
25,2026-01-10,005,3.430000066757202,3.6649999618530273,collected,ok,660,synthetic
26,2026-01-10,006,38.7599983215332,31.36199951171875,none,ok,660,synthetic
27,2026-01-10,006,50.56999969482422,63.68600082397461,none,ok,1100,synthetic
28,2026-01-10,006,0.699999988079071,4.199999809265137,collected,ok,660,synthetic
29,2026-01-10,006,45.209999084472656,59.29899978637695,none,ok,1100,synthetic
30,2026-01-10,006,51.630001068115234,39.09299850463867,none,ok,660,synthetic
31,2026-01-10,007,0.7300000190734863,3.5390000343322754,collected,ok,660,synthetic
32,2026-01-10,007,65.70999908447266,84.57599639892578,none,ok,1100,synthetic
33,2026-01-10,007,58.40999984741211,48.29199981689453,none,ok,660,synthetic
34,2026-01-10,007,3.140000104904175,3.8529999256134033,collected,ok,660,synthetic
35,2026-01-10,007,49.63999938964844,40.334999084472656,none,ok,660,synthetic
36,2026-01-10,008,34.439998626708984,45.112998962402344,none,ok,1100,synthetic
37,2026-01-10,008,22.25,20.54199981689453,none,ok,660,synthetic
38,2026-01-10,008,41.31999969482422,32.369998931884766,none,ok,660,synthetic
39,2026-01-10,008,25.530000686645508,32.98699951171875,none,ok,1100,synthetic
40,2026-01-10,008,51.2599983215332,64.38700103759766,none,ok,1100,synthetic
41,2026-01-10,009,0.0,2.4560000896453857,collected,ok,660,synthetic
42,2026-01-10,009,47.290000915527344,60.34700012207031,none,ok,1100,synthetic
43,2026-01-10,009,4.739999771118164,1.5230000019073486,collected,ok,240,synthetic
44,2026-01-10,009,38.25,10.104999542236328,none,ok,240,synthetic
45,2026-01-10,009,4.389999866485596,6.619999885559082,collected,ok,1100,synthetic
46,2026-01-10,010,44.959999084472656,40.08399963378906,none,ok,660,synthetic
47,2026-01-10,010,6.900000095367432,6.326000213623047,collected,ok,1100,synthetic
48,2026-01-10,010,43.09000015258789,55.59000015258789,none,ok,1100,synthetic
49,2026-01-10,010,5.380000114440918,1.2970000505447388,collected,ok,240,synthetic
50,2026-01-10,010,2.8499999046325684,3.9739999771118164,collected,ok,1100,synthetic
