table,field,type,city_filter,unit_note
bin_daily_metrics,bin_id,INTEGER,city_id via dim_city; date shared,See docs/two_city_model.md; local IDs are not global keys
bin_daily_metrics,service_date_local,TIMESTAMP,city_id via dim_city; date shared,See docs/two_city_model.md; local IDs are not global keys
bin_daily_metrics,zone_id,VARCHAR,city_id via dim_city; date shared,See docs/two_city_model.md; local IDs are not global keys
bin_daily_metrics,scheduled_readings,BIGINT,city_id via dim_city; date shared,See docs/two_city_model.md; local IDs are not global keys
bin_daily_metrics,received_readings,BIGINT,city_id via dim_city; date shared,See docs/two_city_model.md; local IDs are not global keys
bin_daily_metrics,missing_readings,BIGINT,city_id via dim_city; date shared,See docs/two_city_model.md; local IDs are not global keys
bin_daily_metrics,mean_observed_fill_pct,DOUBLE,city_id via dim_city; date shared,See docs/two_city_model.md; local IDs are not global keys
bin_daily_metrics,max_observed_fill_pct,FLOAT,city_id via dim_city; date shared,See docs/two_city_model.md; local IDs are not global keys
bin_daily_metrics,arrivals_l_simulated,DOUBLE,city_id via dim_city; date shared,See docs/two_city_model.md; local IDs are not global keys
bin_daily_metrics,overflow_l_simulated,DOUBLE,city_id via dim_city; date shared,See docs/two_city_model.md; local IDs are not global keys
bin_daily_metrics,collected_kg_simulated,DOUBLE,city_id via dim_city; date shared,See docs/two_city_model.md; local IDs are not global keys
bin_daily_metrics,successful_collections,BIGINT,city_id via dim_city; date shared,See docs/two_city_model.md; local IDs are not global keys
bin_daily_metrics,missed_collections,BIGINT,city_id via dim_city; date shared,See docs/two_city_model.md; local IDs are not global keys
bin_daily_metrics,data_origin,VARCHAR,city_id via dim_city; date shared,See docs/two_city_model.md; local IDs are not global keys
bin_daily_metrics,city_id,VARCHAR,city_id via dim_city; date shared,See docs/two_city_model.md; local IDs are not global keys
bin_daily_metrics,city_name,VARCHAR,city_id via dim_city; date shared,See docs/two_city_model.md; local IDs are not global keys
bin_daily_metrics,bin_key,VARCHAR,city_id via dim_city; date shared,See docs/two_city_model.md; local IDs are not global keys
bin_daily_metrics,zone_key,VARCHAR,city_id via dim_city; date shared,See docs/two_city_model.md; local IDs are not global keys
city_daily_metrics,city_id,VARCHAR,city_id via dim_city; date shared,See docs/two_city_model.md; local IDs are not global keys
city_daily_metrics,city_name,VARCHAR,city_id via dim_city; date shared,See docs/two_city_model.md; local IDs are not global keys
city_daily_metrics,service_date_local,TIMESTAMP,city_id via dim_city; date shared,See docs/two_city_model.md; local IDs are not global keys
city_daily_metrics,bins,BIGINT,city_id via dim_city; date shared,See docs/two_city_model.md; local IDs are not global keys
city_daily_metrics,generated_l,DOUBLE,city_id via dim_city; date shared,See docs/two_city_model.md; local IDs are not global keys
city_daily_metrics,overflow_l,DOUBLE,city_id via dim_city; date shared,See docs/two_city_model.md; local IDs are not global keys
city_daily_metrics,successful_collections,DOUBLE,city_id via dim_city; date shared,See docs/two_city_model.md; local IDs are not global keys
city_daily_metrics,missed_collections,DOUBLE,city_id via dim_city; date shared,See docs/two_city_model.md; local IDs are not global keys
city_daily_metrics,collected_kg,DOUBLE,city_id via dim_city; date shared,See docs/two_city_model.md; local IDs are not global keys
city_daily_metrics,scheduled_readings,BIGINT,city_id via dim_city; date shared,See docs/two_city_model.md; local IDs are not global keys
city_daily_metrics,received_readings,BIGINT,city_id via dim_city; date shared,See docs/two_city_model.md; local IDs are not global keys
city_daily_metrics,fill_sum_pct,DOUBLE,city_id via dim_city; date shared,See docs/two_city_model.md; local IDs are not global keys
city_daily_metrics,mean_fill_pct,DOUBLE,city_id via dim_city; date shared,See docs/two_city_model.md; local IDs are not global keys
city_daily_metrics,overflow_slots,BIGINT,city_id via dim_city; date shared,See docs/two_city_model.md; local IDs are not global keys
city_daily_metrics,overflow_slot_pct,DOUBLE,city_id via dim_city; date shared,See docs/two_city_model.md; local IDs are not global keys
city_daily_metrics,generated_l_per_bin_day,DOUBLE,city_id via dim_city; date shared,See docs/two_city_model.md; local IDs are not global keys
city_daily_metrics,collections_per_bin_day,DOUBLE,city_id via dim_city; date shared,See docs/two_city_model.md; local IDs are not global keys
city_daily_metrics,data_origin,VARCHAR,city_id via dim_city; date shared,See docs/two_city_model.md; local IDs are not global keys
collection_diagnostics,collection_id,BIGINT,city_id via dim_city; date shared,See docs/two_city_model.md; local IDs are not global keys
collection_diagnostics,bin_id,INTEGER,city_id via dim_city; date shared,See docs/two_city_model.md; local IDs are not global keys
collection_diagnostics,zone_id,VARCHAR,city_id via dim_city; date shared,See docs/two_city_model.md; local IDs are not global keys
collection_diagnostics,service_date_local,TIMESTAMP,city_id via dim_city; date shared,See docs/two_city_model.md; local IDs are not global keys
collection_diagnostics,attempted_at_utc,TIMESTAMP_NS,city_id via dim_city; date shared,See docs/two_city_model.md; local IDs are not global keys
collection_diagnostics,collection_status,VARCHAR,city_id via dim_city; date shared,See docs/two_city_model.md; local IDs are not global keys
collection_diagnostics,collected_kg,FLOAT,city_id via dim_city; date shared,See docs/two_city_model.md; local IDs are not global keys
collection_diagnostics,residual_kg,FLOAT,city_id via dim_city; date shared,See docs/two_city_model.md; local IDs are not global keys
collection_diagnostics,data_origin,VARCHAR,city_id via dim_city; date shared,See docs/two_city_model.md; local IDs are not global keys
collection_diagnostics,city_id,VARCHAR,city_id via dim_city; date shared,See docs/two_city_model.md; local IDs are not global keys
collection_diagnostics,city_name,VARCHAR,city_id via dim_city; date shared,See docs/two_city_model.md; local IDs are not global keys
collection_diagnostics,bin_key,VARCHAR,city_id via dim_city; date shared,See docs/two_city_model.md; local IDs are not global keys
collection_diagnostics,zone_key,VARCHAR,city_id via dim_city; date shared,See docs/two_city_model.md; local IDs are not global keys
collection_diagnostics,collection_key,VARCHAR,city_id via dim_city; date shared,See docs/two_city_model.md; local IDs are not global keys
collection_diagnostics,pre_service_fill_pct,FLOAT,city_id via dim_city; date shared,See docs/two_city_model.md; local IDs are not global keys
collection_diagnostics,overflow_at_attempt,BOOLEAN,city_id via dim_city; date shared,See docs/two_city_model.md; local IDs are not global keys
collection_events,collection_id,BIGINT,city_id via dim_city; date shared,See docs/two_city_model.md; local IDs are not global keys
collection_events,bin_id,INTEGER,city_id via dim_city; date shared,See docs/two_city_model.md; local IDs are not global keys
collection_events,zone_id,VARCHAR,city_id via dim_city; date shared,See docs/two_city_model.md; local IDs are not global keys
collection_events,service_date_local,TIMESTAMP,city_id via dim_city; date shared,See docs/two_city_model.md; local IDs are not global keys
collection_events,attempted_at_utc,TIMESTAMP_NS,city_id via dim_city; date shared,See docs/two_city_model.md; local IDs are not global keys
collection_events,collection_status,VARCHAR,city_id via dim_city; date shared,See docs/two_city_model.md; local IDs are not global keys
collection_events,collected_kg,FLOAT,city_id via dim_city; date shared,See docs/two_city_model.md; local IDs are not global keys
collection_events,residual_kg,FLOAT,city_id via dim_city; date shared,See docs/two_city_model.md; local IDs are not global keys
collection_events,data_origin,VARCHAR,city_id via dim_city; date shared,See docs/two_city_model.md; local IDs are not global keys
collection_events,city_id,VARCHAR,city_id via dim_city; date shared,See docs/two_city_model.md; local IDs are not global keys
collection_events,city_name,VARCHAR,city_id via dim_city; date shared,See docs/two_city_model.md; local IDs are not global keys
collection_events,bin_key,VARCHAR,city_id via dim_city; date shared,See docs/two_city_model.md; local IDs are not global keys
collection_events,zone_key,VARCHAR,city_id via dim_city; date shared,See docs/two_city_model.md; local IDs are not global keys
collection_events,collection_key,VARCHAR,city_id via dim_city; date shared,See docs/two_city_model.md; local IDs are not global keys
collection_priority,bin_id,BIGINT,city_id via dim_city; date shared,See docs/two_city_model.md; local IDs are not global keys
collection_priority,issue_date,VARCHAR,city_id via dim_city; date shared,See docs/two_city_model.md; local IDs are not global keys
collection_priority,current_fill_pct,DOUBLE,city_id via dim_city; date shared,See docs/two_city_model.md; local IDs are not global keys
collection_priority,last_sensor_utc,VARCHAR,city_id via dim_city; date shared,See docs/two_city_model.md; local IDs are not global keys
collection_priority,fill04,DOUBLE,city_id via dim_city; date shared,See docs/two_city_model.md; local IDs are not global keys
collection_priority,fill06,DOUBLE,city_id via dim_city; date shared,See docs/two_city_model.md; local IDs are not global keys
collection_priority,last_service_utc,VARCHAR,city_id via dim_city; date shared,See docs/two_city_model.md; local IDs are not global keys
collection_priority,zone_id,VARCHAR,city_id via dim_city; date shared,See docs/two_city_model.md; local IDs are not global keys
collection_priority,capacity_l,BIGINT,city_id via dim_city; date shared,See docs/two_city_model.md; local IDs are not global keys
collection_priority,issue_time_utc,VARCHAR,city_id via dim_city; date shared,See docs/two_city_model.md; local IDs are not global keys
collection_priority,target_time_utc,VARCHAR,city_id via dim_city; date shared,See docs/two_city_model.md; local IDs are not global keys
collection_priority,target_date,VARCHAR,city_id via dim_city; date shared,See docs/two_city_model.md; local IDs are not global keys
collection_priority,ma7_04,DOUBLE,city_id via dim_city; date shared,See docs/two_city_model.md; local IDs are not global keys
collection_priority,ewm7_04,DOUBLE,city_id via dim_city; date shared,See docs/two_city_model.md; local IDs are not global keys
collection_priority,seasonal7_04,DOUBLE,city_id via dim_city; date shared,See docs/two_city_model.md; local IDs are not global keys
collection_priority,history_growth_pct,DOUBLE,city_id via dim_city; date shared,See docs/two_city_model.md; local IDs are not global keys
collection_priority,recent_growth_pct,DOUBLE,city_id via dim_city; date shared,See docs/two_city_model.md; local IDs are not global keys
collection_priority,hours_since_collection,DOUBLE,city_id via dim_city; date shared,See docs/two_city_model.md; local IDs are not global keys
collection_priority,sensor_age_hours,DOUBLE,city_id via dim_city; date shared,See docs/two_city_model.md; local IDs are not global keys
collection_priority,target_dow_0,BIGINT,city_id via dim_city; date shared,See docs/two_city_model.md; local IDs are not global keys
collection_priority,target_dow_1,BIGINT,city_id via dim_city; date shared,See docs/two_city_model.md; local IDs are not global keys
collection_priority,target_dow_2,BIGINT,city_id via dim_city; date shared,See docs/two_city_model.md; local IDs are not global keys
collection_priority,target_dow_3,BIGINT,city_id via dim_city; date shared,See docs/two_city_model.md; local IDs are not global keys
collection_priority,target_dow_4,BIGINT,city_id via dim_city; date shared,See docs/two_city_model.md; local IDs are not global keys
collection_priority,target_dow_5,BIGINT,city_id via dim_city; date shared,See docs/two_city_model.md; local IDs are not global keys
collection_priority,target_dow_6,BIGINT,city_id via dim_city; date shared,See docs/two_city_model.md; local IDs are not global keys
collection_priority,bin_holdout,BOOLEAN,city_id via dim_city; date shared,See docs/two_city_model.md; local IDs are not global keys
collection_priority,data_origin,VARCHAR,city_id via dim_city; date shared,See docs/two_city_model.md; local IDs are not global keys
collection_priority,prediction_pct,DOUBLE,city_id via dim_city; date shared,See docs/two_city_model.md; local IDs are not global keys
collection_priority,upper80_pct,DOUBLE,city_id via dim_city; date shared,See docs/two_city_model.md; local IDs are not global keys
collection_priority,upper90_pct,DOUBLE,city_id via dim_city; date shared,See docs/two_city_model.md; local IDs are not global keys
collection_priority,upper95_pct,DOUBLE,city_id via dim_city; date shared,See docs/two_city_model.md; local IDs are not global keys
collection_priority,model,VARCHAR,city_id via dim_city; date shared,See docs/two_city_model.md; local IDs are not global keys
collection_priority,network_accessible,BOOLEAN,city_id via dim_city; date shared,See docs/two_city_model.md; local IDs are not global keys
collection_priority,in_routing_pilot,BOOLEAN,city_id via dim_city; date shared,See docs/two_city_model.md; local IDs are not global keys
collection_priority,snap_m,DOUBLE,city_id via dim_city; date shared,See docs/two_city_model.md; local IDs are not global keys
collection_priority,risk_upper_pct,DOUBLE,city_id via dim_city; date shared,See docs/two_city_model.md; local IDs are not global keys
collection_priority,current_trigger,BOOLEAN,city_id via dim_city; date shared,See docs/two_city_model.md; local IDs are not global keys
collection_priority,forecast_trigger,BOOLEAN,city_id via dim_city; date shared,See docs/two_city_model.md; local IDs are not global keys
collection_priority,gap_trigger,BOOLEAN,city_id via dim_city; date shared,See docs/two_city_model.md; local IDs are not global keys
collection_priority,telemetry_trigger,BOOLEAN,city_id via dim_city; date shared,See docs/two_city_model.md; local IDs are not global keys
collection_priority,required,BOOLEAN,city_id via dim_city; date shared,See docs/two_city_model.md; local IDs are not global keys
collection_priority,tier,BIGINT,city_id via dim_city; date shared,See docs/two_city_model.md; local IDs are not global keys
collection_priority,reasons,VARCHAR,city_id via dim_city; date shared,See docs/two_city_model.md; local IDs are not global keys
collection_priority,dispatch_status,VARCHAR,city_id via dim_city; date shared,See docs/two_city_model.md; local IDs are not global keys
collection_priority,priority_rank,BIGINT,city_id via dim_city; date shared,See docs/two_city_model.md; local IDs are not global keys
collection_priority,trigger_pct,BIGINT,city_id via dim_city; date shared,See docs/two_city_model.md; local IDs are not global keys
collection_priority,interval_level,BIGINT,city_id via dim_city; date shared,See docs/two_city_model.md; local IDs are not global keys
collection_priority,max_gap_hours,BIGINT,city_id via dim_city; date shared,See docs/two_city_model.md; local IDs are not global keys
collection_priority,demand_multiplier,DOUBLE,city_id via dim_city; date shared,See docs/two_city_model.md; local IDs are not global keys
collection_priority,city_id,VARCHAR,city_id via dim_city; date shared,See docs/two_city_model.md; local IDs are not global keys
collection_priority,city_name,VARCHAR,city_id via dim_city; date shared,See docs/two_city_model.md; local IDs are not global keys
collection_priority,bin_key,VARCHAR,city_id via dim_city; date shared,See docs/two_city_model.md; local IDs are not global keys
collection_priority,zone_key,VARCHAR,city_id via dim_city; date shared,See docs/two_city_model.md; local IDs are not global keys
collection_priority,price_scope,VARCHAR,city_id via dim_city; date shared,See docs/two_city_model.md; local IDs are not global keys
dim_bin,bin_id,INTEGER,city_id via dim_city; date shared,See docs/two_city_model.md; local IDs are not global keys
dim_bin,zone_id,VARCHAR,city_id via dim_city; date shared,See docs/two_city_model.md; local IDs are not global keys
dim_bin,latitude,DOUBLE,city_id via dim_city; date shared,See docs/two_city_model.md; local IDs are not global keys
dim_bin,longitude,DOUBLE,city_id via dim_city; date shared,See docs/two_city_model.md; local IDs are not global keys
dim_bin,osm_node_id,BIGINT,city_id via dim_city; date shared,See docs/two_city_model.md; local IDs are not global keys
dim_bin,capacity_l,SMALLINT,city_id via dim_city; date shared,See docs/two_city_model.md; local IDs are not global keys
dim_bin,demand_factor,DOUBLE,city_id via dim_city; date shared,See docs/two_city_model.md; local IDs are not global keys
dim_bin,coordinate_origin,VARCHAR,city_id via dim_city; date shared,See docs/two_city_model.md; local IDs are not global keys
dim_bin,data_origin,VARCHAR,city_id via dim_city; date shared,See docs/two_city_model.md; local IDs are not global keys
dim_bin,source_id,VARCHAR,city_id via dim_city; date shared,See docs/two_city_model.md; local IDs are not global keys
dim_bin,scenario,VARCHAR,city_id via dim_city; date shared,See docs/two_city_model.md; local IDs are not global keys
dim_bin,city_id,VARCHAR,city_id via dim_city; date shared,See docs/two_city_model.md; local IDs are not global keys
dim_bin,city_name,VARCHAR,city_id via dim_city; date shared,See docs/two_city_model.md; local IDs are not global keys
dim_bin,bin_key,VARCHAR,city_id via dim_city; date shared,See docs/two_city_model.md; local IDs are not global keys
dim_bin,zone_key,VARCHAR,city_id via dim_city; date shared,See docs/two_city_model.md; local IDs are not global keys
dim_city,city_id,VARCHAR,city_id via dim_city; date shared,See docs/two_city_model.md; local IDs are not global keys
dim_city,city_name,VARCHAR,city_id via dim_city; date shared,See docs/two_city_model.md; local IDs are not global keys
dim_city,district,VARCHAR,city_id via dim_city; date shared,See docs/two_city_model.md; local IDs are not global keys
dim_city,state,VARCHAR,city_id via dim_city; date shared,See docs/two_city_model.md; local IDs are not global keys
dim_city,latitude,DOUBLE,city_id via dim_city; date shared,See docs/two_city_model.md; local IDs are not global keys
dim_city,longitude,DOUBLE,city_id via dim_city; date shared,See docs/two_city_model.md; local IDs are not global keys
dim_city,population_source,VARCHAR,city_id via dim_city; date shared,See docs/two_city_model.md; local IDs are not global keys
dim_city,data_origin,VARCHAR,city_id via dim_city; date shared,See docs/two_city_model.md; local IDs are not global keys
dim_city,coordinate_origin,VARCHAR,city_id via dim_city; date shared,See docs/two_city_model.md; local IDs are not global keys
dim_city,operational_data_origin,VARCHAR,city_id via dim_city; date shared,See docs/two_city_model.md; local IDs are not global keys
dim_date,date,TIMESTAMP_NS,city_id via dim_city; date shared,See docs/two_city_model.md; local IDs are not global keys
dim_location,bin_key,VARCHAR,city_id via dim_city; date shared,See docs/two_city_model.md; local IDs are not global keys
dim_location,bin_id,INTEGER,city_id via dim_city; date shared,See docs/two_city_model.md; local IDs are not global keys
dim_location,city_id,VARCHAR,city_id via dim_city; date shared,See docs/two_city_model.md; local IDs are not global keys
dim_location,city_name,VARCHAR,city_id via dim_city; date shared,See docs/two_city_model.md; local IDs are not global keys
dim_location,latitude,DOUBLE,city_id via dim_city; date shared,See docs/two_city_model.md; local IDs are not global keys
dim_location,longitude,DOUBLE,city_id via dim_city; date shared,See docs/two_city_model.md; local IDs are not global keys
dim_location,osm_node_id,BIGINT,city_id via dim_city; date shared,See docs/two_city_model.md; local IDs are not global keys
dim_location,coordinate_origin,VARCHAR,city_id via dim_city; date shared,See docs/two_city_model.md; local IDs are not global keys
dim_location,data_origin,VARCHAR,city_id via dim_city; date shared,See docs/two_city_model.md; local IDs are not global keys
dim_location,location_key,VARCHAR,city_id via dim_city; date shared,See docs/two_city_model.md; local IDs are not global keys
dim_vehicle,city_id,VARCHAR,city_id via dim_city; date shared,See docs/two_city_model.md; local IDs are not global keys
dim_vehicle,city_name,VARCHAR,city_id via dim_city; date shared,See docs/two_city_model.md; local IDs are not global keys
dim_vehicle,vehicle_key,VARCHAR,city_id via dim_city; date shared,See docs/two_city_model.md; local IDs are not global keys
dim_vehicle,fleet_scope,VARCHAR,city_id via dim_city; date shared,See docs/two_city_model.md; local IDs are not global keys
dim_vehicle,capacity_l,DOUBLE,city_id via dim_city; date shared,See docs/two_city_model.md; local IDs are not global keys
dim_zone,zone_id,VARCHAR,city_id via dim_city; date shared,See docs/two_city_model.md; local IDs are not global keys
dim_zone,source_objectid,DOUBLE,city_id via dim_city; date shared,See docs/two_city_model.md; local IDs are not global keys
dim_zone,area_m2_source,DOUBLE,city_id via dim_city; date shared,See docs/two_city_model.md; local IDs are not global keys
dim_zone,min_lon,DOUBLE,city_id via dim_city; date shared,See docs/two_city_model.md; local IDs are not global keys
dim_zone,min_lat,DOUBLE,city_id via dim_city; date shared,See docs/two_city_model.md; local IDs are not global keys
dim_zone,max_lon,DOUBLE,city_id via dim_city; date shared,See docs/two_city_model.md; local IDs are not global keys
dim_zone,max_lat,DOUBLE,city_id via dim_city; date shared,See docs/two_city_model.md; local IDs are not global keys
dim_zone,data_origin,VARCHAR,city_id via dim_city; date shared,See docs/two_city_model.md; local IDs are not global keys
dim_zone,source_id,VARCHAR,city_id via dim_city; date shared,See docs/two_city_model.md; local IDs are not global keys
dim_zone,boundary_version,VARCHAR,city_id via dim_city; date shared,See docs/two_city_model.md; local IDs are not global keys
dim_zone,city_id,VARCHAR,city_id via dim_city; date shared,See docs/two_city_model.md; local IDs are not global keys
dim_zone,city_name,VARCHAR,city_id via dim_city; date shared,See docs/two_city_model.md; local IDs are not global keys
dim_zone,zone_key,VARCHAR,city_id via dim_city; date shared,See docs/two_city_model.md; local IDs are not global keys
dim_zone,admin_zone_name,VARCHAR,city_id via dim_city; date shared,See docs/two_city_model.md; local IDs are not global keys
dim_zone_ward,zone_id,VARCHAR,city_id via dim_city; date shared,See docs/two_city_model.md; local IDs are not global keys
dim_zone_ward,source_objectid,DOUBLE,city_id via dim_city; date shared,See docs/two_city_model.md; local IDs are not global keys
dim_zone_ward,area_m2_source,DOUBLE,city_id via dim_city; date shared,See docs/two_city_model.md; local IDs are not global keys
dim_zone_ward,min_lon,DOUBLE,city_id via dim_city; date shared,See docs/two_city_model.md; local IDs are not global keys
dim_zone_ward,min_lat,DOUBLE,city_id via dim_city; date shared,See docs/two_city_model.md; local IDs are not global keys
dim_zone_ward,max_lon,DOUBLE,city_id via dim_city; date shared,See docs/two_city_model.md; local IDs are not global keys
dim_zone_ward,max_lat,DOUBLE,city_id via dim_city; date shared,See docs/two_city_model.md; local IDs are not global keys
dim_zone_ward,data_origin,VARCHAR,city_id via dim_city; date shared,See docs/two_city_model.md; local IDs are not global keys
dim_zone_ward,source_id,VARCHAR,city_id via dim_city; date shared,See docs/two_city_model.md; local IDs are not global keys
dim_zone_ward,boundary_version,VARCHAR,city_id via dim_city; date shared,See docs/two_city_model.md; local IDs are not global keys
dim_zone_ward,city_id,VARCHAR,city_id via dim_city; date shared,See docs/two_city_model.md; local IDs are not global keys
dim_zone_ward,city_name,VARCHAR,city_id via dim_city; date shared,See docs/two_city_model.md; local IDs are not global keys
dim_zone_ward,zone_key,VARCHAR,city_id via dim_city; date shared,See docs/two_city_model.md; local IDs are not global keys
dim_zone_ward,admin_zone_name,VARCHAR,city_id via dim_city; date shared,See docs/two_city_model.md; local IDs are not global keys
fact_bin_readings,reading_id,BIGINT,city_id via dim_city; date shared,See docs/two_city_model.md; local IDs are not global keys
fact_bin_readings,bin_id,INTEGER,city_id via dim_city; date shared,See docs/two_city_model.md; local IDs are not global keys
fact_bin_readings,timestamp_utc,TIMESTAMP_NS,city_id via dim_city; date shared,See docs/two_city_model.md; local IDs are not global keys
fact_bin_readings,service_date_local,TIMESTAMP_NS,city_id via dim_city; date shared,See docs/two_city_model.md; local IDs are not global keys
fact_bin_readings,zone_id,VARCHAR,city_id via dim_city; date shared,See docs/two_city_model.md; local IDs are not global keys
fact_bin_readings,fill_level_pct,FLOAT,city_id via dim_city; date shared,See docs/two_city_model.md; local IDs are not global keys
fact_bin_readings,weight_kg,FLOAT,city_id via dim_city; date shared,See docs/two_city_model.md; local IDs are not global keys
fact_bin_readings,temperature_c,FLOAT,city_id via dim_city; date shared,See docs/two_city_model.md; local IDs are not global keys
fact_bin_readings,battery_pct,FLOAT,city_id via dim_city; date shared,See docs/two_city_model.md; local IDs are not global keys
fact_bin_readings,sensor_status,VARCHAR,city_id via dim_city; date shared,See docs/two_city_model.md; local IDs are not global keys
fact_bin_readings,collection_status,VARCHAR,city_id via dim_city; date shared,See docs/two_city_model.md; local IDs are not global keys
fact_bin_readings,data_origin,VARCHAR,city_id via dim_city; date shared,See docs/two_city_model.md; local IDs are not global keys
fact_bin_readings,city_id,VARCHAR,city_id via dim_city; date shared,See docs/two_city_model.md; local IDs are not global keys
fact_bin_readings,city_name,VARCHAR,city_id via dim_city; date shared,See docs/two_city_model.md; local IDs are not global keys
fact_bin_readings,bin_key,VARCHAR,city_id via dim_city; date shared,See docs/two_city_model.md; local IDs are not global keys
fact_bin_readings,zone_key,VARCHAR,city_id via dim_city; date shared,See docs/two_city_model.md; local IDs are not global keys
fact_bin_readings,reading_key,VARCHAR,city_id via dim_city; date shared,See docs/two_city_model.md; local IDs are not global keys
fact_bin_readings,month,VARCHAR,city_id via dim_city; date shared,See docs/two_city_model.md; local IDs are not global keys
fact_bin_readings,year,BIGINT,city_id via dim_city; date shared,See docs/two_city_model.md; local IDs are not global keys
fact_collections,collection_id,BIGINT,city_id via dim_city; date shared,See docs/two_city_model.md; local IDs are not global keys
fact_collections,bin_id,INTEGER,city_id via dim_city; date shared,See docs/two_city_model.md; local IDs are not global keys
fact_collections,zone_id,VARCHAR,city_id via dim_city; date shared,See docs/two_city_model.md; local IDs are not global keys
fact_collections,service_date_local,TIMESTAMP,city_id via dim_city; date shared,See docs/two_city_model.md; local IDs are not global keys
fact_collections,attempted_at_utc,TIMESTAMP_NS,city_id via dim_city; date shared,See docs/two_city_model.md; local IDs are not global keys
fact_collections,collection_status,VARCHAR,city_id via dim_city; date shared,See docs/two_city_model.md; local IDs are not global keys
fact_collections,collected_kg,FLOAT,city_id via dim_city; date shared,See docs/two_city_model.md; local IDs are not global keys
fact_collections,residual_kg,FLOAT,city_id via dim_city; date shared,See docs/two_city_model.md; local IDs are not global keys
fact_collections,data_origin,VARCHAR,city_id via dim_city; date shared,See docs/two_city_model.md; local IDs are not global keys
fact_collections,city_id,VARCHAR,city_id via dim_city; date shared,See docs/two_city_model.md; local IDs are not global keys
fact_collections,city_name,VARCHAR,city_id via dim_city; date shared,See docs/two_city_model.md; local IDs are not global keys
fact_collections,bin_key,VARCHAR,city_id via dim_city; date shared,See docs/two_city_model.md; local IDs are not global keys
fact_collections,zone_key,VARCHAR,city_id via dim_city; date shared,See docs/two_city_model.md; local IDs are not global keys
fact_collections,collection_key,VARCHAR,city_id via dim_city; date shared,See docs/two_city_model.md; local IDs are not global keys
fact_routes,scenario,VARCHAR,city_id via dim_city; date shared,See docs/two_city_model.md; local IDs are not global keys
fact_routes,method,VARCHAR,city_id via dim_city; date shared,See docs/two_city_model.md; local IDs are not global keys
fact_routes,vehicle,BIGINT,city_id via dim_city; date shared,See docs/two_city_model.md; local IDs are not global keys
fact_routes,bins,BIGINT,city_id via dim_city; date shared,See docs/two_city_model.md; local IDs are not global keys
fact_routes,distance_m,DOUBLE,city_id via dim_city; date shared,See docs/two_city_model.md; local IDs are not global keys
fact_routes,travel_seconds,DOUBLE,city_id via dim_city; date shared,See docs/two_city_model.md; local IDs are not global keys
fact_routes,load_l,BIGINT,city_id via dim_city; date shared,See docs/two_city_model.md; local IDs are not global keys
fact_routes,duration_seconds,DOUBLE,city_id via dim_city; date shared,See docs/two_city_model.md; local IDs are not global keys
fact_routes,load_kg_assumed,DOUBLE,city_id via dim_city; date shared,See docs/two_city_model.md; local IDs are not global keys
fact_routes,matrix_indices,VARCHAR,city_id via dim_city; date shared,See docs/two_city_model.md; local IDs are not global keys
fact_routes,data_origin,VARCHAR,city_id via dim_city; date shared,See docs/two_city_model.md; local IDs are not global keys
fact_routes,city_id,VARCHAR,city_id via dim_city; date shared,See docs/two_city_model.md; local IDs are not global keys
fact_routes,city_name,VARCHAR,city_id via dim_city; date shared,See docs/two_city_model.md; local IDs are not global keys
fact_routes,scenario_key,VARCHAR,city_id via dim_city; date shared,See docs/two_city_model.md; local IDs are not global keys
fact_routes,vehicle_key,VARCHAR,city_id via dim_city; date shared,See docs/two_city_model.md; local IDs are not global keys
fact_routes,route_key,VARCHAR,city_id via dim_city; date shared,See docs/two_city_model.md; local IDs are not global keys
fact_routes,volume_utilization_pct,DOUBLE,city_id via dim_city; date shared,See docs/two_city_model.md; local IDs are not global keys
fact_routes,payload_utilization_pct,DOUBLE,city_id via dim_city; date shared,See docs/two_city_model.md; local IDs are not global keys
fact_routes,price_scope,VARCHAR,city_id via dim_city; date shared,See docs/two_city_model.md; local IDs are not global keys
fact_vehicle_operations,scenario,VARCHAR,city_id via dim_city; date shared,See docs/two_city_model.md; local IDs are not global keys
fact_vehicle_operations,method,VARCHAR,city_id via dim_city; date shared,See docs/two_city_model.md; local IDs are not global keys
fact_vehicle_operations,vehicle,BIGINT,city_id via dim_city; date shared,See docs/two_city_model.md; local IDs are not global keys
fact_vehicle_operations,bins,BIGINT,city_id via dim_city; date shared,See docs/two_city_model.md; local IDs are not global keys
fact_vehicle_operations,distance_m,DOUBLE,city_id via dim_city; date shared,See docs/two_city_model.md; local IDs are not global keys
fact_vehicle_operations,travel_seconds,DOUBLE,city_id via dim_city; date shared,See docs/two_city_model.md; local IDs are not global keys
fact_vehicle_operations,load_l,BIGINT,city_id via dim_city; date shared,See docs/two_city_model.md; local IDs are not global keys
fact_vehicle_operations,duration_seconds,DOUBLE,city_id via dim_city; date shared,See docs/two_city_model.md; local IDs are not global keys
fact_vehicle_operations,load_kg_assumed,DOUBLE,city_id via dim_city; date shared,See docs/two_city_model.md; local IDs are not global keys
fact_vehicle_operations,matrix_indices,VARCHAR,city_id via dim_city; date shared,See docs/two_city_model.md; local IDs are not global keys
fact_vehicle_operations,data_origin,VARCHAR,city_id via dim_city; date shared,See docs/two_city_model.md; local IDs are not global keys
fact_vehicle_operations,city_id,VARCHAR,city_id via dim_city; date shared,See docs/two_city_model.md; local IDs are not global keys
fact_vehicle_operations,city_name,VARCHAR,city_id via dim_city; date shared,See docs/two_city_model.md; local IDs are not global keys
fact_vehicle_operations,scenario_key,VARCHAR,city_id via dim_city; date shared,See docs/two_city_model.md; local IDs are not global keys
fact_vehicle_operations,vehicle_key,VARCHAR,city_id via dim_city; date shared,See docs/two_city_model.md; local IDs are not global keys
fact_vehicle_operations,route_key,VARCHAR,city_id via dim_city; date shared,See docs/two_city_model.md; local IDs are not global keys
fact_vehicle_operations,volume_utilization_pct,DOUBLE,city_id via dim_city; date shared,See docs/two_city_model.md; local IDs are not global keys
fact_vehicle_operations,payload_utilization_pct,DOUBLE,city_id via dim_city; date shared,See docs/two_city_model.md; local IDs are not global keys
fact_vehicle_operations,price_scope,VARCHAR,city_id via dim_city; date shared,See docs/two_city_model.md; local IDs are not global keys
fact_weather,date,TIMESTAMP,city_id via dim_city; date shared,See docs/two_city_model.md; local IDs are not global keys
fact_weather,temperature_c,DOUBLE,city_id via dim_city; date shared,See docs/two_city_model.md; local IDs are not global keys
fact_weather,rainfall_mm,DOUBLE,city_id via dim_city; date shared,See docs/two_city_model.md; local IDs are not global keys
fact_weather,data_origin,VARCHAR,city_id via dim_city; date shared,See docs/two_city_model.md; local IDs are not global keys
fact_weather,source_id,VARCHAR,city_id via dim_city; date shared,See docs/two_city_model.md; local IDs are not global keys
fact_weather,latitude,DOUBLE,city_id via dim_city; date shared,See docs/two_city_model.md; local IDs are not global keys
fact_weather,longitude,DOUBLE,city_id via dim_city; date shared,See docs/two_city_model.md; local IDs are not global keys
fact_weather,city_id,VARCHAR,city_id via dim_city; date shared,See docs/two_city_model.md; local IDs are not global keys
fact_weather,city_name,VARCHAR,city_id via dim_city; date shared,See docs/two_city_model.md; local IDs are not global keys
forecast_evaluation,split,VARCHAR,city_id via dim_city; date shared,See docs/two_city_model.md; local IDs are not global keys
forecast_evaluation,group,VARCHAR,city_id via dim_city; date shared,See docs/two_city_model.md; local IDs are not global keys
forecast_evaluation,model,VARCHAR,city_id via dim_city; date shared,See docs/two_city_model.md; local IDs are not global keys
forecast_evaluation,n,BIGINT,city_id via dim_city; date shared,See docs/two_city_model.md; local IDs are not global keys
forecast_evaluation,mae_pct_points,DOUBLE,city_id via dim_city; date shared,See docs/two_city_model.md; local IDs are not global keys
forecast_evaluation,rmse_pct_points,DOUBLE,city_id via dim_city; date shared,See docs/two_city_model.md; local IDs are not global keys
forecast_evaluation,wape_pct,DOUBLE,city_id via dim_city; date shared,See docs/two_city_model.md; local IDs are not global keys
forecast_evaluation,near_full_recall,DOUBLE,city_id via dim_city; date shared,See docs/two_city_model.md; local IDs are not global keys
forecast_evaluation,city_id,VARCHAR,city_id via dim_city; date shared,See docs/two_city_model.md; local IDs are not global keys
forecast_evaluation,city_name,VARCHAR,city_id via dim_city; date shared,See docs/two_city_model.md; local IDs are not global keys
forecast_evaluation,price_scope,VARCHAR,city_id via dim_city; date shared,See docs/two_city_model.md; local IDs are not global keys
overflow_comparison,scenario,VARCHAR,city_id via dim_city; date shared,See docs/two_city_model.md; local IDs are not global keys
overflow_comparison,baseline_overflow_l,DOUBLE,city_id via dim_city; date shared,See docs/two_city_model.md; local IDs are not global keys
overflow_comparison,optimized_overflow_l,DOUBLE,city_id via dim_city; date shared,See docs/two_city_model.md; local IDs are not global keys
overflow_comparison,overflow_l_avoided_modelled,DOUBLE,city_id via dim_city; date shared,See docs/two_city_model.md; local IDs are not global keys
overflow_comparison,data_origin,VARCHAR,city_id via dim_city; date shared,See docs/two_city_model.md; local IDs are not global keys
overflow_comparison,scope,VARCHAR,city_id via dim_city; date shared,See docs/two_city_model.md; local IDs are not global keys
overflow_comparison,city_id,VARCHAR,city_id via dim_city; date shared,See docs/two_city_model.md; local IDs are not global keys
overflow_comparison,city_name,VARCHAR,city_id via dim_city; date shared,See docs/two_city_model.md; local IDs are not global keys
overflow_comparison,scenario_key,VARCHAR,city_id via dim_city; date shared,See docs/two_city_model.md; local IDs are not global keys
overflow_comparison,price_scope,VARCHAR,city_id via dim_city; date shared,See docs/two_city_model.md; local IDs are not global keys
route_daily_metrics,service_date_local,TIMESTAMP,city_id via dim_city; date shared,See docs/two_city_model.md; local IDs are not global keys
route_daily_metrics,vehicle_id,INTEGER,city_id via dim_city; date shared,See docs/two_city_model.md; local IDs are not global keys
route_daily_metrics,route_id,VARCHAR,city_id via dim_city; date shared,See docs/two_city_model.md; local IDs are not global keys
route_daily_metrics,service_attempts,BIGINT,city_id via dim_city; date shared,See docs/two_city_model.md; local IDs are not global keys
route_daily_metrics,successful_stops,BIGINT,city_id via dim_city; date shared,See docs/two_city_model.md; local IDs are not global keys
route_daily_metrics,missed_stops,BIGINT,city_id via dim_city; date shared,See docs/two_city_model.md; local IDs are not global keys
route_daily_metrics,collected_kg_simulated,DOUBLE,city_id via dim_city; date shared,See docs/two_city_model.md; local IDs are not global keys
route_daily_metrics,distance_km_assumed,DOUBLE,city_id via dim_city; date shared,See docs/two_city_model.md; local IDs are not global keys
route_daily_metrics,distance_origin,VARCHAR,city_id via dim_city; date shared,See docs/two_city_model.md; local IDs are not global keys
route_daily_metrics,data_origin,VARCHAR,city_id via dim_city; date shared,See docs/two_city_model.md; local IDs are not global keys
route_daily_metrics,city_id,VARCHAR,city_id via dim_city; date shared,See docs/two_city_model.md; local IDs are not global keys
route_daily_metrics,city_name,VARCHAR,city_id via dim_city; date shared,See docs/two_city_model.md; local IDs are not global keys
route_daily_metrics,route_key,VARCHAR,city_id via dim_city; date shared,See docs/two_city_model.md; local IDs are not global keys
route_daily_metrics,vehicle_key,VARCHAR,city_id via dim_city; date shared,See docs/two_city_model.md; local IDs are not global keys
route_scenarios,scenario,VARCHAR,city_id via dim_city; date shared,See docs/two_city_model.md; local IDs are not global keys
route_scenarios,vehicles_available,BIGINT,city_id via dim_city; date shared,See docs/two_city_model.md; local IDs are not global keys
route_scenarios,trigger_pct,BIGINT,city_id via dim_city; date shared,See docs/two_city_model.md; local IDs are not global keys
route_scenarios,demand_multiplier,DOUBLE,city_id via dim_city; date shared,See docs/two_city_model.md; local IDs are not global keys
route_scenarios,fuel_price_multiplier,DOUBLE,city_id via dim_city; date shared,See docs/two_city_model.md; local IDs are not global keys
route_scenarios,required_bins,BIGINT,city_id via dim_city; date shared,See docs/two_city_model.md; local IDs are not global keys
route_scenarios,full_capacity_l_required,BIGINT,city_id via dim_city; date shared,See docs/two_city_model.md; local IDs are not global keys
route_scenarios,data_origin,VARCHAR,city_id via dim_city; date shared,See docs/two_city_model.md; local IDs are not global keys
route_scenarios,distance_origin,VARCHAR,city_id via dim_city; date shared,See docs/two_city_model.md; local IDs are not global keys
route_scenarios,solver_status,DOUBLE,city_id via dim_city; date shared,See docs/two_city_model.md; local IDs are not global keys
route_scenarios,runtime_seconds,DOUBLE,city_id via dim_city; date shared,See docs/two_city_model.md; local IDs are not global keys
route_scenarios,optimality,VARCHAR,city_id via dim_city; date shared,See docs/two_city_model.md; local IDs are not global keys
route_scenarios,status,VARCHAR,city_id via dim_city; date shared,See docs/two_city_model.md; local IDs are not global keys
route_scenarios,bins_serviced,BIGINT,city_id via dim_city; date shared,See docs/two_city_model.md; local IDs are not global keys
route_scenarios,baseline_complete,BOOLEAN,city_id via dim_city; date shared,See docs/two_city_model.md; local IDs are not global keys
route_scenarios,baseline_km,DOUBLE,city_id via dim_city; date shared,See docs/two_city_model.md; local IDs are not global keys
route_scenarios,baseline_vehicle_hours,DOUBLE,city_id via dim_city; date shared,See docs/two_city_model.md; local IDs are not global keys
route_scenarios,baseline_travel_hours,DOUBLE,city_id via dim_city; date shared,See docs/two_city_model.md; local IDs are not global keys
route_scenarios,optimized_km,DOUBLE,city_id via dim_city; date shared,See docs/two_city_model.md; local IDs are not global keys
route_scenarios,optimized_vehicle_hours,DOUBLE,city_id via dim_city; date shared,See docs/two_city_model.md; local IDs are not global keys
route_scenarios,optimized_travel_hours,DOUBLE,city_id via dim_city; date shared,See docs/two_city_model.md; local IDs are not global keys
route_scenarios,km_saved,DOUBLE,city_id via dim_city; date shared,See docs/two_city_model.md; local IDs are not global keys
route_scenarios,distance_reduction_pct,DOUBLE,city_id via dim_city; date shared,See docs/two_city_model.md; local IDs are not global keys
route_scenarios,travel_hours_saved,DOUBLE,city_id via dim_city; date shared,See docs/two_city_model.md; local IDs are not global keys
route_scenarios,vehicle_hours_saved,DOUBLE,city_id via dim_city; date shared,See docs/two_city_model.md; local IDs are not global keys
route_scenarios,fuel_l_saved_assumed,DOUBLE,city_id via dim_city; date shared,See docs/two_city_model.md; local IDs are not global keys
route_scenarios,fuel_cost_inr_saved_historical_proxy,DOUBLE,city_id via dim_city; date shared,See docs/two_city_model.md; local IDs are not global keys
route_scenarios,tailpipe_co2_kg_saved_proxy,DOUBLE,city_id via dim_city; date shared,See docs/two_city_model.md; local IDs are not global keys
route_scenarios,reason,VARCHAR,city_id via dim_city; date shared,See docs/two_city_model.md; local IDs are not global keys
route_scenarios,city_id,VARCHAR,city_id via dim_city; date shared,See docs/two_city_model.md; local IDs are not global keys
route_scenarios,city_name,VARCHAR,city_id via dim_city; date shared,See docs/two_city_model.md; local IDs are not global keys
route_scenarios,scenario_key,VARCHAR,city_id via dim_city; date shared,See docs/two_city_model.md; local IDs are not global keys
route_scenarios,price_scope,VARCHAR,city_id via dim_city; date shared,See docs/two_city_model.md; local IDs are not global keys
route_stops,scenario,VARCHAR,city_id via dim_city; date shared,See docs/two_city_model.md; local IDs are not global keys
route_stops,method,VARCHAR,city_id via dim_city; date shared,See docs/two_city_model.md; local IDs are not global keys
route_stops,vehicle,BIGINT,city_id via dim_city; date shared,See docs/two_city_model.md; local IDs are not global keys
route_stops,stop_sequence,BIGINT,city_id via dim_city; date shared,See docs/two_city_model.md; local IDs are not global keys
route_stops,matrix_index,BIGINT,city_id via dim_city; date shared,See docs/two_city_model.md; local IDs are not global keys
route_stops,bin_id,BIGINT,city_id via dim_city; date shared,See docs/two_city_model.md; local IDs are not global keys
route_stops,arrival_minutes_after_0800,DOUBLE,city_id via dim_city; date shared,See docs/two_city_model.md; local IDs are not global keys
route_stops,planned_capacity_l,BIGINT,city_id via dim_city; date shared,See docs/two_city_model.md; local IDs are not global keys
route_stops,data_origin,VARCHAR,city_id via dim_city; date shared,See docs/two_city_model.md; local IDs are not global keys
route_stops,city_id,VARCHAR,city_id via dim_city; date shared,See docs/two_city_model.md; local IDs are not global keys
route_stops,city_name,VARCHAR,city_id via dim_city; date shared,See docs/two_city_model.md; local IDs are not global keys
route_stops,bin_key,VARCHAR,city_id via dim_city; date shared,See docs/two_city_model.md; local IDs are not global keys
route_stops,scenario_key,VARCHAR,city_id via dim_city; date shared,See docs/two_city_model.md; local IDs are not global keys
route_stops,vehicle_key,VARCHAR,city_id via dim_city; date shared,See docs/two_city_model.md; local IDs are not global keys
route_stops,price_scope,VARCHAR,city_id via dim_city; date shared,See docs/two_city_model.md; local IDs are not global keys
simulation_truth,reading_id,BIGINT,city_id via dim_city; date shared,See docs/two_city_model.md; local IDs are not global keys
simulation_truth,bin_id,INTEGER,city_id via dim_city; date shared,See docs/two_city_model.md; local IDs are not global keys
simulation_truth,timestamp_utc,TIMESTAMP_NS,city_id via dim_city; date shared,See docs/two_city_model.md; local IDs are not global keys
simulation_truth,service_date_local,TIMESTAMP_NS,city_id via dim_city; date shared,See docs/two_city_model.md; local IDs are not global keys
simulation_truth,arrivals_l_true,FLOAT,city_id via dim_city; date shared,See docs/two_city_model.md; local IDs are not global keys
simulation_truth,inventory_l_true,FLOAT,city_id via dim_city; date shared,See docs/two_city_model.md; local IDs are not global keys
simulation_truth,overflow_l_true,FLOAT,city_id via dim_city; date shared,See docs/two_city_model.md; local IDs are not global keys
simulation_truth,removed_l_true,FLOAT,city_id via dim_city; date shared,See docs/two_city_model.md; local IDs are not global keys
simulation_truth,capacity_l,SMALLINT,city_id via dim_city; date shared,See docs/two_city_model.md; local IDs are not global keys
simulation_truth,data_origin,VARCHAR,city_id via dim_city; date shared,See docs/two_city_model.md; local IDs are not global keys
simulation_truth,month,VARCHAR,city_id via dim_city; date shared,See docs/two_city_model.md; local IDs are not global keys
simulation_truth,year,BIGINT,city_id via dim_city; date shared,See docs/two_city_model.md; local IDs are not global keys
simulation_truth,city_id,VARCHAR,city_id via dim_city; date shared,See docs/two_city_model.md; local IDs are not global keys
simulation_truth,city_name,VARCHAR,city_id via dim_city; date shared,See docs/two_city_model.md; local IDs are not global keys
simulation_truth,reading_key,VARCHAR,city_id via dim_city; date shared,See docs/two_city_model.md; local IDs are not global keys
simulation_truth,bin_key,VARCHAR,city_id via dim_city; date shared,See docs/two_city_model.md; local IDs are not global keys
vehicle_daily_metrics,service_date_local,TIMESTAMP,city_id via dim_city; date shared,See docs/two_city_model.md; local IDs are not global keys
vehicle_daily_metrics,vehicle_id,INTEGER,city_id via dim_city; date shared,See docs/two_city_model.md; local IDs are not global keys
vehicle_daily_metrics,routes,BIGINT,city_id via dim_city; date shared,See docs/two_city_model.md; local IDs are not global keys
vehicle_daily_metrics,service_attempts,DOUBLE,city_id via dim_city; date shared,See docs/two_city_model.md; local IDs are not global keys
vehicle_daily_metrics,successful_stops,DOUBLE,city_id via dim_city; date shared,See docs/two_city_model.md; local IDs are not global keys
vehicle_daily_metrics,collected_kg_simulated,DOUBLE,city_id via dim_city; date shared,See docs/two_city_model.md; local IDs are not global keys
vehicle_daily_metrics,distance_km_assumed,DOUBLE,city_id via dim_city; date shared,See docs/two_city_model.md; local IDs are not global keys
vehicle_daily_metrics,diesel_l_assumed,DOUBLE,city_id via dim_city; date shared,See docs/two_city_model.md; local IDs are not global keys
vehicle_daily_metrics,data_origin,VARCHAR,city_id via dim_city; date shared,See docs/two_city_model.md; local IDs are not global keys
vehicle_daily_metrics,city_id,VARCHAR,city_id via dim_city; date shared,See docs/two_city_model.md; local IDs are not global keys
vehicle_daily_metrics,city_name,VARCHAR,city_id via dim_city; date shared,See docs/two_city_model.md; local IDs are not global keys
vehicle_daily_metrics,vehicle_key,VARCHAR,city_id via dim_city; date shared,See docs/two_city_model.md; local IDs are not global keys
zone_daily_metrics,zone_id,VARCHAR,city_id via dim_city; date shared,See docs/two_city_model.md; local IDs are not global keys
zone_daily_metrics,service_date_local,TIMESTAMP,city_id via dim_city; date shared,See docs/two_city_model.md; local IDs are not global keys
zone_daily_metrics,bins,BIGINT,city_id via dim_city; date shared,See docs/two_city_model.md; local IDs are not global keys
zone_daily_metrics,scheduled_readings,DOUBLE,city_id via dim_city; date shared,See docs/two_city_model.md; local IDs are not global keys
zone_daily_metrics,received_readings,DOUBLE,city_id via dim_city; date shared,See docs/two_city_model.md; local IDs are not global keys
zone_daily_metrics,missing_readings,DOUBLE,city_id via dim_city; date shared,See docs/two_city_model.md; local IDs are not global keys
zone_daily_metrics,arrivals_l_simulated,DOUBLE,city_id via dim_city; date shared,See docs/two_city_model.md; local IDs are not global keys
zone_daily_metrics,overflow_l_simulated,DOUBLE,city_id via dim_city; date shared,See docs/two_city_model.md; local IDs are not global keys
zone_daily_metrics,collected_kg_simulated,DOUBLE,city_id via dim_city; date shared,See docs/two_city_model.md; local IDs are not global keys
zone_daily_metrics,successful_collections,DOUBLE,city_id via dim_city; date shared,See docs/two_city_model.md; local IDs are not global keys
zone_daily_metrics,missed_collections,DOUBLE,city_id via dim_city; date shared,See docs/two_city_model.md; local IDs are not global keys
zone_daily_metrics,data_origin,VARCHAR,city_id via dim_city; date shared,See docs/two_city_model.md; local IDs are not global keys
zone_daily_metrics,city_id,VARCHAR,city_id via dim_city; date shared,See docs/two_city_model.md; local IDs are not global keys
zone_daily_metrics,city_name,VARCHAR,city_id via dim_city; date shared,See docs/two_city_model.md; local IDs are not global keys
zone_daily_metrics,zone_key,VARCHAR,city_id via dim_city; date shared,See docs/two_city_model.md; local IDs are not global keys
